"0077c9b4-4bb1-4e5d-a265-ce12639e64b5"	"ku"	"360538"	"floyd, 2 mi n, 4.5 mi e"	43.15404	-92.64237	"united states"	"iowa"	"floyd"	NA	NA	"sapindaceae"	"acer"	"saccharinum"	NA	"acer saccharinum"
"00eb60bb-0d43-4b5c-bf23-1c828d92ec92"	"mwi"	"mwi00024157"	"macomb, western illinois university, lake ruth, edge of south side"	42.57778	-88.92222	"united states"	"illinois"	"mcdonough"	"macomb"	10	"sapindaceae"	"acer"	"saccharinum"	NA	"acer saccharinum"
"01536414-3bc7-4f51-ba1c-532eec4a6504"	"ypm"	"yu.057777"	"wooded border of abandoned field, wethersfield meadows"	41.7011	-72.6703	"united states"	"connecticut"	"hartford county"	"wethersfield"	4657	"sapindaceae"	"acer"	"saccharinum"	NA	"acer saccharinum"
"02830fa0-487e-45c5-9f15-0b731071dee0"	"ku"	"102552"	"pittsburg, 3 mi n"	37.45466	-94.70474	"united states"	"kansas"	"crawford"	NA	NA	"sapindaceae"	"acer"	"saccharinum"	NA	"acer saccharinum"
"02c705fa-548a-4a70-aa48-dfc28aa4b3aa"	"ills"	NA	"mcclugage bridge boltonia decurrens population census - west side of river."	40.722	-89.5522	"united states"	"illinois"	"peoria"	NA	NA	"aceraceae"	"acer"	"saccharinum"	NA	"acer saccharinum"
"035eede3-f51d-4aaf-9548-ad5295149f73"	"kstc"	"17368"	"altoona, 1 mi s"	37.5085	-95.65573	"united states"	"kansas"	"wilson"	NA	NA	"sapindaceae"	"acer"	"saccharinum"	NA	"acer saccharinum"
"03b4fc47-e31a-471f-b505-74771af3e3eb"	"uconn"	"conn00056212"	"lancaster"	40.03777	-76.30583	"united states"	"pennsylvania"	"lancaster county"	"lancaster"	20000	"aceraceae"	"acer"	"saccharinum"	NA	"acer saccharinum l."
"052b2fae-21f0-40b2-9b07-4eec9c60e3b3"	"mwi"	"mwi00053337"	"macomb, west on river road, area under bridge"	42.32222	-87.83611	"united states"	"illinois"	"mcdonough"	"macomb"	10	"sapindaceae"	"acer"	"saccharinum"	NA	"acer saccharinum"
"05e38087-e7f2-4678-b610-0014fe261992"	"ypm"	"cbs.026022"	NA	41.3791	-72.5782	"united states"	"connecticut"	"middlesex county"	"killingworth"	9115	"sapindaceae"	"acer"	"saccharinum"	NA	"acer saccharinum"
"05eb8b9e-888b-43d4-99dc-cfe59a0bb111"	"ku"	"42306"	"t34s, r25e, sec 19, e central part"	37.067582	-94.708493	"united states"	"kansas"	"cherokee"	NA	NA	"sapindaceae"	"acer"	"saccharinum"	NA	"acer saccharinum"
"068ed37b-b274-4b25-b31a-ef67b9d47124"	"ny"	"1070719"	"ca 7 km (by air) w of new york/connecticut state border and ca 10 km (by air) n of putnam/westchester county border, ice pond conservation area, e of ice pond road, n of route 312 and w of ice pond"	41.451491	-73.615408	"united states"	"new york"	"putnam co."	NA	NA	"aceraceae"	"acer"	"saccharinum"	NA	"acer saccharinum l."
"06a2aa73-c1a5-4b64-8896-449f7125a1fc"	"ypm"	"cbs.026006"	NA	41.2069	-73.4399	"united states"	"connecticut"	"fairfield county"	"wilton"	6445	"sapindaceae"	"acer"	"saccharinum"	"laciniatum"	"acer saccharinum var. laciniatum"
"06f3af1d-20f1-404c-a431-2dfa4a006269"	"ku"	"111813"	"galena, 1 mi s; schermerhorn park and immediate vicinity"	37.042076	-94.635536	"united states"	"kansas"	"cherokee"	NA	NA	"sapindaceae"	"acer"	"saccharinum"	NA	"acer saccharinum"
"092e9db6-affc-49ed-93bc-a824706f31b0"	"mary"	"57213"	"riverfront park"	39.0913889	-76.8313889	"united states"	"maryland"	"prince george's county"	NA	NA	"sapindaceae"	"acer"	"saccharinum"	NA	"acer saccharinum"
"0a386727-088d-4058-aa4c-51b52843ead9"	"mary"	"13673"	"emmitsburg"	39.7044444	-77.3266667	"united states"	"maryland"	"frederick county"	NA	NA	"sapindaceae"	"acer"	"saccharinum"	NA	"acer saccharinum"
"0a8dbf5b-37f5-46b1-af51-493ce755ec6d"	"ny"	"01400857"	"between woodland park and singac, along the passaic river and riverview dr."	40.88703	-74.22414	"united states"	"new jersey"	"bergen co."	NA	NA	"aceraceae"	"acer"	"saccharinum"	NA	"acer saccharinum l."
"0aa21f8d-4377-40d5-8cda-5c639143d050"	"ypm"	"cbs.025871"	"north main street"	41.605	-72.88	"united states"	"connecticut"	"hartford county"	"southington"	7725	"sapindaceae"	"acer"	"saccharinum"	NA	"acer saccharinum"
"0f2b999e-a616-4f42-bc3f-5d7bcf3a545c"	"mwi"	"mwi00050277"	NA	40.46667	-89.21667	"united states"	"illinois"	"mcdonough"	NA	1852	"sapindaceae"	"acer"	"saccharinum"	NA	"acer saccharinum"
"0f3a5453-e064-42a7-aff0-cda62761133d"	"uconn"	"conn00078799"	"university of connecticut"	41.80916	-72.25361	"united states"	"connecticut"	"tolland county"	"mansfield, storrs"	5000	"aceraceae"	"acer"	"saccharinum"	NA	"acer saccharinum l."
"0f677e6f-db71-4319-a233-2a79102269d5"	"uconn"	"conn00084259"	"argonne park"	40.89583	-73.99277	"united states"	"new jersey"	"bergen"	NA	20000	"aceraceae"	"acer"	"saccharinum"	NA	"acer saccharinum l."
"0f92b93f-fbe2-4d61-a40a-b4f22d103b8a"	"ku"	"42211"	"parsons, 2.0 mi n, 6.0 mi e"	37.35789	-95.20475	"united states"	"kansas"	"labette"	NA	NA	"sapindaceae"	"acer"	"saccharinum"	NA	"acer saccharinum"
"0faef1a4-3637-4e29-bbb4-7d5d4f2eb79d"	"ku"	"312730"	"new stanton, 1 mi sw"	38.2527	-95.75481	"united states"	"kansas"	"coffey"	NA	NA	"sapindaceae"	"acer"	"saccharinum"	NA	"acer saccharinum"
"0fd2aa2c-1b96-48ba-9828-40bc7eaff091"	"ypm"	"cbs.025994"	"beside river"	41.7661	-72.6833	"united states"	"connecticut"	"hartford county"	"hartford"	5419	"sapindaceae"	"acer"	"saccharinum"	NA	"acer saccharinum"
"1070d97f-54f4-4cb0-9892-a4b5106e3642"	"ku"	"42216"	"erie, 2 mi w"	37.57035	-95.27941	"united states"	"kansas"	"neosho"	NA	NA	"sapindaceae"	"acer"	"saccharinum"	NA	"acer saccharinum"
"11c5ca11-795a-4ded-8f79-10db26f5dc97"	"ku"	"42277"	"niotaze, n edge"	37.06783	-96.0147	"united states"	"kansas"	"chautauqua"	NA	NA	"sapindaceae"	"acer"	"saccharinum"	NA	"acer saccharinum"
"1223919b-0bd1-42c4-a9aa-4baea9ff561c"	"ku"	"42293"	"t18s, r16e, sec 5"	38.51434	-95.665517	"united states"	"kansas"	"osage"	NA	NA	"sapindaceae"	"acer"	"saccharinum"	NA	"acer saccharinum"
"12c4741a-ce44-4415-985c-c9dea49ffce2"	"uconn"	"conn00078895"	"richmond, markle yard, 528 national road west"	39.82888	-84.89027	"united states"	"indiana"	"wayne county"	"richmond"	20000	"aceraceae"	"acer"	"saccharinum"	NA	"acer saccharinum l."
"14251b4f-34e8-4d49-8e07-2a3c79e81ab9"	"uconn"	"conn00078822"	"bank of housatonic river, oxford"	41.39138	-73.18333	"united states"	"connecticut"	"new haven county"	"oxford"	20000	"aceraceae"	"acer"	"saccharinum"	NA	"acer saccharinum l."
"15b49b76-374a-4160-8a6a-ff0bd31b42ce"	"ku"	"42209"	"carbondale, 0.5 mi s"	38.80971	-95.69232	"united states"	"kansas"	"osage"	NA	NA	"sapindaceae"	"acer"	"saccharinum"	NA	"acer saccharinum"
"15b4d090-a649-442e-a9d9-f7757f6c4a0e"	"ku"	"324676"	"blue mound, 1 mi n, 1 mi w"	38.1042	-95.025	"united states"	"kansas"	"linn"	NA	NA	"sapindaceae"	"acer"	"saccharinum"	NA	"acer saccharinum"
"16d27ce0-0e65-4e6f-b660-6c589e0d8dc6"	"ypm"	"cbs.025993"	NA	41.367	-72.717	"united states"	"connecticut"	"new haven county"	"north guilford"	5062	"sapindaceae"	"acer"	"saccharinum"	NA	"acer saccharinum"
"16d84b03-50f7-4fd0-ac14-a8750237422c"	"uconn"	"conn00078892"	"south wethersfield, rocky bank, west side of connecticut river"	41.69027	-72.65611	"united states"	"connecticut"	"hartford county"	"wethersfield"	5000	"aceraceae"	"acer"	"saccharinum"	NA	"acer saccharinum l."
"183d3d64-1dd2-4f5b-9d5c-46b0ce6f2a9a"	"ypm"	"cbs.025991"	NA	41.7907	-72.854	"united states"	"connecticut"	"hartford county"	"avon"	6359	"sapindaceae"	"acer"	"saccharinum"	NA	"acer saccharinum"
"183d785e-010c-4380-b4ab-9c0822efcf1f"	"uconn"	"conn00078797"	"connecticut river, enfield flood plain of connecticut river south of massachusetts border."	41.99	-72.60361	"united states"	"connecticut"	"hartford county"	"enfield"	20000	"aceraceae"	"acer"	"saccharinum"	NA	"acer saccharinum l."
"18527a90-a176-4c9d-92c1-9a18abe76978"	"ypm"	"yu.057800"	NA	41.7413	-73.1931	"united states"	"connecticut"	"litchfield county"	"litchfield"	11151	"sapindaceae"	"acer"	"saccharinum"	NA	"acer saccharinum"
"18d9abaf-5078-4238-a914-cfbf488f42a0"	"ypm"	"yu.057774"	"western side of whitney ave. where cottage street intercepts"	41.3114	-72.9247	"united states"	"connecticut"	"new haven county"	"new haven"	7484	"sapindaceae"	"acer"	"saccharinum"	NA	"acer saccharinum"
"19122439-dfe7-47d7-9c57-29dfb8e76768"	"uconn"	"conn00078806"	"farmington river, gifford pinchot sycamore park"	41.84694	-72.80361	"united states"	"connecticut"	"hartford"	"simsbury"	5000	"aceraceae"	"acer"	"saccharinum"	NA	"acer saccharinum l."
"19613cfd-fabc-45cf-b6fc-afbf550859a5"	"ucd"	"ucd117141"	"sacramento county: between the north side of the american river and william pond, in the american river parkway at arden way entrance"	38.33	-121.22	"united states"	"california"	"sacramento"	NA	NA	"sapindaceae"	"acer"	"saccharinum"	NA	"acer saccharinum"
"19bdce84-5d84-47c8-bb51-6f5e4302eef6"	"mwi"	"mwi00051463"	"north of castleton, 1250n, 0.7 miles east of 1450e"	42.04444	-86.99167	"united states"	"illinois"	"stark"	"north of castleton"	10	"sapindaceae"	"acer"	"saccharinum"	NA	"acer saccharinum"
"1a1b7e07-79b1-4f76-9f2e-740663ede0f0"	"ypm"	"cbs.026001"	NA	41.9945	-72.6788	"united states"	"connecticut"	"hartford county"	"suffield"	8341	"sapindaceae"	"acer"	"saccharinum"	NA	"acer saccharinum"
"1a3adc18-0bb5-469a-97c5-73ccd17480c3"	"mary"	"28338"	"lloyd's creek spit"	38.8538889	-76.1594444	"united states"	"maryland"	"kent county"	NA	NA	"sapindaceae"	"acer"	"saccharinum"	NA	"acer saccharinum"
"1b2f45d7-f428-44f4-94b7-b8785782da2b"	"ku"	"42217"	"neosho rapids, 1.5 mi n, 4 mi w"	38.39145	-96.06449	"united states"	"kansas"	"lyon"	NA	NA	"sapindaceae"	"acer"	"saccharinum"	NA	"acer saccharinum"
"1c78c3fc-62c8-4ed0-9222-a520404dd553"	"eiu"	NA	"charleston: e.i.u. campus, renewable energy center site; wetland at sw edge. elevation about 210 m."	39.474493	-88.165061	"united states"	"illinois"	"coles"	NA	NA	"sapindaceae"	"acer"	"saccharinum"	NA	"acer saccharinum"
"1c857e52-0eac-490a-bbae-663becb23a33"	"mwi"	"mwi00036952"	"macomb, glenwood park"	40.49444	-90.68056	"united states"	"illinois"	"mcdonough"	"macomb"	1850	"sapindaceae"	"acer"	"saccharinum"	NA	"acer saccharinum"
"1d82946a-3787-4393-b829-5a14a6169e35"	"uc"	"uc1789181"	"along sacramento river just south of butte city, near boat launch; silty soil. small tree."	39.4497	-121.9953	"united states"	"california"	"glenn"	NA	3000	"sapindaceae"	"acer"	"saccharinum"	NA	"acer saccharinum"
"1e26d9ab-c1b1-4726-9970-236d8788c30a"	"ku"	"109189"	"washington, 1 mi e"	39.813954	-97.036463	"united states"	"kansas"	"washington"	NA	NA	"sapindaceae"	"acer"	"saccharinum"	NA	"acer saccharinum"
"1f434592-2d57-4d33-852b-9c01d39e571e"	"fsu"	"000081925"	"at ocheessee landing."	30.58169	-84.96568	"united states"	"florida"	"calhoun"	NA	NA	"aceraceae"	"acer"	"saccharinum"	NA	"acer saccharinum"
"1fa85c9d-93a4-428a-89d9-8324cba1c725"	"dek"	"dek000091672"	"camp mccormick, about 1.5 km upstream of the city of byron on the e bank of the rock river"	42.155051	-89.230573	"united states"	"illinois"	"ogle"	"stillman valley"	683	"sapindaceae"	"acer"	"saccharinum"	NA	"acer saccharinum"
"1fbd1115-06a3-4a3e-97b1-f31c97e14b77"	"cmc"	"cmc00012703"	"campus."	43.589829	-84.777617	"united states"	"michigan"	"isabella"	NA	969	"sapindaceae"	"acer"	"saccharinum"	NA	"acer saccharinum"
"1fd8730e-22f3-4624-b6e3-a87d463821ec"	"ku"	"42213"	"langley, 4.0 mi n"	38.60455	-97.96335	"united states"	"kansas"	"ellsworth"	NA	NA	"sapindaceae"	"acer"	"saccharinum"	NA	"acer saccharinum"
"20330138-f368-47cd-8491-04046dd0f0a8"	"uconn"	"conn00070250"	"mansfield center, wolfrock section of nipmuck trail, crane hill road."	41.76527	-72.19861	"united states"	"connecticut"	"tolland county"	"mansfield"	20000	"aceraceae"	"acer"	"saccharinum"	NA	"acer saccharinum l."
"20e68bbc-e9ad-4d3a-b383-556f8fef51ad"	"eiu"	"eiu079234"	"1/8 miles south of william smith college"	42.856202	-76.985633	"united states"	"new york"	"ontario"	"geneva"	1000	"sapindaceae"	"acer"	"saccharinum"	NA	"acer saccharinum"
"21adb3bc-38ee-4094-b9d0-48884ae52b01"	"ills"	NA	"wilmington shrub prairie nature preserve. 3 miles east of braidwood (junction of route 53 & 113) along route 113, 1.5 mile north on zilm road, and then 0.5 mile west. coordinate datum: wgs84/nad83. in the kankakee sand area section of the grand prairie natural division."	41.2742	-88.16425	"united states"	"illinois"	"will"	NA	NA	"aceraceae"	"acer"	"saccharinum"	NA	"acer saccharinum"
"226957e8-e6c6-4917-842e-e63f970ef43d"	"ku"	"109188"	"unknown"	38.30837	-96.59248	"united states"	"kansas"	"chase"	NA	NA	"sapindaceae"	"acer"	"saccharinum"	NA	"acer saccharinum"
"229b9a80-3e5d-4f54-b944-fc1cc32acd7d"	"ypm"	"yu.057776"	"divinity school grounds, yale university"	41.3114	-72.9247	"united states"	"connecticut"	"new haven county"	"new haven"	7484	"sapindaceae"	"acer"	"saccharinum"	NA	"acer saccharinum"
"22f9396c-c833-4d61-b3f6-91f84d61f486"	"ny"	"01400945"	"7.4 km wnw of stroudsburg at bartonsville, 25 m n of i80 and ca 50 m e of state route 3023 (bartonsville rd)"	41.002703	-75.278533	"united states"	"pennsylvania"	"monroe co."	NA	NA	"aceraceae"	"acer"	"saccharinum"	NA	"acer saccharinum l."
"233b4437-5aed-47ca-bb9a-b187f53f2a49"	"ku"	"42284"	"belle plaine, 0.25 mi w"	37.39518	-97.28555	"united states"	"kansas"	"sumner"	NA	NA	"sapindaceae"	"acer"	"saccharinum"	NA	"acer saccharinum"
"23a4ec11-ad51-44fd-8f6a-3c685b389d6b"	"kstc"	"17369"	"woodstock"	38.88178	-78.50584	"united states"	"virginia"	"shenandoah"	NA	NA	"sapindaceae"	"acer"	"saccharinum"	NA	"acer saccharinum"
"24080d9f-6ab2-4335-935f-c1f2638d9cfa"	"ku"	"315040"	"buckeye, 2 mi n"	42.45051	-93.383177	"united states"	"iowa"	"hardin"	NA	NA	"sapindaceae"	"acer"	"saccharinum"	NA	"acer saccharinum"
"2523131c-c2ed-4f21-ba22-9c8275a48713"	"ku"	"42302"	"unknown"	39.34949	-97.16447	"united states"	"kansas"	"clay"	NA	NA	"sapindaceae"	"acer"	"saccharinum"	NA	"acer saccharinum"
"26d9b895-1970-4e38-b1f2-92415485a5ee"	"chsc"	"chsc109627"	"on the south edge of big chico creek, east of the deer pen, between table 12 & 13, lower bidwell park, chico"	39.7475	-121.802777777778	"united states"	"california"	"butte"	NA	NA	"sapindaceae"	"acer"	"saccharinum"	NA	"acer saccharinum"
"272845cc-bfe5-403b-a461-ba86f8883de9"	"msc"	"287643"	"east lansing, michigan state university campus. bake woodlot. on edge of small pond along west-central side of woodlot, along fence"	42.7161167	-84.4746833	"united states"	"michigan"	"ingham"	NA	NA	"aceraceae"	"acer"	"saccharinum"	NA	"acer saccharinum"
"274e546f-c9d3-4cb7-a710-2eac1bec3672"	"ku"	"313237"	"perry, 1.2 mi w"	39.072097	-95.437544	"united states"	"kansas"	"jefferson"	NA	NA	"sapindaceae"	"acer"	"saccharinum"	NA	"acer saccharinum"
"277e0d50-6e97-42da-9979-0d5f77af2793"	"mwi"	"mwi00054976"	"drummond farm"	41.69284	-90.27383	"united states"	"illinois"	"whiteside"	NA	NA	"sapindaceae"	"acer"	"saccharinum"	NA	"acer saccharinum"
"27bc5e83-53a0-4a5f-9eea-696fc79ac0d9"	"ypm"	"cbs.026005"	"bank of housatonic river"	41.7661	-72.6833	"united states"	"connecticut"	"hartford county"	"hartford"	5419	"sapindaceae"	"acer"	"saccharinum"	NA	"acer saccharinum"
"2a9ffdf8-2139-4180-819f-20ad61d41e38"	"ypm"	"yu.057792"	NA	41.5161	-72.759	"united states"	"connecticut"	NA	NA	97977	"sapindaceae"	"acer"	"saccharinum"	NA	"acer saccharinum"
"2b2c1f7f-d5f4-4761-9ed4-7d13d1aa3c55"	"wis"	"v0280124wis"	"2.5 km (straight line) ne of center of wauzeka, along kickapoo river, 0.75 km (straight line) nw of hwy 60 bridge"	43.105	-90.8661111	"united states"	"wisconsin"	"crawford"	NA	NA	"sapindaceae"	"acer"	"saccharinum"	NA	"acer saccharinum"
"2be65fd8-9f5f-4372-9ab1-7efd33342d05"	"uconn"	"conn00068700"	"connecticut river, putney. floodplain forest at boat launch east of exit 4 off i-91."	42.96361	-72.5175	"united states"	"vermont"	"windham county"	"putney"	5000	"aceraceae"	"acer"	"saccharinum"	NA	"acer saccharinum l."
"2d50d88b-b5e0-4a80-9a16-642c31015037"	"ucr"	"ucr132940"	"san gabriel mtns. arroyo seco, pasadena, north of jet prop. laboratory"	34.2125	-118.17222	"united states"	"california"	"los angeles"	NA	1000	"sapindaceae"	"acer"	"saccharinum"	NA	"acer saccharinum"
"2dcac44b-e502-4524-9294-a571c156655d"	"kstc"	"17363"	"leavenworth"	39.31111	-94.92246	"united states"	"kansas"	"leavenworth"	NA	NA	"sapindaceae"	"acer"	"saccharinum"	NA	"acer saccharinum"
"2e53c90f-f000-410b-b3b2-30806e9636d8"	"ny"	"00947413"	"capitol street bridge and boise river, boise"	43.625	-116.18	"united states"	"idaho"	"ada co."	NA	NA	"aceraceae"	"acer"	"saccharinum"	NA	"acer saccharinum l."
"2e59990a-81df-45b3-9883-d417187f13a3"	"ku"	"42203"	"canton, 6.0 mi n, 2.5 mi w"	38.47418	-97.47332	"united states"	"kansas"	"mcpherson"	NA	NA	"sapindaceae"	"acer"	"saccharinum"	NA	"acer saccharinum"
"2e8868bf-668d-4f01-ae26-24e39aa62506"	"chsc"	"chsc5957"	"sw side of big chico creek ca. 50 ft. ne of dining hall, chico state college campus"	39.73	-121.846111111111	"united states"	"california"	"butte"	NA	206	"sapindaceae"	"acer"	"saccharinum"	NA	"acer saccharinum"
"2f4659ce-c6ef-4532-a515-8f52dbcbd805"	"ypm"	"cbs.025998"	"beside stream"	41.5989	-72.5892	"united states"	"connecticut"	"middlesex county"	"portland"	6105	"sapindaceae"	"acer"	"saccharinum"	NA	"acer saccharinum"
"2fb766f6-e124-4dfc-9595-4eb39d02fedb"	"uconn"	"conn00076524"	"wolf rock section of nipmuck trail, crane hill road, 300 feet south of wolf rock, west side of trail."	41.75944	-72.21027	"united states"	"connecticut"	"tolland county"	"mansfield"	5000	"aceraceae"	"acer"	"saccharinum"	NA	"acer saccharinum l."
"300391c5-c35e-49ca-b9b4-d1eb87c2e4a1"	"ny"	"01132368"	"ca 3.1km wnw of boscobel on n side of wisconsin river, n of us 60"	43.1369419	-90.7403819	"united states"	"wisconsin"	"crawford co."	NA	NA	"aceraceae"	"acer"	"saccharinum"	NA	"acer saccharinum l."
"31b6197f-f01f-4b69-abde-4f4cd34a9582"	"ku"	"42283"	"bennington, 5 mi n, 1 mi e"	39.10658	-97.5749	"united states"	"kansas"	"ottawa"	NA	NA	"sapindaceae"	"acer"	"saccharinum"	NA	"acer saccharinum"
"32604261-d298-4f0c-a780-d396d8b9917d"	"ypm"	"cbs.025991"	NA	41.7907	-72.854	"united states"	"connecticut"	"hartford county"	"avon"	6359	"sapindaceae"	"acer"	"saccharinum"	NA	"acer saccharinum"
"328cf5c7-337d-4030-a1e6-1639e044eca5"	"cda"	"cda13843"	"butte basin bank btwn. levee & w side of butte creek approx. 1/2 mi. ne of confluence with howard slough, and immed. below mcpherrin dam (private and scheduled for removal)."	39.45	-121.883333333333	"united states"	"california"	"glenn"	NA	NA	"sapindaceae"	"acer"	"saccharinum"	NA	"acer saccharinum"
"329ef138-9206-4e35-b9d6-333306c2855b"	"mary"	"13685"	"1300 block new hamshire ave., silver spring"	38.9769444	-77.0069444	"united states"	"maryland"	"prince george's county"	NA	NA	"sapindaceae"	"acer"	"saccharinum"	NA	"acer saccharinum"
"32a56c8a-797b-47f2-969a-c65bdebf2ab0"	"ku"	"42295"	"marais des cygnes river"	38.508928	-95.723512	"united states"	"kansas"	"osage"	NA	NA	"sapindaceae"	"acer"	"saccharinum"	NA	"acer saccharinum"
"3317b742-08bf-4928-8c15-51274129cbe4"	"ku"	"111632"	"parsons, 4 mi s, 1 mi e"	37.282142	-95.218595	"united states"	"kansas"	"labette"	NA	NA	"sapindaceae"	"acer"	"saccharinum"	NA	"acer saccharinum"
"33301f32-ad8a-4037-8d4c-eed422cb1490"	"ku"	"42300"	"crestline, 3 mi e"	37.17088	-94.6498	"united states"	"kansas"	"cherokee"	NA	NA	"sapindaceae"	"acer"	"saccharinum"	NA	"acer saccharinum"
"33b0b24b-f851-4b40-9443-96c6aaa99383"	"ku"	"42212"	"hiawatha, 7.0 mi n, 9.0 mi e"	39.95424	-95.36805	"united states"	"kansas"	"brown"	NA	NA	"sapindaceae"	"acer"	"saccharinum"	NA	"acer saccharinum"
"33df628d-bdb6-4390-9eee-76cc61eecbb3"	"ku"	"109181"	"lawrence, 5 mi se"	38.90575	-95.18453	"united states"	"kansas"	"douglas"	NA	NA	"sapindaceae"	"acer"	"saccharinum"	NA	"acer saccharinum"
"3427330a-75e9-4614-82e9-f853dcf83025"	"kstc"	"17381"	"auburn, 2 mi se"	38.87994	-95.78276	"united states"	"kansas"	"shawnee"	NA	NA	"sapindaceae"	"acer"	"saccharinum"	NA	"acer saccharinum"
"354c2fd4-1f63-4428-a6b5-a64562dcbcce"	"ku"	"355231"	"ste. genevieve, 0.5 mi e"	37.97719	-90.02909	"united states"	"missouri"	"ste. genevieve"	NA	NA	"sapindaceae"	"acer"	"saccharinum"	NA	"acer saccharinum"
"357e104c-0d55-403e-b332-9325edaab17b"	"uconn"	"conn00078868"	"huntington"	41.29638	-73.14666	"united states"	"connecticut"	"fairfield county"	"shelton"	4	"aceraceae"	"acer"	"saccharinum"	NA	"acer saccharinum l."
"37071064-85bd-4c1e-96a1-5762ec37735e"	"uconn"	"conn00078894"	"seymour state park"	41.50888	-72.54361	"united states"	"connecticut"	"middlesex county"	"haddam"	5000	"aceraceae"	"acer"	"saccharinum"	NA	"acer saccharinum l."
"374a1ef1-8fcc-4315-be5d-176316c2f788"	"ku"	"42223"	"unknown"	37.71278	-97.45082	"united states"	"kansas"	"sedgwick"	NA	NA	"sapindaceae"	"acer"	"saccharinum"	NA	"acer saccharinum"
"37dde73f-c821-4ca3-be75-793bcfee7d14"	"mwi"	"mwi00051573"	"near maquon, bridgeport road, west on 250n past 1000e"	41.625	-89.21944	"united states"	"illinois"	"knox"	"near maquon"	10	"sapindaceae"	"acer"	"saccharinum"	NA	"acer saccharinum"
"3925d8c4-ca1b-40ef-81a1-71e1b366ceb2"	"ku"	"42201"	"munden, 2 mi s, 0.25 mi w"	39.88377	-97.54243	"united states"	"kansas"	"republic"	NA	NA	"sapindaceae"	"acer"	"saccharinum"	NA	"acer saccharinum"
"3952b9ce-e3c2-41c3-9451-bfcc816811d3"	"ku"	"42280"	"ft. scott, 8.0 mi w"	37.83466	-94.85221	"united states"	"kansas"	"bourbon"	NA	NA	"sapindaceae"	"acer"	"saccharinum"	NA	"acer saccharinum"
"3a236517-b268-4b7e-9525-01b0fc12709a"	"kstc"	"17365"	"dunlap, 6 mi e"	38.57917	-96.25199	"united states"	"kansas"	"chase"	NA	NA	"sapindaceae"	"acer"	"saccharinum"	NA	"acer saccharinum"
"3a3b757d-71df-4503-94e0-e902c0b40c76"	"ku"	"42286"	"el dorado, 10.0 mi n"	37.96376	-96.85632	"united states"	"kansas"	"butler"	NA	NA	"sapindaceae"	"acer"	"saccharinum"	NA	"acer saccharinum"
"3adaf0ec-6fb6-47a6-8932-201dac60a8cb"	"ku"	"42297"	"pratt, 2.5 mi e"	37.64606	-98.96379	"united states"	"kansas"	"pratt"	NA	NA	"sapindaceae"	"acer"	"saccharinum"	NA	"acer saccharinum"
"3b87c8fc-f269-40f2-b8cd-1d1768be2d46"	"ypm"	"yu.057770"	"foot of gallows hill"	41.7414	-73.1931	"united states"	"connecticut"	"litchfield county"	"litchfield"	11151	"sapindaceae"	"acer"	"saccharinum"	NA	"acer saccharinum"
"3b9e5cad-aefd-4307-bee4-2027b6781d66"	"eiu"	NA	"neoga: neoga railroad prairie. elevation 195 m. legal: ne1/4 s7 t10n r7e"	39.3084	-88.4585	"united states"	"illinois"	"cumberland"	NA	250	"sapindaceae"	"acer"	"saccharinum"	NA	"acer saccharinum"
"3c3bfa3c-8610-4c71-91d7-9839e5ad18f2"	"ills"	NA	"about 2 mile northeast of bath, illinois. matanzas prairie nature preserve. illinois river section of the illinois and mississippi river sand area natural division. kilbourne quadrangle."	40.2154	-90.1129	"united states"	"illinois"	"mason"	NA	NA	"aceraceae"	"acer"	"saccharinum"	NA	"acer saccharinum"
"3cc95a61-e7f6-40f4-8333-b4ef1c194076"	"ku"	"113235"	"t9s, r3e, sec 2, se 1/4, ne 1/4"	39.301825	-97.055832	"united states"	"kansas"	"clay"	NA	NA	"sapindaceae"	"acer"	"saccharinum"	NA	"acer saccharinum"
"3e245d6a-10dc-4862-8344-6045968d4b26"	"ills"	NA	"spring bay fen nature preserve. nad83/wgs84"	40.78599	-89.53475	"united states"	"illinois"	"woodford"	NA	NA	"aceraceae"	"acer"	"saccharinum"	NA	"acer saccharinum"
"3eb6d659-100e-46bb-81a4-972911d83124"	"msc"	"297299"	"louden old field"	42.4027778	-85.4016667	"united states"	"michigan"	"kalamazoo"	NA	NA	"aceraceae"	"acer"	"saccharinum"	NA	"acer saccharinum"
"3f7ed6d6-6832-4a7c-b155-95b7474a6db4"	"ku"	"354685"	"new hampton, 3 mi s, 4 m w"	43.01392	-92.38812	"united states"	"iowa"	"chickasaw"	NA	NA	"sapindaceae"	"acer"	"saccharinum"	NA	"acer saccharinum"
"3f935920-cc8e-4311-8767-df5004ebcd2e"	"dbg"	"khd00021996"	"denver botanic gardens, 909 york street, on sidewalk, 11th ave., left of gate into morrison center"	39.73193	-104.9619	"united states"	"colorado"	"denver county"	NA	NA	"aceraceae"	"acer"	"saccharinum"	NA	"acer saccharinum"
"4190ebbb-5077-4edb-95f9-e21b668a9bf2"	"uconn"	"conn00078795"	"on flood plain of connecticut river near camp ground, hurd state park"	41.52444	-72.55333	"united states"	"connecticut"	"middlesex county"	"east hampton"	3	"aceraceae"	"acer"	"saccharinum"	NA	"acer saccharinum l."
"423edfce-461f-44f4-8231-82bd1bb14558"	"ku"	"42308"	"bancroft, 2.0 mi n"	39.63792	-95.89986	"united states"	"kansas"	"nemaha"	NA	NA	"sapindaceae"	"acer"	"saccharinum"	NA	"acer saccharinum"
"42b224f8-bb8c-4cdf-a828-5f3add4a89dd"	"ny"	"78803"	"flushing, long island"	40.7652778	-73.81777778	"united states"	"new york"	NA	NA	NA	"aceraceae"	"acer"	"saccharinum"	NA	"acer saccharinum l."
"45a8fa19-912d-4015-bca0-f984a59dcaae"	"ills"	NA	"shoal creek barrens nature preserve. northeast and east-central of area 3. (gps location wgs84/nad83 are all given for shoal creek barrens on the east side of lake lou yaeger and are not accurate for the species). in the effingham plain section of the southern till plain natural division."	39.19449	-89.59315	"united states"	"illinois"	"montgomery"	NA	NA	"aceraceae"	"acer"	"saccharinum"	NA	"acer saccharinum"
"46198c2e-de62-409c-86a4-29b0768dc89b"	"uconn"	"conn00078902"	"muscoda"	43.185	-90.44305	"united states"	"wisconsin"	"grant county"	"muscoda"	NA	"aceraceae"	"acer"	"saccharinum"	NA	"acer saccharinum l."
"47cc72e1-a829-499a-b3d3-3aad19487aba"	"ny"	"01157219"	"ca halfway between towns of avoca and lone rock, n of the wisconsin river, place known locally as kruzen slough"	43.1932831	-90.2394381	"united states"	"wisconsin"	"richland co."	NA	NA	"aceraceae"	"acer"	"saccharinum"	NA	"acer saccharinum l."
"48142256-7cc1-4152-a4e9-4bb790eb5ece"	"asc"	"88004"	"aztec ruins national monument, along the animas river"	36.8353737328864	-107.996843469569	"united states"	"new mexico"	"san juan county"	NA	NA	"aceraceae"	"acer"	"saccharinum"	NA	"acer saccharinum"
"486dbca7-f177-4846-afd1-5fc291cc3542"	"ypm"	"cbs.026003"	"by roadside"	41.5583	-73.0361	"united states"	"connecticut"	"new haven county"	"waterbury"	6630	"sapindaceae"	"acer"	"saccharinum"	NA	"acer saccharinum"
"48d67c05-47df-426a-a64e-2e31ed8290ec"	"dek"	"dek000091671"	"allerton park"	39.998517	-88.651531	"united states"	"illinois"	"piatt"	"monticello"	3380	"sapindaceae"	"acer"	"saccharinum"	NA	"acer saccharinum"
"48d74eec-ec53-40b6-8307-e57d9feb0d70"	"ku"	"337544"	"somerset, 1 mi e"	38.5875	-94.7458333	"united states"	"kansas"	"miami"	NA	NA	"sapindaceae"	"acer"	"saccharinum"	NA	"acer saccharinum"
"499e11b0-032c-4025-a669-6a3fce1b8b46"	"uconn"	"conn00078888"	"housatonic river, off rt. 44."	42.02861	-73.35277	"united states"	"connecticut"	"litchfield county"	"north canaan"	5000	"aceraceae"	"acer"	"saccharinum"	NA	"acer saccharinum l."
"4a9bcc9a-886d-46d2-9367-2e8fe27ebe3f"	"ills"	NA	"sand ridge savanna nature preserve. 2.7 miles east of braidwood (junction of route 53 & 113) along route 113. coordinate datum: wgs84/nad83. in the kankakee sand area section of the grand prairie natural division."	41.25903	-88.16502	"united states"	"illinois"	"will"	NA	NA	"aceraceae"	"acer"	"saccharinum"	NA	"acer saccharinum"
"4b1060c8-975a-4f36-8d83-51d70d5285b3"	"ypm"	"cbs.026024"	NA	41.367	-72.717	"united states"	"connecticut"	"new haven county"	"north guilford"	5062	"sapindaceae"	"acer"	"saccharinum"	NA	"acer saccharinum"
"4b39b59a-d101-455f-aa9b-8df5ae162e0e"	"uconn"	"conn00078804"	"wethersfield wooded border of abandoned field, wethersfield meadows."	41.70111	-72.67	"united states"	"connecticut"	"hartford county"	"wethersfield"	20000	"aceraceae"	"acer"	"saccharinum"	NA	"acer saccharinum l."
"4b41c5ad-112e-4914-aa60-4a5a0ff75c28"	"ku"	"42289"	"frankfort, 3 mi w"	39.70178	-96.47443	"united states"	"kansas"	"marshall"	NA	NA	"sapindaceae"	"acer"	"saccharinum"	NA	"acer saccharinum"
"4b4250d0-ea42-4abc-a3fb-cf7b7d5fdade"	"ku"	"329526"	"talmo, 1 mi s, 1 mi e"	39.677286	-97.539861	"united states"	"kansas"	"republic"	NA	NA	"sapindaceae"	"acer"	"saccharinum"	NA	"acer saccharinum"
"4bcbf189-b450-4bf7-9108-7d3a96c98720"	"ypm"	"cbs.025990"	NA	41.1932	-73.196	"united states"	"connecticut"	"fairfield county"	"bridgeport"	6473	"sapindaceae"	"acer"	"saccharinum"	NA	"acer saccharinum"
"4d205047-44bb-4269-95f3-fda4afa32c11"	"mor"	"0060427mor"	"iroquois woods nature preserve, otto township, 4 miles south of kankakee. quadrangle: kankakee, iroquois river watershed. (50)"	41.04705	-87.84941	"united states"	"illinois"	"kankakee"	NA	NA	"sapindaceae"	"acer"	"saccharinum"	NA	"acer saccharinum"
"4e22a6a1-a93f-4874-93df-2533300b2103"	"mor"	"0051635mor"	"brookfield zoo, w of ibex island: utm nad27 430385.47802 x and 4631311.64689 y."	41.8325	-87.8384	"united states"	"illinois"	"cook"	NA	NA	"sapindaceae"	"acer"	"saccharinum"	NA	"acer saccharinum"
"4ed6e00c-fd4e-4ccd-a0ce-1cc37e28fc7a"	"ills"	NA	"parklands foundationäó»s chinquapin bluffs preserve; located approximately 5 miles north of carlock, illinois. map datum: wgs84/nad83."	40.65454	-89.13477	"united states"	"illinois"	"woodford"	NA	NA	"aceraceae"	"acer"	"saccharinum"	NA	"acer saccharinum"
"4ee3be2d-7ad5-46bb-aea3-3d85067a1970"	"ku"	"354569"	"finchford, 0.2 mi ne"	42.6295	-92.53096	"united states"	"iowa"	"black hawk"	NA	NA	"sapindaceae"	"acer"	"saccharinum"	NA	"acer saccharinum"
"4f106fd0-1703-42ff-82aa-06e7303f5942"	"ku"	"109187"	"elmont, 2.5 mi n, 6 mi w"	39.20145	-95.81433	"united states"	"kansas"	"shawnee"	NA	NA	"sapindaceae"	"acer"	"saccharinum"	NA	"acer saccharinum"
"4f47698e-81ec-4afd-bfe5-1cfbafcfbeea"	"wis"	"v0023870wis"	"apostle islands national lakeshore."	46.7	-90.75	"united states"	"wisconsin"	"ashland"	NA	NA	"sapindaceae"	"acer"	"saccharinum"	NA	"acer saccharinum"
"5084b99b-c540-4cba-bbb4-3441e4ed3d1c"	"ypm"	"cbs.025997"	"national champion sugar maple"	41.5494	-72.0883	"united states"	"connecticut"	"new london county"	"norwich"	6965	"sapindaceae"	"acer"	"saccharinum"	NA	"acer saccharinum"
"5200fc08-c6b6-4f72-9b44-a3cbdc9cde1a"	"eiu"	"eiu077724"	"charleston: 18th street at van buren ave."	39.49423	-88.163106	"united states"	"illinois"	"coles"	NA	25	"sapindaceae"	"acer"	"saccharinum"	NA	"acer saccharinum"
"52d3fbc1-e188-4eec-aa01-06107f64fa85"	"uconn"	"conn00078885"	"vibert road, along connecticut river"	41.82761	-72.6313	"united states"	"connecticut"	"hartford county"	"south windsor"	5000	"aceraceae"	"acer"	"saccharinum"	NA	"acer saccharinum l."
"531d14a8-d6f2-4c62-b99b-8b1ea93f5111"	"ku"	"42221"	"unknown"	37.88566	-95.74072	"united states"	"kansas"	"woodson"	NA	NA	"sapindaceae"	"acer"	"saccharinum"	NA	"acer saccharinum"
"534d2112-1fc8-48af-a84c-8a23402a2b47"	"ills"	NA	"prairie ridge state natural area: cips management area. near newton lake."	38.9448	-88.2535	"united states"	"illinois"	"jasper"	NA	NA	"aceraceae"	"acer"	"saccharinum"	NA	"acer saccharinum"
"5402db3c-215a-47fd-a149-f6f8b80f0751"	"dek"	"dek000091718"	"university of wisconsin, near bascom"	43.075158	-89.402194	"united states"	"wisconsin"	"dane"	"madison"	196	"sapindaceae"	"acer"	"saccharinum"	NA	"acer saccharinum"
"5405d9e8-c73e-4c61-8d15-6c1cf4abbb5e"	"mary"	"13670"	"off route 450"	38.9491667	-76.8841667	"united states"	"maryland"	"prince george's county"	NA	NA	"sapindaceae"	"acer"	"saccharinum"	NA	"acer saccharinum"
"54c587f0-a7de-4652-8a28-21023d5f0a9f"	"mary"	"33509"	"elk neck off route 272"	39.5327778	-75.9322222	"united states"	"maryland"	"cecil county"	NA	NA	"sapindaceae"	"acer"	"saccharinum"	NA	"acer saccharinum"
"55ab288e-a579-4c9d-a03b-8638bb59bd63"	"ypm"	"cbs.026025"	NA	41.6921	-72.5472	"united states"	"connecticut"	"hartford county"	"glastonbury"	9532	"sapindaceae"	"acer"	"saccharinum"	NA	"acer saccharinum"
"56a9dd66-e45f-40d0-952a-f38baef468b6"	"mwi"	"mwi00051528"	"roseville, 1.2 miles south on 70th street past 60th avenue"	42.81944	-87.65833	"united states"	"illinois"	"warren"	"roseville"	10	"sapindaceae"	"acer"	"saccharinum"	NA	"acer saccharinum"
"572f6b46-47a0-4518-bdfe-0c202911d8db"	"dek"	"dek000091668"	"loredo taft field campus"	42.03438	-89.324954	"united states"	"illinois"	"ogle"	"oregon"	609	"sapindaceae"	"acer"	"saccharinum"	NA	"acer saccharinum"
"577e0c88-5a3e-4af8-988c-b00f5d6ec5f5"	"ku"	"42288"	"lancaster, 0.5 mi s, 3.5 mi w"	39.56329	-95.36882	"united states"	"kansas"	"atchison"	NA	NA	"sapindaceae"	"acer"	"saccharinum"	NA	"acer saccharinum"
"57d27d07-2b50-41fd-92c0-baac9f7adbef"	"ypm"	"yu.057775"	"shore of connecticut river"	41.4061	-72.4831	"united states"	"connecticut"	"middlesex county"	"chester"	4835	"sapindaceae"	"acer"	"saccharinum"	NA	"acer saccharinum"
"589333d7-3f7d-4199-821b-8347ce35c1ce"	"kstc"	"17372"	"leroy, 2 mi e and 2 mi s"	38.05491	-95.59759	"united states"	"kansas"	"coffey"	NA	NA	"sapindaceae"	"acer"	"saccharinum"	NA	"acer saccharinum"
"593e66e7-a292-4b96-9bb6-11cb581deb39"	"ku"	"358531"	"tallgrass prairie national preserve, fox creek forest"	38.4080556	-96.55	"united states"	"kansas"	"chase"	NA	NA	"sapindaceae"	"acer"	"saccharinum"	NA	"acer saccharinum"
"59a25b2f-6ec5-4a69-bb34-81245a23692e"	"ills"	NA	"hitts siding nature preserve. kankakee sand area section of the grand prairie natural division. coordinate datum: wgs84/nad83."	41.29624	-88.17326	"united states"	"illinois"	"will"	NA	NA	"aceraceae"	"acer"	"saccharinum"	NA	"acer saccharinum"
"59fb3bec-dc20-48a4-b178-6dcc110c5aaf"	"mwi"	"mwi00052737"	"warsaw, 200 yards south of the football field"	40.57222	-90.58611	"united states"	"illinois"	"hancock"	"warsaw"	10	"sapindaceae"	"acer"	"saccharinum"	NA	"acer saccharinum"
"5a796ba8-e567-4426-be08-bce4643d508c"	"ucd"	"ucd117140"	"sacramento county: on the north bank of the american river in the american river parkway, a few hundred meters downriver of the estates drive entrance"	38.33	-121.22	"united states"	"california"	"sacramento"	NA	NA	"sapindaceae"	"acer"	"saccharinum"	NA	"acer saccharinum"
"5aafb53e-d9e1-45a6-9fa9-cdc9023f0b0a"	"ku"	"320528"	"pleasanton, 1 mi n, 0.5 mi e"	38.192854	-94.686015	"united states"	"kansas"	"linn"	NA	NA	"sapindaceae"	"acer"	"saccharinum"	NA	"acer saccharinum"
"5ae0cce1-028c-400a-af4b-2f2ad1a99b83"	"uconn"	"conn00138695"	"scantic river, south windsor; flood plain forest near connecticut river"	41.86194	-72.60361	"united states"	"connecticut"	"hartford county"	"south windsor"	20000	"aceraceae"	"acer"	"saccharinum"	NA	"acer saccharinum l."
"5b53641b-9751-4dd2-b808-9c037f817ae1"	"ypm"	"yu.057782"	"shores of connecticut river"	41.4797	-72.3942	"united states"	"connecticut"	"middlesex county"	"east haddam"	8914	"sapindaceae"	"acer"	"saccharinum"	NA	"acer saccharinum"
"5b9b3acc-15e1-4b63-a24b-73a172e04857"	"chsc"	"chsc20504"	"ca. 100 ft e of little cafeteria, on s side of big chico creek, california state university, chico"	39.73	-121.846111111111	"united states"	"california"	"butte"	NA	412	"sapindaceae"	"acer"	"saccharinum"	NA	"acer saccharinum"
"5be976c8-614f-4818-85a1-0dfe0f549fbb"	"ypm"	"yu.057771"	"beside stream"	41.5989	-72.5892	"united states"	"connecticut"	"middlesex county"	"portland"	6105	"sapindaceae"	"acer"	"saccharinum"	NA	"acer saccharinum"
"5c728374-a4e1-424a-a094-6b4372d1058c"	"ypm"	"cbs.025992"	NA	41.7635	-72.6153	"united states"	"connecticut"	"hartford county"	"east hartford"	4938	"sapindaceae"	"acer"	"saccharinum"	NA	"acer saccharinum"
"5cdc30e2-6ff1-4265-ba70-d0d1b3ac04b4"	"ku"	"42307"	"ottawa county state lake"	39.112113	-97.566933	"united states"	"kansas"	"ottawa"	NA	NA	"sapindaceae"	"acer"	"saccharinum"	NA	"acer saccharinum"
"5d044b60-212e-4ea9-9d25-d3f9bc7c93e8"	"ku"	"42303"	"unknown"	38.99454	-96.66535	"united states"	"kansas"	"geary"	NA	NA	"sapindaceae"	"acer"	"saccharinum"	NA	"acer saccharinum"
"5d2ba594-1126-4a97-b1d4-fd523932ef07"	"ypm"	"cbs.025995"	NA	41.766	-72.6834	"united states"	"connecticut"	"hartford county"	"hartford"	5419	"sapindaceae"	"acer"	"saccharinum"	NA	"acer saccharinum"
"5ebb0814-eaca-4bbe-9d30-49737ec95768"	"rsa"	"rsa734972"	"lomas de santiago, agustine staging area near limestone canyon rd. gate at santiago cyn rd."	33.7572222222222	-117.700277777778	"united states"	"california"	"orange"	NA	NA	"sapindaceae"	"acer"	"saccharinum"	NA	"acer saccharinum"
"5ed18c0e-d643-48bd-8748-6b2c1c1b1b9c"	"kstc"	"17375"	"emporia"	38.40531	-96.18015	"united states"	"kansas"	"lyon"	NA	NA	"sapindaceae"	"acer"	"saccharinum"	NA	"acer saccharinum"
"5f355163-b826-4f6b-bc62-f528742faf27"	"dbg"	"khd00000523"	"colorado springs, opposite wall 1935 wood ave."	38.834232	-104.824572	"united states"	"colorado"	"el paso county"	NA	NA	"aceraceae"	"acer"	"saccharinum"	NA	"acer saccharinum"
"6172ac35-f1e4-4ce7-aa19-a0688a5e3e98"	"ny"	"01116293"	"ca 21.7 km ne of clarksville, sw side of us 41"	36.6282769	-87.1398161	"united states"	"tennessee"	"montgomery co."	NA	NA	"aceraceae"	"acer"	"saccharinum"	NA	"acer saccharinum l."
"63805cd8-433b-47cb-a32c-434e4647c465"	"ku"	"328019"	"edgerton, ca 1.5 mi s, 2 mi e"	38.7416649	-94.9666672	"united states"	"kansas"	"johnson"	NA	NA	"sapindaceae"	"acer"	"saccharinum"	NA	"acer saccharinum"
"63924e53-e31e-4df3-b179-6f7095ce7f95"	"cmc"	"cmc00012706"	"deerfield township."	43.604724	-84.917912	"united states"	"michigan"	"isabella"	NA	969	"sapindaceae"	"acer"	"saccharinum"	NA	"acer saccharinum"
"63d3afd7-eece-4259-acd5-16d1011c1003"	"ku"	"42299"	"marion, w edge"	38.35103	-97.01091	"united states"	"kansas"	"marion"	NA	NA	"sapindaceae"	"acer"	"saccharinum"	NA	"acer saccharinum"
"64ffea04-9bd3-41c3-83df-cafbded6e21b"	"ypm"	"yu.057766"	"four bridge"	41.5161	-72.7589	"united states"	"connecticut"	NA	NA	97977	"sapindaceae"	"acer"	"saccharinum"	NA	"acer saccharinum"
"653fa6ca-85e6-4e91-b8b9-992b48421067"	"ypm"	"yu.057795"	NA	41.7413	-73.1931	"united states"	"connecticut"	"litchfield county"	"litchfield"	11151	"sapindaceae"	"acer"	"saccharinum"	NA	"acer saccharinum"
"670b176c-3ae9-482c-a075-715857c120e3"	"cmc"	"cmc00012698"	"[no precise location]"	43.940425	-86.288762	"united states"	"michigan"	"mason"	NA	969	"sapindaceae"	"acer"	"saccharinum"	NA	"acer saccharinum"
"68e9311c-3b76-47ae-b3d3-9476d8c66332"	"kstc"	"17356"	"mulvane"	37.47446	-97.24393	"united states"	"kansas"	"sedgwick"	NA	NA	"sapindaceae"	"acer"	"saccharinum"	NA	"acer saccharinum"
"6950f57a-da49-43ea-9bae-1a4fa402702c"	"ku"	"42215"	"trading post, 1.5 mi w"	38.24993	-94.70947	"united states"	"kansas"	"linn"	NA	NA	"sapindaceae"	"acer"	"saccharinum"	NA	"acer saccharinum"
"6a990646-1cc1-446a-a5ee-3f6e7a5103b9"	"mary"	"43668"	"douglas point, pepco property, along md 224, near potomac river"	38.4433333	-77.2644444	"united states"	"maryland"	"charles county"	NA	NA	"sapindaceae"	"acer"	"saccharinum"	NA	"acer saccharinum"
"6b951099-6ba0-43ee-9c00-476171850133"	"ypm"	"yu.057779"	NA	41.3113	-72.9246	"united states"	"connecticut"	"new haven county"	"new haven"	7484	"sapindaceae"	"acer"	"saccharinum"	NA	"acer saccharinum"
"6d001834-a7ea-4c05-8dca-c74e28b02669"	"ypm"	"cbs.026009"	NA	41.7669	-72.7539	"united states"	"connecticut"	"hartford county"	"west hartford"	5816	"sapindaceae"	"acer"	"saccharinum"	NA	"acer saccharinum"
"6eb718c7-4eb9-474c-961e-b7e86e36e2e7"	"dek"	"dek000091674"	"loredo taft field campus"	42.03438	-89.324954	"united states"	"illinois"	"ogle"	"oregon"	609	"sapindaceae"	"acer"	"saccharinum"	NA	"acer saccharinum"
"6fea53e3-df2d-4776-a320-6af228529f77"	"ypm"	"yu.057769"	"riverbanks"	41.6522	-73.3144	"united states"	"connecticut"	"litchfield county"	"washington"	7762	"sapindaceae"	"acer"	"saccharinum"	NA	"acer saccharinum"
"7007b04b-84e1-4326-96a1-9a038cd4c71b"	"kstc"	"17366"	"brainerd, 10 mi n"	46.50265	-94.20021	"united states"	"minnesota"	"crow wing"	NA	NA	"sapindaceae"	"acer"	"saccharinum"	NA	"acer saccharinum"
"700c58d6-a4a8-4873-bf79-718fec2a302f"	"cmc"	"cmc00012721"	"union township."	43.604475	-84.777809	"united states"	"michigan"	"isabella"	NA	969	"sapindaceae"	"acer"	"saccharinum"	NA	"acer saccharinum"
"701a6e63-c755-4b22-b7eb-67e7059838d5"	"ku"	"115488"	"fontana, 2.5 mi e"	38.422162	-94.795657	"united states"	"kansas"	"miami"	NA	NA	"sapindaceae"	"acer"	"saccharinum"	NA	"acer saccharinum"
"703e7467-64b1-4b8d-b779-5919fa610b5e"	"flas"	"240048"	NA	39.4211111	-88.1711111	"united states"	"illinois"	"coles"	NA	NA	"sapindaceae"	"acer"	"saccharinum"	NA	"acer saccharinum"
"7174bd4c-c714-4a61-a305-199c10ac7290"	"ku"	"42281"	"reading, 1 mi n"	38.528639	-95.959859	"united states"	"kansas"	"lyon"	NA	NA	"sapindaceae"	"acer"	"saccharinum"	NA	"acer saccharinum"
"71837b61-c8d1-423e-905c-6dc2881f1ef8"	"dek"	"dek000091720"	"island in big roche a-cri lake"	44.058104	-89.812245	"united states"	"wisconsin"	"adams"	NA	1634	"sapindaceae"	"acer"	"saccharinum"	NA	"acer saccharinum"
"71878cd9-271b-4e33-b146-32720d5fa77d"	"mwi"	"mwi00051709"	"east of monmouth, east on 215th avenue off highway 164"	42.29444	-88.90833	"united states"	"illinois"	"warren"	"east of monmouth"	10	"sapindaceae"	"acer"	"saccharinum"	NA	"acer saccharinum"
"71d14ae0-a7ed-4a60-892b-712369fac4b9"	"ny"	"78790"	"flushing, long island"	40.7652778	-73.81777778	"united states"	"new york"	NA	NA	NA	"aceraceae"	"acer"	"saccharinum"	NA	"acer saccharinum l."
"72c31467-c038-44ce-a33d-6a5fc6cc0db3"	"dek"	"dek000091669"	"2 mi. n. of kirkland"	42.121503	-88.851206	"united states"	"illinois"	"dekalb"	"kirkland"	5023	"sapindaceae"	"acer"	"saccharinum"	NA	"acer saccharinum"
"72d82d28-c627-45f0-bd8f-ca6ad8f631ee"	"ku"	"42278"	"havana, 0.25 mi w"	37.0938	-95.94496	"united states"	"kansas"	"montgomery"	NA	NA	"sapindaceae"	"acer"	"saccharinum"	NA	"acer saccharinum"
"72d95ba4-734f-44f6-b1d2-8b7fd67aba16"	"ku"	"343293"	"highland heights"	41.5446	-81.4729	"united states"	"ohio"	"cuyahoga"	NA	NA	"sapindaceae"	"acer"	"saccharinum"	NA	"acer saccharinum"
"736cbc26-807a-45cc-9a9f-4b8ed3a113df"	"ills"	NA	"funks grove illinois natural areas inventory (inai) site. ewing grove tract buffer area. wgs 84 map datum; +/- 19.1 ft."	40.34695	-89.14217	"united states"	"illinois"	"mclean"	NA	NA	"aceraceae"	"acer"	"saccharinum"	NA	"acer saccharinum"
"74aaa76c-8ed5-4832-a994-94b7be0b2f36"	"ku"	"352636"	"shell rock, 0.5-3 mi n"	42.7318	-92.582	"united states"	"iowa"	"butler"	NA	NA	"sapindaceae"	"acer"	"saccharinum"	NA	"acer saccharinum"
"74d01ba7-ae83-40d8-af55-ca28af0edf20"	"ku"	"42222"	"along the road w of melrose"	37.031997	-95.015968	"united states"	"kansas"	"cherokee"	NA	NA	"sapindaceae"	"acer"	"saccharinum"	NA	"acer saccharinum"
"752cff36-c58e-427e-8177-5ff9c015271d"	"dek"	"dek000091719"	"river study project transect 8b"	43.742773	-91.229387	"united states"	"wisconsin"	"la crosse"	"la crosse"	5013	"sapindaceae"	"acer"	"saccharinum"	NA	"acer saccharinum"
"7571abf6-fb85-4abc-b2a0-21f6fd652de5"	"dek"	"dek000091667"	"pine rock, 4 mi. east of oregon"	42.000248	-89.252563	"united states"	"illinois"	"ogle"	"oregon"	1190	"sapindaceae"	"acer"	"saccharinum"	NA	"acer saccharinum"
"7730c763-b61f-4322-878e-5838f87479ee"	"ku"	"42296"	"t2s, r21e, sec 23, n central part"	39.863	-95.0306	"united states"	"kansas"	"doniphan"	NA	NA	"sapindaceae"	"acer"	"saccharinum"	NA	"acer saccharinum"
"776a1754-9c1a-4081-b32e-4f9f7ae0a75a"	"cmc"	"cmc00012732"	"[no precise location]"	43.604475	-84.777809	"united states"	"michigan"	"isabella"	NA	969	"sapindaceae"	"acer"	"saccharinum"	NA	"acer saccharinum"
"784ee69c-18e7-4d72-9479-487cf9186c95"	"dek"	"dek000091675"	"loredo taft field campus"	42.03438	-89.324954	"united states"	"illinois"	"ogle"	"oregon"	609	"sapindaceae"	"acer"	"saccharinum"	NA	"acer saccharinum"
"786a0127-f563-4f9b-9e86-7d0f84dbf4f5"	"msc"	"287644"	"east lansing. michigan state university campus. baker woodlot"	42.7132833	-84.4728167	"united states"	"michigan"	"ingham"	NA	NA	"aceraceae"	"acer"	"saccharinum"	NA	"acer saccharinum"
"78b49772-d8f8-48f3-a212-9eb145cb6f3f"	"mwi"	"mwi00050234"	"macomb, horn field, 0.5 miles south of city, treeline east of prairie"	40.5	-90.68333	"united states"	"illinois"	"mcdonough"	"macomb"	111130	"sapindaceae"	"acer"	"saccharinum"	NA	"acer saccharinum"
"78ea4de4-eae8-48d0-abab-239d734d9e70"	"ucd"	"ucd117139"	"sacramento county: between the north side of the american river and william pond, in the american river parkway at arden way entrance"	38.33	-121.22	"united states"	"california"	"sacramento"	NA	NA	"sapindaceae"	"acer"	"saccharinum"	NA	"acer saccharinum"
"7a598f75-736a-4cd7-85da-4803daff8765"	"ku"	"42197"	"unknown"	39.362024	-96.317724	"united states"	"kansas"	"pottawatomie"	NA	NA	"sapindaceae"	"acer"	"saccharinum"	NA	"acer saccharinum"
"7af78799-4fa6-41ab-adcd-312ca887dc20"	"ttrs"	"ttrs_000002995"	"small tree, ca 3.5 m tall,  floodplain forest, banks of backwater of apalachicola river, chattahoochee. [ed note: label shows epithet negundo, overwritten in pen by epithet saccharinum, presumable by rkg. 2/22/2007 g. nelson]"	30.5797452854	-84.6135341599	"united states"	"florida"	"gadsden"	NA	NA	"aceraceae"	"acer"	"saccharinum"	NA	"acer saccharinum"
"7afbbf4c-2355-4e1e-be65-cc04fdf5d868"	"ypm"	"yu.057780"	"1 mile above zoar bridge"	41.4314	-73.135	"united states"	"connecticut"	"new haven county"	"oxford"	7184	"sapindaceae"	"acer"	"saccharinum"	NA	"acer saccharinum"
"7bb04b38-16f1-47a3-8302-ff4b10a3c89c"	"ku"	"109182"	"unknown"	37.192343	-95.742943	"united states"	"kansas"	"montgomery"	NA	NA	"sapindaceae"	"acer"	"saccharinum"	NA	"acer saccharinum"
"7c4d8381-035c-457e-8dc8-e1a51bb7ad9d"	"uconn"	"conn00078891"	"hockanum river, adams mill trail. edge of back parking lot near head of trail."	41.79083	-72.54583	"united states"	"connecticut"	"hartford county"	"manchester"	5000	"aceraceae"	"acer"	"saccharinum"	NA	"acer saccharinum l."
"7cbb9b3d-139d-4e96-8450-27a5e9447561"	"mwi"	"mwi00045820"	"southwest of evansville, west part of county"	38.06667	-88.03333	"united states"	"illinois"	"randolph"	"southwest of evansville"	1852	"sapindaceae"	"acer"	"saccharinum"	NA	"acer saccharinum"
"7ccfd63b-412c-470f-a656-b87489c47e34"	"wis"	"v0063551wis"	"jason briggs wetland, tpe natural area between (w of) brosteum rd. & e fork of racoon creek, between cleophas & beloit-newark rds., 5.9 mi. due nw of downtown beloit."	42.55	-89.13333	"united states"	"wisconsin"	"rock"	NA	NA	"sapindaceae"	"acer"	"saccharinum"	NA	"acer saccharinum"
"7d087a25-8f70-4309-917c-2240bf10ca0e"	"uvsc"	"5002"	"byu campus, provo."	40.253333	-111.654166	"united states"	"utah"	"utah"	NA	1800	"aceraceae"	"acer"	"saccharinum"	NA	"acer saccharinum"
"7d1d3f3d-e435-4d84-bdca-1ea03075e408"	"ypm"	"cbs.025989"	"sanford brook ravine, cheshire. trail, north side of stream, elev. 450'. mixed hardwoods-hemlock forest with rich herbaceous layer"	41.5114	-72.9039	"united states"	"connecticut"	"new haven county"	"cheshire"	7272	"sapindaceae"	"acer"	"saccharinum"	NA	"acer saccharinum"
"7dde7bf3-4646-4052-82d6-a99a40f0eec1"	"uconn"	"conn00078798"	"thickets, conn. riv. meadows, rocky hill, conn."	41.66611	-72.62777	"united states"	"connecticut"	"hartford county"	"rocky hill"	5000	"aceraceae"	"acer"	"saccharinum"	NA	"acer saccharinum l."
"7e1592af-c523-496e-a755-88c6b49e09e4"	"ku"	"361442"	"westgate, 3 mi sw"	42.74069	-92.04131	"united states"	"iowa"	"fayette"	NA	NA	"sapindaceae"	"acer"	"saccharinum"	NA	"acer saccharinum"
"7e23a2c2-5ab1-4b4b-a0cc-0788dd4ddbef"	"ku"	"109178"	"leavenworth county state lake"	39.128628	-95.149615	"united states"	"kansas"	"leavenworth"	NA	NA	"sapindaceae"	"acer"	"saccharinum"	NA	"acer saccharinum"
"7e6a1bad-ebfd-4a42-9d52-4d4f9b4ce069"	"ypm"	"cbs.026002"	"field"	41.9944	-72.6789	"united states"	"connecticut"	"hartford county"	"suffield"	8341	"sapindaceae"	"acer"	"saccharinum"	NA	"acer saccharinum"
"7e6befe3-bdf2-4f1b-9262-a08e01677b4b"	"ku"	"42292"	"crawford county state lake #1"	37.47534	-94.69609	"united states"	"kansas"	"crawford"	NA	NA	"sapindaceae"	"acer"	"saccharinum"	NA	"acer saccharinum"
"7f9b4360-fcc4-4e72-9418-80242a026264"	"uconn"	"conn00068642"	"rockingham. disturbed floodplain north of herrick cove near connecticut river."	43.18171	-72.4458	"united states"	"vermont"	"windham county"	"rockingham"	1	"aceraceae"	"acer"	"saccharinum"	NA	"acer saccharinum l."
"7fc79c10-eec5-4306-8be4-d1a0304ad237"	"ills"	NA	"white pine state park along spring creek near where it leads into pine creek. about 13 mile north of dixon and 3.75 mile east of buffalo, illinois. in the freeport section of the rock river hill country natural division. coordinate datum: wgs84/nad83."	41.99651	-89.47318	"united states"	"illinois"	"ogle"	NA	NA	"aceraceae"	"acer"	"saccharinum"	NA	"acer saccharinum"
"808574c9-c15a-4e77-8a9d-6fbd9c3cc41a"	"ku"	"109185"	"little river, 0.3 mi n"	38.40242	-98.012	"united states"	"kansas"	"rice"	NA	NA	"sapindaceae"	"acer"	"saccharinum"	NA	"acer saccharinum"
"8143e310-a402-4908-b0b2-e7563c155cf9"	"mwi"	"mwi00055482"	"west/northwest of osceola, guthrie farm"	41.21667	-88.2	"united states"	"illinois"	"stark"	"west/northwest of osceola"	100	"sapindaceae"	"acer"	"saccharinum"	NA	"acer saccharinum"
"81d00469-b107-4f6f-938c-7eead8993a53"	"ku"	"109190"	"mcclouth, 1 mi e"	39.19614	-95.18953	"united states"	"kansas"	"jefferson"	NA	NA	"sapindaceae"	"acer"	"saccharinum"	NA	"acer saccharinum"
"8207055c-114a-4c19-b17f-a038a389224a"	"cmc"	"cmc00012686"	"[no precise location]"	43.940425	-86.288762	"united states"	"michigan"	"mason"	NA	969	"sapindaceae"	"acer"	"saccharinum"	NA	"acer saccharinum"
"8448c9b5-0331-45e5-8437-02966025d5c2"	"ny"	"01158820"	"new york city.  bronx park, n of kazimiroff blvd., w of metro north railroad tracks"	40.870892	-73.875319	"united states"	"new york"	"bronx co."	NA	NA	"aceraceae"	"acer"	"saccharinum"	NA	"acer saccharinum l."
"851f47f0-376e-4059-9d76-6a00907cde74"	"dek"	"dek000091676"	"allerton park"	39.998517	-88.651531	"united states"	"illinois"	"piatt"	"monticello"	3380	"sapindaceae"	"acer"	"saccharinum"	NA	"acer saccharinum"
"854d8657-7836-4606-a14a-ce811611a05b"	"ku"	"330780"	"stull, 3.0 mi s, 1.0 mi e"	38.9333344	-95.4333344	"united states"	"kansas"	"douglas"	NA	NA	"sapindaceae"	"acer"	"saccharinum"	NA	"acer saccharinum"
"857ffb86-88bd-4d1f-b3f5-6149f42c678d"	"ku"	"311740"	"waverly, se side of town along the cedar river in brookwood park and in meadow and along railroad right-of-way n of the river"	42.721459	-92.460692	"united states"	"iowa"	"bremer"	NA	NA	"sapindaceae"	"acer"	"saccharinum"	NA	"acer saccharinum"
"8732ec6b-667a-433f-b334-8056a8568f61"	"mwi"	"mwi00050205"	"colchester, argyle lake state park, furthest west portion of lake"	40.46667	-90.8	"united states"	"illinois"	"mcdonough"	"colchester"	111130	"sapindaceae"	"acer"	"saccharinum"	NA	"acer saccharinum"
"87a6f180-9853-400e-a876-6b8a6bdeee34"	"ypm"	"cbs.025996"	"near ''colt's''"	41.7661	-72.6833	"united states"	"connecticut"	"hartford county"	"hartford"	5419	"sapindaceae"	"acer"	"saccharinum"	NA	"acer saccharinum"
"8856afb8-a3a5-4143-bef3-3662a983431d"	"ku"	"42294"	"ottawa, 1.0 mi w"	38.60784	-95.28457	"united states"	"kansas"	"franklin"	NA	NA	"sapindaceae"	"acer"	"saccharinum"	NA	"acer saccharinum"
"89c51ea4-5cf0-4d0e-a399-bdaf7bb650a0"	"ny"	"01527571"	"5.5 air km sw of cleves"	39.132014	-84.799664	"united states"	"ohio"	"hamilton co."	NA	NA	"aceraceae"	"acer"	"saccharinum"	NA	"acer saccharinum l."
"89f279d1-9633-4c5f-99e2-c1db5d2a00b4"	"uconn"	"conn00158699"	"litchfield, south edge of pleasant pond, beside thoroughfare road"	44.15777	-69.93944	"united states"	"maine"	"kennebec county"	"litchfield"	5000	"aceraceae"	"acer"	"saccharinum"	NA	"acer saccharinum l."
"8ad54937-e3ae-4c3c-8ead-b914833ceeda"	"ypm"	"cbs.025992"	NA	41.7635	-72.6153	"united states"	"connecticut"	"hartford county"	"east hartford"	4938	"sapindaceae"	"acer"	"saccharinum"	NA	"acer saccharinum"
"8b7d6b27-9b32-4d8a-9536-9324b7014c36"	"ypm"	"cbs.025990"	NA	41.1932	-73.196	"united states"	"connecticut"	"fairfield county"	"bridgeport"	6473	"sapindaceae"	"acer"	"saccharinum"	NA	"acer saccharinum"
"8b9e3fad-90e1-49c9-b87e-35f75cc2a99c"	"mary"	"13675"	"along college avenue, college park"	38.9861111	-76.9419444	"united states"	"maryland"	"prince george's county"	NA	NA	"sapindaceae"	"acer"	"saccharinum"	NA	"acer saccharinum"
"8c66ddcc-2429-4c93-80bc-e3549b6b4148"	"uconn"	"conn00078900"	"longmeadow"	42.05	-72.56666	"united states"	"massachusetts"	"hampden county"	"longmeadow"	20000	"aceraceae"	"acer"	"saccharinum"	NA	"acer saccharinum l."
"8e8ccbb0-cb0a-4573-8d36-dc083b38107e"	"mary"	"13668"	"pesticides road, beltsville"	39.0330556	-76.8672222	"united states"	"maryland"	"prince george's county"	NA	NA	"sapindaceae"	"acer"	"saccharinum"	NA	"acer saccharinum"
"8f1cdaf7-6c34-4a9b-9577-17097bba4c00"	"ku"	"42207"	"kincaid, 0.75 mi s"	38.0728	-95.15517	"united states"	"kansas"	"anderson"	NA	NA	"sapindaceae"	"acer"	"saccharinum"	NA	"acer saccharinum"
"8f7a997f-7af2-4827-8e98-32dd01093c46"	"ku"	"42287"	"de soto, 3 mi se"	38.94841	-94.92902	"united states"	"kansas"	"johnson"	NA	NA	"sapindaceae"	"acer"	"saccharinum"	NA	"acer saccharinum"
"8faa4120-ace3-476f-a040-bbb18ac7adbe"	"ku"	"112484"	"ft leavenworth military reservation, se corner"	39.335386	-94.913691	"united states"	"kansas"	"leavenworth"	NA	NA	"sapindaceae"	"acer"	"saccharinum"	NA	"acer saccharinum"
"902e7ab7-cd79-4980-afdd-27ff3ed79db5"	"dek"	"dek000091670"	"three miles s.e. of shabbona"	41.753836	-88.877044	"united states"	"illinois"	"dekalb"	"shabbona"	969	"sapindaceae"	"acer"	"saccharinum"	NA	"acer saccharinum"
"9048c62e-fa2f-4c4b-b3e6-dd1285cd30d2"	"mwi"	"mwi00050273"	"macomb, horn field, 0.5 miles south of city, off johnson road on china road"	40.43333	-90.68333	"united states"	"illinois"	"mcdonough"	"macomb"	111130	"sapindaceae"	"acer"	"saccharinum"	NA	"acer saccharinum"
"906b99d5-d4a8-4e12-ab52-e7df9c54e310"	"ku"	"42224"	"galena, 4.5 mi s"	37.01072	-94.63021	"united states"	"kansas"	"cherokee"	NA	NA	"sapindaceae"	"acer"	"saccharinum"	NA	"acer saccharinum"
"9095961b-5f76-436f-a3e7-3bb8e79e4fae"	"cmc"	"cmc00012710"	"[no precise location]"	42.818655	-83.757542	"united states"	"michigan"	"genesee"	NA	969	"sapindaceae"	"acer"	"saccharinum"	NA	"acer saccharinum"
"937c409e-8cc0-4550-916c-e68df287745d"	"msc"	"297118"	"1.5 km east of us-33, between ontario and state line roads, south of niles, bertrand township"	41.7666667	-86.25	"united states"	"michigan"	"berrien"	NA	NA	"aceraceae"	"acer"	"saccharinum"	NA	"acer saccharinum"
"94458be1-8ed9-4ade-ac00-4f88cbd040c4"	"kstc"	"17378"	"emporia"	38.40531	-96.18015	"united states"	"kansas"	"lyon"	NA	NA	"sapindaceae"	"acer"	"saccharinum"	NA	"acer saccharinum"
"946300f2-ef48-4b59-9c5f-a3a6106e3269"	"ypm"	"cbs.026000"	NA	41.9945	-72.6788	"united states"	"connecticut"	"hartford county"	"suffield"	8341	"sapindaceae"	"acer"	"saccharinum"	NA	"acer saccharinum"
"94cc4571-ea06-4307-bcce-c62459cb2a73"	"ku"	"109186"	"unknown"	37.55954	-95.744316	"united states"	"kansas"	"wilson"	NA	NA	"sapindaceae"	"acer"	"saccharinum"	NA	"acer saccharinum"
"94e1450f-bf62-4034-b033-ab69618c93ea"	"mary"	"13686"	"howard county"	39.2597222	-76.9380556	"united states"	"maryland"	"howard county"	NA	NA	"sapindaceae"	"acer"	"saccharinum"	NA	"acer saccharinum"
"957f8357-c672-4794-9490-90176ece4ec7"	"mwi"	"mwi00055702"	"niabi zoo, undeveloped area to the right of niabi zoo, near creek"	42.65278	-88.73889	"united states"	"illinois"	"rock island"	"niabi zoo"	10	"sapindaceae"	"acer"	"saccharinum"	NA	"acer saccharinum"
"95c851bb-0fdc-4c66-a4d5-1e42d91f1e02"	"ku"	"109191"	"atchison, 0.5 mi n, 1.0 mi w"	39.56692	-95.14631	"united states"	"kansas"	"atchison"	NA	NA	"sapindaceae"	"acer"	"saccharinum"	NA	"acer saccharinum"
"9744d7d0-95c2-4880-87fc-b6fe139ca4b9"	"uconn"	"conn00078893"	"banks of the connecticut and salmon rivers"	41.46722	-72.46944	"united states"	"connecticut"	"middlesex county"	"east haddam"	5000	"aceraceae"	"acer"	"saccharinum"	NA	"acer saccharinum l."
"986f54a4-35b0-4543-99a3-1b3bad0e8624"	"ypm"	"cbs.026001"	NA	41.9945	-72.6788	"united states"	"connecticut"	"hartford county"	"suffield"	8341	"sapindaceae"	"acer"	"saccharinum"	NA	"acer saccharinum"
"98e3bbec-f97d-47da-b752-9c689574cdde"	"ypm"	"yu.057767"	NA	41.8475	-73.3298	"united states"	"connecticut"	"litchfield county"	"cornwall"	10100	"sapindaceae"	"acer"	"saccharinum"	NA	"acer saccharinum"
"996b663d-b1f0-46e9-8fc0-6c538db14f72"	"ills"	NA	"tomlin timber nature p:reserve. about one mile west of easton and then 2 miles south. easton quadrangle, elevation about 530 feet. the illinois river sands section of the illinois & mississippi rivers sands area natural division. (wgs84/nad83)"	40.20049	-89.85922	"united states"	"illinois"	"mason"	NA	NA	"aceraceae"	"acer"	"saccharinum"	NA	"acer saccharinum"
"9972f999-60f7-4063-9c14-c96d5834b9b9"	"mary"	"35305"	"prince george's county"	38.9861111	-76.9419444	"united states"	"maryland"	"prince george's county"	NA	NA	"sapindaceae"	"acer"	"saccharinum"	NA	"acer saccharinum"
"9b223470-5a67-443f-a29e-8b07d3ce53e6"	"ypm"	"yu.057767"	NA	41.8475	-73.3298	"united states"	"connecticut"	"litchfield county"	"cornwall"	10100	"sapindaceae"	"acer"	"saccharinum"	NA	"acer saccharinum"
"9b9d36e8-3b21-4ee7-8b7a-f89a368083a4"	"ku"	"357232"	"floyd, 1 mi n, 1 mi e"	43.14201	-92.71185	"united states"	"iowa"	"floyd"	NA	NA	"sapindaceae"	"acer"	"saccharinum"	NA	"acer saccharinum"
"9cdf0665-947f-44b2-af96-efeb0f79577e"	"ku"	"314199"	"davis city, 2 mi nw"	40.65472	-93.85361	"united states"	"iowa"	"decatur"	NA	NA	"sapindaceae"	"acer"	"saccharinum"	NA	"acer saccharinum"
"9d23272f-6f47-46b0-a6ef-e57901766d09"	"uconn"	"conn00158539"	"hinsdale, ashuelot river"	42.78611	-72.48638	"united states"	"new hampshire"	"cheshire county"	"hinsdale"	5000	"aceraceae"	"acer"	"saccharinum"	NA	"acer saccharinum l."
"9d55a516-6099-4f9d-92f4-08825ad1b5f7"	"uconn"	"conn00078793"	"along dirt road parallel to the ct. river at the end of vibert rd., so. windsor, ct., hartford co."	41.83222	-72.57027	"united states"	"connecticut"	"hartford county"	"south windsor"	20000	"aceraceae"	"acer"	"saccharinum"	NA	"acer saccharinum l."
"9e06de04-04fe-424e-ba97-83e5d107c056"	"rsa"	"rsa722152"	"along sacramento river just south of butte city, near boat launch"	39.4402	-121.9984	"united states"	"california"	"glenn"	NA	3500	"sapindaceae"	"acer"	"saccharinum"	NA	"acer saccharinum"
"9e188e8e-9b61-4e05-a65c-74a566e594d2"	"eiu"	NA	"north of the butterfield subdivision, south of builter rd."	41.816667	-88.25	"united states"	"illinois"	"du page"	NA	NA	"sapindaceae"	"acer"	"saccharinum"	NA	"acer saccharinum"
"9e9bb655-ce68-4a52-b986-871e8735d7db"	"mwi"	"mwi00054983"	"versailles, railroad #1 main street, yard on west side of street"	39.8879	-90.65746	"united states"	"illinois"	"brown"	"versailles"	10	"sapindaceae"	"acer"	"saccharinum"	NA	"acer saccharinum"
"9edd365f-7e0f-4d3e-976d-763effa2a344"	"ills"	NA	"sweetfern sand savanna land and water reserve. approximately half a mile north of pembroke school."	41.07631	-87.58944	"united states"	"illinois"	"kankakee"	NA	NA	"aceraceae"	"acer"	"saccharinum"	NA	"acer saccharinum"
"a04854e2-2a22-433a-8e9a-8bbd14e8105b"	"uconn"	"conn00070249"	"mansfield center, wolfrock section of nipmuck trail, crane hill road."	41.76527	-72.19861	"united states"	"connecticut"	"tolland county"	"mansfield"	20000	"aceraceae"	"acer"	"saccharinum"	NA	"acer saccharinum l."
"a0cf5646-1424-4afb-b675-ead19c72624d"	"lsu"	"lsu00118325"	"sabine river at public boat launch at terminus of palmer lake road, s of jct. w/mouth of the creek road, ca 3 mi w of jct. w/la 111 at a point just north of the community of junction and us 190."	30.8355556	-93.5672222	"united states"	"louisiana"	"beauregard parish"	NA	NA	"aceraceae"	"acer"	"saccharinum"	NA	"acer saccharinum"
"a0f54e25-0718-43b7-921a-94d1746ddd1b"	"mwi"	"mwi00051533"	"roseville, 2 miles east on 80th avenue past 90th street"	42.725	-87.33611	"united states"	"illinois"	"warren"	"roseville"	10	"sapindaceae"	"acer"	"saccharinum"	NA	"acer saccharinum"
"a1afcef1-072a-4863-bab0-4bae7b511f83"	"uconn"	"conn00078803"	"bank of housatonic river"	41.21638	-73.10972	"united states"	"connecticut"	"new haven county"	"milford"	20000	"aceraceae"	"acer"	"saccharinum"	NA	"acer saccharinum l."
"a2b7214d-fe95-4fb3-8a2c-c797af6a9de4"	"ku"	"42285"	"lebo, 0.5 mi n, 9 mi e"	38.42189	-95.69519	"united states"	"kansas"	"coffey"	NA	NA	"sapindaceae"	"acer"	"saccharinum"	NA	"acer saccharinum"
"a32cea4e-510e-4eea-bd5c-fa939b79f0c8"	"kstc"	"17358"	"georgetown, 2 mi w"	38.29829	-86.01162	"united states"	"indiana"	"floyd"	NA	NA	"sapindaceae"	"acer"	"saccharinum"	NA	"acer saccharinum"
"a4f0053b-4a5d-4b3a-9b9e-625a15acb702"	"ttrs"	"ttrs_000002994"	"spacimens with staminate floweers and those with pistillate flowers taken from separate trees.  small trees in floodplain woodland, apalachicola river, chattahoochee."	30.5797452854	-84.6135341599	"united states"	"florida"	"gadsden"	NA	NA	"aceraceae"	"acer"	"saccharinum"	NA	"acer saccharinum"
"a536ffb2-fcca-4c89-bc9c-7a4ef53065b4"	"rsa"	"rsa585686"	"big rock creek: just above confluence of holcomb canyon creek, between big rock creek road and mouth of holcomb canyon"	34.4168	-117.8384	"united states"	"california"	"los angeles"	NA	200	"sapindaceae"	"acer"	"saccharinum"	NA	"acer saccharinum"
"a59f72d4-c833-4c69-a3ac-ca277484213b"	"ypm"	"yu.057773"	"flood plain forest"	41.8714	-72.6736	"united states"	"connecticut"	"hartford county"	"windsor"	7885	"sapindaceae"	"acer"	"saccharinum"	NA	"acer saccharinum"
"a5b595d3-dcfa-46ee-b4ed-496ce3453e8d"	"mary"	"13679"	"riverdale"	39.099276	-76.535796	"united states"	"maryland"	"anne arundel county"	NA	NA	"sapindaceae"	"acer"	"saccharinum"	NA	"acer saccharinum"
"a6a5af0d-100e-4787-abc3-3f695bbfb714"	"mary"	"13676"	"patomac river in weverton"	39.3275	-77.6822222	"united states"	"maryland"	"washington county"	NA	NA	"sapindaceae"	"acer"	"saccharinum"	NA	"acer saccharinum"
"a74a0c14-3cd1-4c40-8a8c-39f41795f0d1"	"ttrs"	"ttrs_000002993"	"small tree, banks of the apalachicola river, just downstream from locks at jim woodruff dam. [ed note: original label shows epithet saccharinum marked out in pen and replaced with saccharum, presumably by rkg. however, fruit appeas to be that of sacharinum. g. nelson 2/22/2007]"	30.7958063705	-85.2158868227	"united states"	"florida"	"jackson"	NA	NA	"aceraceae"	"acer"	"saccharinum"	NA	"acer saccharinum"
"a7d95d2a-f363-4d5f-bb4a-38528efff07d"	"dbg"	"khd00033243"	"majestic view nature center; 7030 garrison street, arvada, co."	39.821694	-105.099601	"united states"	"colorado"	"jefferson county"	NA	1000	"aceraceae"	"acer"	"saccharinum"	NA	"acer saccharinum"
"a8635261-cd9c-4f3d-be20-6934e4f83bcf"	"ills"	NA	"iroquois woods nature preserve, otto township, 4 miles south of kankakee, il"	41.04705	-87.84941	"united states"	"illinois"	"kankakee"	NA	NA	"aceraceae"	"acer"	"saccharinum"	NA	"acer saccharinum"
"a9167258-74d0-498b-b4db-3e9a5625ac22"	"ku"	"360632"	"mcbaine, 2 mi s"	38.85799	-92.45799	"united states"	"missouri"	"boone"	NA	NA	"sapindaceae"	"acer"	"saccharinum"	NA	"acer saccharinum"
"ab38bb17-043f-4e0d-ac70-de7e5d74b9a1"	"uconn"	"conn00078889"	"middletown-cromwell meadows"	41.57448	-72.65876	"united states"	"connecticut"	"middlesex county"	"middletown"	5000	"aceraceae"	"acer"	"saccharinum"	NA	"acer saccharinum l."
"ac4b0c05-01d3-43f3-a59e-60c6c8d12495"	"ills"	NA	"bonnieäó»s prairie nature preserve"	40.83089	-87.73542	"united states"	"illinois"	"iroquois"	NA	NA	"aceraceae"	"acer"	"saccharinum"	NA	"acer saccharinum"
"ac7d52ce-52ad-4e71-8451-6bc505bf0c66"	"mwi"	"mwi00050814"	"wataga, o'connor farms"	41.58056	-89.40278	"united states"	"illinois"	"knox"	"wataga"	31	"sapindaceae"	"acer"	"saccharinum"	NA	"acer saccharinum"
"ac82329d-e1d6-42c0-9b51-511bed17b220"	"ypm"	"yu.057765"	"on east side of rt. 95, 1/2 mile south of montowese ave. exit"	41.3817	-72.8575	"united states"	"connecticut"	"new haven county"	"north haven"	6073	"sapindaceae"	"acer"	"saccharinum"	NA	"acer saccharinum"
"ad0ed47f-2034-4243-9970-aea9c15d9625"	"ku"	"42218"	"ft scott, 5 mi n, 3 mi e"	37.90716	-94.65111	"united states"	"kansas"	"bourbon"	NA	NA	"sapindaceae"	"acer"	"saccharinum"	NA	"acer saccharinum"
"ad6d132b-fb72-46f6-936a-c24ca0e668c4"	"cmc"	"cmc00012718"	"[no precise location]"	43.589829	-84.777617	"united states"	"michigan"	"isabella"	NA	969	"sapindaceae"	"acer"	"saccharinum"	NA	"acer saccharinum"
"adf82a45-52fe-4778-9b01-fe459464c52d"	"mwi"	"mwi00052350"	"burton cave"	39.886018	-91.24889	"united states"	"illinois"	"adams"	"burton cave"	2000	"sapindaceae"	"acer"	"saccharinum"	NA	"acer saccharinum"
"ae050267-588e-45a8-bc87-4a932087a93a"	"uconn"	"conn00078796"	NA	41.54833	-72.65416	"united states"	"connecticut"	"middlesex county"	"middletown"	20000	"aceraceae"	"acer"	"saccharinum"	NA	"acer saccharinum l."
"af6f62d5-cb45-41d9-8fd5-0f5206367c2b"	"ills"	NA	"bonnie's prairie nature preserve. 3.5 mile north of watseka, 0.5 mile east of route 1, south of and along county road 2200n (wgs84/nad83)."	40.83012	-87.73561	"united states"	"illinois"	"iroquois"	NA	NA	"aceraceae"	"acer"	"saccharinum"	NA	"acer saccharinum"
"aff95278-9696-442c-a53f-725d6fedeec5"	"ku"	"42279"	"arkansas city, 4 mi nw"	37.109894	-97.091964	"united states"	"kansas"	"cowley"	NA	NA	"sapindaceae"	"acer"	"saccharinum"	NA	"acer saccharinum"
"b0a386b5-1377-49fd-a113-1eac574f9e1e"	"rsa"	"rsa486342"	"white mtns: bottom of cottonwood creek canyon along creek, 4 miles s58\'w of oasis junction"	37.4576	-117.9724	"united states"	"california"	"inyo"	NA	200	"sapindaceae"	"acer"	"saccharinum"	NA	"acer saccharinum"
"b1545647-3c28-42d7-b03c-860aa4d1f9b0"	"ku"	"305329"	"ottawa, s edge of town"	38.5750008	-95.2708359	"united states"	"kansas"	"franklin"	NA	NA	"sapindaceae"	"acer"	"saccharinum"	NA	"acer saccharinum"
"b264b0bd-3067-4b36-806b-9e64e2746cba"	"ku"	"320424"	"frederika, w side of town"	42.885565	-92.309176	"united states"	"iowa"	"bremer"	NA	NA	"sapindaceae"	"acer"	"saccharinum"	NA	"acer saccharinum"
"b2d3b803-221d-4c72-971d-1821f75547f4"	"uconn"	"conn00078801"	NA	41.18638	-73.19611	"united states"	"connecticut"	"fairfield county"	"bridgeport"	20000	"aceraceae"	"acer"	"saccharinum"	NA	"acer saccharinum l."
"b344363c-73d1-4842-bf76-b6382da184ac"	"uconn"	"conn00078903"	"indian well state park"	41.34111	-73.12722	"united states"	"connecticut"	"fairfield county"	"shelton"	5000	"aceraceae"	"acer"	"saccharinum"	NA	"acer saccharinum l."
"b3a68056-d9a9-4556-a8c1-9995bb78fe1e"	"mary"	"13677"	"college avenue, college park"	38.9861111	-76.9419444	"united states"	"maryland"	"prince george's county"	NA	NA	"sapindaceae"	"acer"	"saccharinum"	NA	"acer saccharinum"
"b44087de-69f0-4399-b965-a2b6751b1791"	"mwi"	"mwi00052351"	"burton cave"	39.886018	-91.24889	"united states"	"illinois"	"adams"	"burton cave"	2000	"sapindaceae"	"acer"	"saccharinum"	NA	"acer saccharinum"
"b52e1516-5ccd-45e2-a165-35782790b1f2"	"chsc"	"chsc66428"	"sacramento river national wildlife refuge, llano seco unit. u.s. fish and wildlife service parcel between 7 mile lane and the sacramento river"	39.5672222222222	-121.986666666667	"united states"	"california"	"butte"	NA	412	"sapindaceae"	"acer"	"saccharinum"	NA	"acer saccharinum"
"b695dd69-31b7-4e38-b3a5-01daa97df62d"	"ills"	NA	"approximately 1 mile east of hagarstown, on southwest edge of vandalia, il, on south side of route 140. wgs84/nad83."	38.94111	-89.13699	"united states"	"illinois"	"fayette"	NA	NA	"aceraceae"	"acer"	"saccharinum"	NA	"acer saccharinum"
"b78b4a6b-5919-4bd0-b928-8117b7146dd9"	"uconn"	"conn00032250"	"sheffield island, stewart b. mckinney national wildlife refuge"	41.05138	-73.41666	"united states"	"connecticut"	"fairfield county"	"norwalk"	2	"aceraceae"	"acer"	"saccharinum"	NA	"acer saccharinum l."
"b7b2c04a-942a-41e6-ad33-0c7e579c5288"	"mwi"	"mwi00050212"	"silver springs state park, east side of pond against the forest edge"	41.77222	-89.07778	"united states"	"illinois"	"kendall"	"silver springs state park"	31	"sapindaceae"	"acer"	"saccharinum"	NA	"acer saccharinum"
"b7ee68aa-584e-4f6b-b315-8066513a5154"	"ills"	NA	"funk's grove nature preserve is an 18 acre tract of land within a larger parcel known as funk's grove, one of the largest remnants of virgin forest in illinois. the grove contains mesic upland forest of the grand prairie natural division."	40.36171	-89.11833	"united states"	"illinois"	"mclean"	NA	NA	"aceraceae"	"acer"	"saccharinum"	NA	"acer saccharinum"
"b83176fa-d4eb-4ee9-aa1b-dd6fa19e5652"	"ypm"	"cbs.026007"	"along a road in cedar hill cemetery, near the center pond (apparently planted by the caretaker)"	41.7661	-72.6833	"united states"	"connecticut"	"hartford county"	"hartford"	5419	"sapindaceae"	"acer"	"saccharinum"	NA	"acer saccharinum"
"b8dcdbae-3d7f-4321-ad66-126f0991e31b"	"ku"	"109183"	"unknown"	38.675881	-96.645003	"united states"	"kansas"	"morris"	NA	NA	"sapindaceae"	"acer"	"saccharinum"	NA	"acer saccharinum"
"b91f5107-8d6e-417a-9bf4-4357279491bf"	"ku"	"109184"	"neal, 2.6 mi e"	37.83297	-96.03202	"united states"	"kansas"	"greenwood"	NA	NA	"sapindaceae"	"acer"	"saccharinum"	NA	"acer saccharinum"
"ba2933f6-5900-43e5-aecf-242e31ffb816"	"ny"	"02200527"	"west of georgetown, along raccoon ditch road (road 517 & 522a) at the sharp corner north of mccolley’s branch, along roadside."	38.684617	-75.436842	"united states"	"delaware"	"sussex co."	NA	NA	"aceraceae"	"acer"	"saccharinum"	NA	"acer saccharinum l."
"ba8819dc-6458-48bb-aeea-fa46bb766f0e"	"chsc"	"chsc43582"	"bidwell river state park ca. 30 ft. n of big chico creek"	39.7047222222222	-121.94	"united states"	"california"	"butte"	NA	412	"sapindaceae"	"acer"	"saccharinum"	NA	"acer saccharinum"
"bac922db-f51b-4399-ad4e-8ba3b0095e12"	"utc"	"utc00265733"	"capitol street bridge and boise river, boise"	43.625	-116.183	"united states"	"idaho"	"ada co."	NA	NA	"aceraceae"	"acer"	"saccharinum"	NA	"acer saccharinum"
"bbd0f8de-d67a-4950-bf31-46cf7e4cdd07"	"ills"	NA	"grand prairie section of the grand prairie natural division of illinois. embarras river bluffs natural heritage landmark. jim payne property. 3.4 mile south x southwest of oakland, illinois and 5.5 mile north-northwest of ashmore, illinois. take lane going west just north of the oak grove church and cemetery. edge of upland woods and open farm field at head of ravine."	39.61386	-88.05109	"united states"	"illinois"	"coles"	NA	NA	"aceraceae"	"acer"	"saccharinum"	NA	"acer saccharinum"
"bc0a4de8-5878-41a2-933a-a51254eb04c8"	"uconn"	"conn00072308"	"farmington river, below dam"	41.90027	-72.67916	"united states"	"connecticut"	"hartford county"	"windsor"	20000	"aceraceae"	"acer"	"saccharinum"	NA	"acer saccharinum l."
"be681215-8b88-48a0-897b-727fa1286cdf"	"ypm"	"yu.057803"	NA	41.3113	-72.9246	"united states"	"connecticut"	"new haven county"	"new haven"	7484	"sapindaceae"	"acer"	"saccharinum"	NA	"acer saccharinum"
"bed9cb24-688d-49f9-a952-c7751bb78150"	"uconn"	"conn00053641"	"syracuse university campus, syracuse. bank behind waer radio station."	43.03777	-76.135	"united states"	"new york"	"onondaga county"	"syracuse"	20000	"aceraceae"	"acer"	"saccharinum"	NA	"acer saccharinum l."
"c046659c-4264-4d7e-9171-f53c73953472"	"ku"	"114043"	"concordia, 1 mi n along us 81 on n side of republican river"	39.590123	-97.657211	"united states"	"kansas"	"cloud"	NA	NA	"sapindaceae"	"acer"	"saccharinum"	NA	"acer saccharinum"
"c0b718ac-92f1-4731-82ee-1951cc43aa30"	"mary"	"41884"	"behind apts, new hampshire ave."	38.9769444	-77.0069444	"united states"	"maryland"	"prince george's county"	NA	NA	"sapindaceae"	"acer"	"saccharinum"	NA	"acer saccharinum"
"c158cdc0-a898-4ecd-a58a-05ae466cebf8"	"ku"	"42225"	"galena, 1.3 mi s"	37.05686	-94.63021	"united states"	"kansas"	"cherokee"	NA	NA	"sapindaceae"	"acer"	"saccharinum"	NA	"acer saccharinum"
"c237f170-f7a7-4750-afc4-8cf2c7f62dc3"	"kstc"	"17376"	"quenemo"	38.57972	-95.52667	"united states"	"kansas"	"osage"	NA	NA	"sapindaceae"	"acer"	"saccharinum"	NA	"acer saccharinum"
"c33bc313-ff5e-4649-b12a-9918e75ebadf"	"uconn"	"conn00063566"	"north shore of catlin island, winooski river"	44.48888	-73.1425	"united states"	"vermont"	"chittenden county"	"south burlington"	20000	"aceraceae"	"acer"	"saccharinum"	NA	"acer saccharinum l."
"c38f1599-b3d8-41d1-b53d-6f7a0dc4278f"	"uconn"	"conn00078791"	"lime rock"	41.93361	-73.38972	"united states"	"connecticut"	"litchfield county"	"salisbury"	1	"aceraceae"	"acer"	"saccharinum"	NA	"acer saccharinum l."
"c48d815a-f186-49f8-9eb6-5055971ff171"	"uconn"	"conn00078890"	"haddam meadows state park, on west side of river, between boat launch and island, haddam state park"	41.48	-72.50805	"united states"	"connecticut"	"middlesex county"	"haddam"	5000	"aceraceae"	"acer"	"saccharinum"	NA	"acer saccharinum l."
"c4c756c9-79e9-44de-ab4b-e396f9f64a3f"	"ku"	"337086"	"busby, 1 mi s, 2 mi e"	37.4530556	-96.0083333	"united states"	"kansas"	"elk"	NA	NA	"sapindaceae"	"acer"	"saccharinum"	NA	"acer saccharinum"
"c4f9d54e-24cb-4ea3-a1b2-d7622317937f"	"uconn"	"conn00078805"	"dead man's swamp, cromwell"	41.60305	-72.63638	"united states"	"connecticut"	"middlesex county"	"cromwell"	20000	"aceraceae"	"acer"	"saccharinum"	NA	"acer saccharinum l."
"c5271c11-a51f-45ca-a574-3fa217c4df45"	"cmc"	"cmc00012729"	"[no precise location]"	43.589928	-84.737583	"united states"	"michigan"	"isabella"	NA	969	"sapindaceae"	"acer"	"saccharinum"	NA	"acer saccharinum"
"c5edc815-ba56-4f2c-bf03-622d2355712a"	"mary"	"35306"	"westbrook dr., new carrollton"	38.9661111	-76.8763889	"united states"	"maryland"	"prince george's county"	NA	NA	"sapindaceae"	"acer"	"saccharinum"	NA	"acer saccharinum"
"c7aff19a-f56d-4264-bc8a-beab89a920b2"	"ypm"	"yu.057772"	"banks of connecticut river, near higganum"	41.4675	-72.5461	"united states"	"connecticut"	"middlesex county"	"haddam"	8764	"sapindaceae"	"acer"	"saccharinum"	NA	"acer saccharinum"
"c873f056-748d-48d3-ab10-b8665077ade1"	"mary"	"42344"	"university of maryland, college park"	38.9861111	-76.9419444	"united states"	"maryland"	"prince george's county"	NA	NA	"sapindaceae"	"acer"	"saccharinum"	NA	"acer saccharinum"
"c87e3aa6-7f9d-4a5f-af74-51a3f5f3f2fd"	"uconn"	"conn00078901"	"vic. st. louis, mo."	38.62722	-90.19777	"united states"	"missouri"	"st. louis county"	"st. louis"	NA	"aceraceae"	"acer"	"saccharinum"	NA	"acer saccharinum l."
"c9826e5b-ed71-435b-99c1-910393249ea0"	"ku"	"42206"	"paola, 6.0 mi s"	38.48437	-94.86964	"united states"	"kansas"	"miami"	NA	NA	"sapindaceae"	"acer"	"saccharinum"	NA	"acer saccharinum"
"ca01a414-d39f-425f-b922-48709f71bb09"	"ypm"	"cbs.026026"	NA	41.6921	-72.5472	"united states"	"connecticut"	"hartford county"	"glastonbury"	9532	"sapindaceae"	"acer"	"saccharinum"	NA	"acer saccharinum"
"ca58c871-cd16-4642-897a-9488fb53dfd1"	"ku"	"42219"	"lawrence, 5 mi se"	38.90575	-95.18453	"united states"	"kansas"	"douglas"	NA	NA	"sapindaceae"	"acer"	"saccharinum"	NA	"acer saccharinum"
"cb531fbb-f9bd-4504-bcbe-3c81676b7c35"	"ku"	"113723"	"clay center, 1 mi s along ks 15"	39.356836	-97.128126	"united states"	"kansas"	"clay"	NA	NA	"sapindaceae"	"acer"	"saccharinum"	NA	"acer saccharinum"
"cce081e1-616e-41af-a880-5795bd130f9c"	"ypm"	"cbs.025993"	NA	41.367	-72.717	"united states"	"connecticut"	"new haven county"	"north guilford"	5062	"sapindaceae"	"acer"	"saccharinum"	NA	"acer saccharinum"
"cd7da33a-7301-49ca-bc56-7cb9ed377dee"	"dbg"	"khd00000522"	"denver, fairmont cemetery"	39.704847	-104.897056	"united states"	"colorado"	"denver county"	NA	5000	"aceraceae"	"acer"	"saccharinum"	NA	"acer saccharinum"
"cd9d19ad-22af-4d87-a2bb-728abbf32dc2"	"ku"	"42205"	"palco, 0.5 mi n"	39.26066	-99.56255	"united states"	"kansas"	"rooks"	NA	NA	"sapindaceae"	"acer"	"saccharinum"	NA	"acer saccharinum"
"cda493f4-0115-4b11-972f-8428a6eb870d"	"ku"	"42198"	"wyandotte county park"	39.16318	-94.78108	"united states"	"kansas"	"wyandotte"	NA	NA	"sapindaceae"	"acer"	"saccharinum"	NA	"acer saccharinum"
"cec9c5bc-049a-4801-a907-36554b98666d"	"kstc"	"17353"	"emporia"	38.40531	-96.18015	"united states"	"kansas"	"lyon"	NA	NA	"sapindaceae"	"acer"	"saccharinum"	NA	"acer saccharinum"
"cf91dd18-0892-419b-a040-43779167aba3"	"ku"	"328917"	"ku rockefeller tract"	39.04756	-95.20112	"united states"	"kansas"	"jefferson"	NA	NA	"sapindaceae"	"acer"	"saccharinum"	NA	"acer saccharinum"
"d07bea26-ecdf-4bd5-9b29-973eb2acffe2"	"cmc"	"cmc00012717"	"[no precise location]"	43.589829	-84.777617	"united states"	"michigan"	"isabella"	NA	969	"sapindaceae"	"acer"	"saccharinum"	NA	"acer saccharinum"
"d14077a2-9c67-4939-abb8-70de057103ba"	"ku"	"351788"	"miami, n side of town"	39.3257	-93.2287	"united states"	"missouri"	"saline"	NA	NA	"sapindaceae"	"acer"	"saccharinum"	NA	"acer saccharinum"
"d1a371a7-325b-4e96-8de7-2abee37840f3"	"mwi"	"mwi00055192"	"siloam springs state park, along the road near playground equipment, a few feet away"	39.89211	-90.93668	"united states"	"illinois"	"adams"	"siloam springs state park"	10	"sapindaceae"	"acer"	"saccharinum"	NA	"acer saccharinum"
"d1f5042e-d8c4-4e22-a32e-d35a01341a8a"	"eiu"	NA	"south of builter rd."	41.816667	-88.25	"united states"	"illinois"	"dupage"	NA	NA	"sapindaceae"	"acer"	"saccharinum"	NA	"acer saccharinum"
"d28a1091-f207-49c6-b0bf-14c92a84f26b"	"ku"	"42196"	"iola, 2.0 mi w"	37.92809	-95.4361	"united states"	"kansas"	"allen"	NA	NA	"sapindaceae"	"acer"	"saccharinum"	NA	"acer saccharinum"
"d2b933be-7db5-474f-84c0-a188622d7922"	"mary"	"47012"	"greenbelt lake"	39.0041667	-76.8883333	"united states"	"maryland"	"prince george's county"	NA	NA	"sapindaceae"	"acer"	"saccharinum"	NA	"acer saccharinum"
"d3396d1b-d724-4a73-a9c7-694a6d8d6266"	"ypm"	"cbs.026004"	"escaped at old nursery"	41.7011	-72.6703	"united states"	"connecticut"	"hartford county"	"wethersfield"	4657	"sapindaceae"	"acer"	"saccharinum"	NA	"acer saccharinum"
"d474e809-4fbc-42a7-b5e1-2f4ca0f1c9eb"	"kstc"	"17373"	"wathena"	39.75916	-94.94969	"united states"	"kansas"	"doniphan"	NA	NA	"sapindaceae"	"acer"	"saccharinum"	NA	"acer saccharinum"
"d4df2e5b-d38e-4b08-8f87-85c701233e1f"	"ku"	"356324"	"welda, 1 mi e"	38.16951	-95.27647	"united states"	"kansas"	"anderson"	NA	NA	"sapindaceae"	"acer"	"saccharinum"	NA	"acer saccharinum"
"d4ffaed7-eb00-4cdc-af0c-59287202e442"	"msc"	"291590"	"south side of first boardwalk along blue-green trail, lake lansing park north"	42.7676389	-84.3878889	"united states"	"michigan"	"ingham"	NA	NA	"aceraceae"	"acer"	"saccharinum"	NA	"acer saccharinum"
"d59ec03c-0e77-4dc6-be6d-6b264420bd71"	"ku"	"42290"	"wetmore, 11.0 mi n"	39.78976	-95.81111	"united states"	"kansas"	"nemaha"	NA	NA	"sapindaceae"	"acer"	"saccharinum"	NA	"acer saccharinum"
"d5a95353-58e7-47a0-9b34-0a617fcb24e0"	"ills"	NA	"old farm house site on west side of oäó»brien road [4000 w] just north of holt road, about 3 miles due wnw of minooka. coordinate datum wgs 84 / nad 83. 41?á 28' 9.7"" north; -88?á 19' 48.8"""	41.46936	-88.33023	"united states"	"illinois"	"grundy"	NA	NA	"aceraceae"	"acer"	"saccharinum"	NA	"acer saccharinum"
"d5cb67dc-dd8b-4c53-b028-add609f79043"	"mary"	"53888"	"berwyn heights"	38.9941667	-76.9102778	"united states"	"maryland"	"prince george's county"	NA	NA	"sapindaceae"	"acer"	"saccharinum"	NA	"acer saccharinum"
"d60f77ea-6943-41a4-aecc-4acf47094dac"	"ku"	"361340"	"dalton, 3.6 mi sw"	39.35667	-93.03341	"united states"	"missouri"	"chariton"	NA	NA	"sapindaceae"	"acer"	"saccharinum"	NA	"acer saccharinum"
"d62ea0bd-f7eb-4fba-8d8c-e88d955b58e3"	"ypm"	"cbs.026006"	NA	41.2069	-73.4399	"united states"	"connecticut"	"fairfield county"	"wilton"	6445	"sapindaceae"	"acer"	"saccharinum"	NA	"acer saccharinum"
"d63138a7-86d8-41ab-b458-ec07e548d88d"	"ku"	"42204"	"olpe, 3 mi e"	38.26245	-96.11062	"united states"	"kansas"	"lyon"	NA	NA	"sapindaceae"	"acer"	"saccharinum"	NA	"acer saccharinum"
"d697e7e2-d9e2-4520-ab55-cb7e5b147acb"	"mwi"	"mwi00051568"	"near maquon, bridgeport road, west on 250n past 1000e"	40.81944	-87.36389	"united states"	"illinois"	"knox"	"near maquon"	10	"sapindaceae"	"acer"	"saccharinum"	NA	"acer saccharinum"
"d709ba30-5d78-407e-94ba-89bd6cf99979"	"ku"	"42220"	"lawrence, 5 mi se"	38.90575	-95.18453	"united states"	"kansas"	"douglas"	NA	NA	"sapindaceae"	"acer"	"saccharinum"	NA	"acer saccharinum"
"d72f1f37-50cc-4fa8-b5f0-04cc08076d99"	"ills"	NA	"grant creek nature preserve on the des plaines state conservation area property. along the east side of interstate 55, exit 241 near wilmington, go to the east frontage road of interstate 55, then turn north and go 0.8 mile. grand prairie section of the grand prairie natural division. coordinate datum: wgs84/nad83."	41.36197	-88.19041	"united states"	"illinois"	"will"	NA	NA	"aceraceae"	"acer"	"saccharinum"	NA	"acer saccharinum"
"d8898535-94b9-4522-980f-1aaa6a21ca21"	"ills"	NA	"montgomery. magazine battery park on the south bank of the alabama river."	32.383454	-86.330233	"united states"	"alabama"	"montgomery"	NA	NA	"aceraceae"	"acer"	"saccharinum"	NA	"acer saccharinum"
"d91f7a46-af4f-44f4-95a7-9b6836ef4f2d"	"ku"	"42208"	"moline, 0.5 mi e"	37.36473	-96.29029	"united states"	"kansas"	"elk"	NA	NA	"sapindaceae"	"acer"	"saccharinum"	NA	"acer saccharinum"
"d958f5b7-cb48-4856-8b1e-dd71f0d3b233"	"mor"	"0050462mor"	"the morton arboretum, east side. p95/area, w edge of spikerush marsh (no standing water at this time) in moist ground along a wooded edge."	41.8156	-88.0533	"united states"	"illinois"	"dupage"	NA	NA	"sapindaceae"	"acer"	"saccharinum"	NA	"acer saccharinum"
"d9a2048d-babe-4c94-9a3d-c9b1de867a98"	"uconn"	"conn00078886"	NA	41.18638	-73.19611	"united states"	"connecticut"	"fairfield county"	"bridgeport"	20000	"aceraceae"	"acer"	"saccharinum"	NA	"acer saccharinum l."
"db467db7-f9c4-4a67-be9b-7198f2ce8aef"	"ku"	"42210"	"stafford, 5 mi w"	37.9621	-98.69161	"united states"	"kansas"	"stafford"	NA	NA	"sapindaceae"	"acer"	"saccharinum"	NA	"acer saccharinum"
"db751e9e-df3e-4043-9dd8-aa85b8699ff6"	"mwi"	"mwi00052480"	"east of delong, n700 past county highway 8"	43.46944	-88.86111	"united states"	"illinois"	"knox"	"east of delong"	10	"sapindaceae"	"acer"	"saccharinum"	NA	"acer saccharinum"
"db8d01c1-e4cd-4840-861d-642395fe971b"	"ypm"	"yu.057781"	"backyard of 285 dwight st"	41.3114	-72.9247	"united states"	"connecticut"	"new haven county"	"new haven"	7484	"sapindaceae"	"acer"	"saccharinum"	NA	"acer saccharinum"
"dc92370f-6491-45ee-bb25-d2d457b6588b"	"ucd"	"ucd117138"	"sacramento county: american river recreation trail, east of union pacific trestle, sacramento"	38.5888	-121.4442	"united states"	"california"	"sacramento"	NA	580	"sapindaceae"	"acer"	"saccharinum"	NA	"acer saccharinum"
"dcd81c81-ed98-4b31-937f-f6ea79149300"	"ku"	"42202"	"hoxie, 2 mi e"	39.35547	-100.40018	"united states"	"kansas"	"sheridan"	NA	NA	"sapindaceae"	"acer"	"saccharinum"	NA	"acer saccharinum"
"dd4cb092-d303-4825-a65a-55ab1f62dfb1"	"ku"	"109180"	"t34s, r25e, sec 19, e central part"	37.067582	-94.708493	"united states"	"kansas"	"cherokee"	NA	NA	"sapindaceae"	"acer"	"saccharinum"	NA	"acer saccharinum"
"df2fb6ef-1543-4869-90bb-4307fc383e22"	"ypm"	"yu.057788"	NA	41.3113	-72.9246	"united states"	"connecticut"	"new haven county"	"new haven"	7484	"sapindaceae"	"acer"	"saccharinum"	NA	"acer saccharinum"
"dff0e13a-7b9e-4716-9788-bd7cea0b952b"	"ku"	"358829"	"brandon, 1 mi s, 3.5 mi e"	42.29792	-91.92623	"united states"	"iowa"	"buchanan"	NA	NA	"sapindaceae"	"acer"	"saccharinum"	NA	"acer saccharinum"
"e09a4b7b-7b9b-4cdc-81d8-1515e8d1075b"	"mary"	"13667"	"cascade"	39.7102778	-77.4894444	"united states"	"maryland"	"washington county"	NA	NA	"sapindaceae"	"acer"	"saccharinum"	NA	"acer saccharinum"
"e13cec84-f97e-4957-81a6-b62ce54a9685"	"ku"	"109537"	"de soto, 2.5 mi s, 0.5 mi w; sunflower army ammunition plant"	38.930961	-94.985448	"united states"	"kansas"	"johnson"	NA	NA	"sapindaceae"	"acer"	"saccharinum"	NA	"acer saccharinum"
"e27bc04b-22fa-4a9d-b365-78de8b6de387"	"ills"	NA	"midewin national tall grass prairie, south patrol road prairie restoration area. grand prairie section of the grand prairie natural division. about 1.75 mile northeast of wilmington, east of the kankakee river and about 1 mile east and about 0.25 mile south of where interstate 55 crosses over the kankakee river just north of wilmington. coordinate datum: wgs84/nad83."	41.34636	-88.14403	"united states"	"illinois"	"will"	NA	NA	"aceraceae"	"acer"	"saccharinum"	NA	"acer saccharinum"
"e311d66f-1073-4a8e-aa37-89ac5a1cd1d2"	"ypm"	"yu.057768"	"open field"	41.9944	-72.6789	"united states"	"connecticut"	"hartford county"	"suffield"	8341	"sapindaceae"	"acer"	"saccharinum"	NA	"acer saccharinum"
"e31ea2c4-80d6-42f7-bae6-d5588b34e3ae"	"ypm"	"cbs.026019"	NA	41.4313	-73.1351	"united states"	"connecticut"	"new haven county"	"oxford"	7184	"sapindaceae"	"acer"	"saccharinum"	NA	"acer saccharinum"
"e3eee1ef-92eb-424f-94da-1aaec11e0fdb"	"cmc"	"cmc00012731"	"[no precise location]"	43.589829	-84.777617	"united states"	"michigan"	"isabella"	NA	969	"sapindaceae"	"acer"	"saccharinum"	NA	"acer saccharinum"
"e706be63-9a59-49bc-9bcc-a74a6b2db4f4"	"ypm"	"yu.057779"	NA	41.3113	-72.9246	"united states"	"connecticut"	"new haven county"	"new haven"	7484	"sapindaceae"	"acer"	"saccharinum"	NA	"acer saccharinum"
"e74c24b0-6d1a-47cd-a2cd-c8320aaae26f"	"kstc"	"17374"	"wathena, 3 1/2 mi sw"	39.72567	-94.99947	"united states"	"kansas"	"doniphan"	NA	NA	"sapindaceae"	"acer"	"saccharinum"	NA	"acer saccharinum"
"e7becf2c-fd8c-4756-a354-6240f9cc863a"	"ypm"	"cbs.025995"	NA	41.766	-72.6834	"united states"	"connecticut"	"hartford county"	"hartford"	5419	"sapindaceae"	"acer"	"saccharinum"	NA	"acer saccharinum"
"e8c1bac9-6a83-4a63-9820-e26b6a1acc2c"	"ku"	"315116"	"beloit, s edge of town in chautauqua park"	39.454946	-98.112981	"united states"	"kansas"	"mitchell"	NA	NA	"sapindaceae"	"acer"	"saccharinum"	NA	"acer saccharinum"
"e99dc8ce-3149-417f-bd35-6e6b0e1544b9"	"mwi"	"mwi00051743"	"near media, 1.5 miles south on 1700e past 500n"	41.61944	-86.54722	"united states"	"illinois"	"henderson"	"near media"	10	"sapindaceae"	"acer"	"saccharinum"	NA	"acer saccharinum"
"eabb899b-6a2e-4b70-91bb-65245db0d4d9"	"mwi"	"mwi00050211"	"colchester, argyle lake state park, behind prairie view shelter, left side"	40.58889	-90.92222	"united states"	"illinois"	"mcdonough"	"colchester"	1850	"sapindaceae"	"acer"	"saccharinum"	NA	"acer saccharinum"
"eb4a69db-4ddf-4405-9cd5-966ece8fe3f1"	"jeps"	"jeps96260"	"along american river in sacramento near the end of tenth street american river; , sacramento"	38.5999047947359	-121.481066040985	"united states"	"california"	"sacramento"	NA	412	"sapindaceae"	"acer"	"saccharinum"	NA	"acer saccharinum"
"ec55c937-be2f-49be-99dc-65db39abdd8f"	"ku"	"42305"	"mildred, 4.0 mi s, 1.5 mi e"	38.00818	-95.14747	"united states"	"kansas"	"allen"	NA	NA	"sapindaceae"	"acer"	"saccharinum"	NA	"acer saccharinum"
"ec9c4544-4dce-48c4-9074-2e6f5139d282"	"mwi"	"mwi00055168"	"colchester, argyle lake state park, uphill from the spillway, exit to the wildlife management area"	40.46586	-90.79065	"united states"	"illinois"	"mcdonough"	"colchester"	10	"sapindaceae"	"acer"	"saccharinum"	NA	"acer saccharinum"
"ed9116f5-e5c4-49d5-acea-e8be91ed26d6"	"ypm"	"cbs.025999"	"bank of housatonic river"	41.7661	-72.6833	"united states"	"connecticut"	"hartford county"	"hartford"	5419	"sapindaceae"	"acer"	"saccharinum"	NA	"acer saccharinum"
"ee60fb63-b64f-4b20-a75d-ae2ed991498d"	"uconn"	"conn00078802"	"bank of housatonic river, oxford"	41.39138	-73.18333	"united states"	"connecticut"	"new haven county"	"oxford"	20000	"aceraceae"	"acer"	"saccharinum"	NA	"acer saccharinum l."
"ee63391c-646e-4a01-814e-a22e2fff656f"	"dek"	"dek000091666"	"camp rotary mcqueen"	42.108358	-88.87843	"united states"	"illinois"	"dekalb"	"kirkland"	692	"sapindaceae"	"acer"	"saccharinum"	NA	"acer saccharinum"
"ee6dc531-d74c-489c-8e3f-de86fe3e858d"	"ypm"	"cbs.026018"	NA	41.5988	-72.5891	"united states"	"connecticut"	"middlesex county"	"portland"	6105	"sapindaceae"	"acer"	"saccharinum"	NA	"acer saccharinum"
"f208791d-09b3-45a7-a00a-59972e34486e"	"uconn"	"conn00078792"	"housatonic river, salisbury"	41.9825	-73.37222	"united states"	"connecticut"	"litchfield county"	"salisbury"	20000	"aceraceae"	"acer"	"saccharinum"	NA	"acer saccharinum l."
"f2c140c0-c115-4256-ad18-bdc3e7d728fe"	"mwi"	"mwi00055184"	"quincy, quinsippi island along the mississippi river, along east woods edge surrounding a clearing"	39.943	-91.424	"united states"	"illinois"	"adams"	"quincy"	10	"sapindaceae"	"acer"	"saccharinum"	NA	"acer saccharinum"
"f39bd719-740a-489f-8823-42b1ff443b8a"	"ku"	"360417"	"jefferson city, sw side of town"	38.5613	-92.19884	"united states"	"missouri"	"cole"	NA	NA	"sapindaceae"	"acer"	"saccharinum"	NA	"acer saccharinum"
"f3c8a7b6-eadb-429e-a154-449bc16c8a18"	"ypm"	"cbs.026000"	NA	41.9945	-72.6788	"united states"	"connecticut"	"hartford county"	"suffield"	8341	"sapindaceae"	"acer"	"saccharinum"	NA	"acer saccharinum"
"f40cf97f-e562-43f4-b10d-be51f1d0125b"	"mwi"	"mwi00051777"	"west of berwick, south on 105th street past berwick road"	41.73056	-88.88611	"united states"	"illinois"	"warren"	"west of berwick"	10	"sapindaceae"	"acer"	"saccharinum"	NA	"acer saccharinum"
"f436dc55-d0ff-425a-8b39-e4ba6bf1d83c"	"dek"	"dek000091673"	"macqueen forest preserve"	42.108358	-88.877874	"united states"	"illinois"	"dekalb"	"kirkland"	2289	"sapindaceae"	"acer"	"saccharinum"	NA	"acer saccharinum"
"f52156aa-4eea-447f-af06-49e4f3a7622f"	"mary"	"13672"	"widewater"	38.98	-77.2461111	"united states"	"maryland"	"montgomery county"	NA	NA	"sapindaceae"	"acer"	"saccharinum"	NA	"acer saccharinum"
"f53e3a4f-db3d-40bd-b1ee-4198cf0254d1"	"uconn"	"conn00078794"	"bank of mt. hope river, turner's meadow"	41.76527	-72.19861	"united states"	"connecticut"	"tolland county"	"mansfield"	20000	"aceraceae"	"acer"	"saccharinum"	NA	"acer saccharinum l."
"f5c2d678-2eae-48c3-b27c-43293bd4a99a"	"ku"	"42301"	"unknown"	39.33735	-96.70971	"united states"	"kansas"	"riley"	NA	NA	"sapindaceae"	"acer"	"saccharinum"	NA	"acer saccharinum"
"f6199f3e-dac8-4305-a9a8-d81fff2d5f8d"	"kstc"	"17380"	"westphalia, 6 1/2 mi n and 1 mi w"	38.27404	-95.50793	"united states"	"kansas"	"coffey"	NA	NA	"sapindaceae"	"acer"	"saccharinum"	NA	"acer saccharinum"
"f70e2ec0-2070-4cb6-b106-7be3de1fd9d5"	"mary"	"13674"	"cumberland"	39.6527778	-78.7625	"united states"	"maryland"	"allegany county"	NA	NA	"sapindaceae"	"acer"	"saccharinum"	NA	"acer saccharinum"
"f768af59-bc64-4b28-87b4-0183bcc0866b"	"uconn"	"conn00140002"	"west side of quinebaug river, robert manship park, route 14."	41.69694	-72.00333	"united states"	"connecticut"	"windham county"	"canterbury"	20000	"aceraceae"	"acer"	"saccharinum"	NA	"acer saccharinum l."
"f770a799-8bb9-419a-b605-3b23b9ca44b5"	"ucd"	"ucd141693"	"yolo county: north side of putah creek east of city of winters. south of russell blvd. on east side hwy 505. yolo county housing authority area. plot yha 2d of putah creek vegetation survey"	38.5328526062986	-121.942236531535	"united states"	"california"	"yolo"	NA	NA	"sapindaceae"	"acer"	"saccharinum"	NA	"acer saccharinum"
"f7a11779-6219-4c3e-8b77-cc4c32339d83"	"uconn"	"conn00078904"	"scantic river near confluence with the connecticut river, ferry street"	41.86194	-72.60361	"united states"	"connecticut"	"hartford county"	"south windsor"	20000	"aceraceae"	"acer"	"saccharinum"	NA	"acer saccharinum l."
"f8bdca13-d822-4979-a761-de3ee6339dfa"	"kstc"	"17351"	"mckinney marsh"	38.34246	-96.01484	"united states"	"kansas"	"lyon"	NA	NA	"sapindaceae"	"acer"	"saccharinum"	NA	"acer saccharinum"
"f8c5e3f0-a3b7-47b7-af29-63d924aef2f7"	"flas"	"237605"	NA	43.8594444	-70.105	"united states"	"maine"	"cumberland"	NA	NA	"sapindaceae"	"acer"	"saccharinum"	NA	"acer saccharinum"
"f976adcc-67da-4576-a30a-ae4f9c3786b7"	"mwi"	"mwi00055035"	"decatur, 3374 dell oak drive"	41.12222	-88.82222	"united states"	"illinois"	"macon"	"decatur"	10	"sapindaceae"	"acer"	"saccharinum"	NA	"acer saccharinum"
"f9da37e0-e6a7-468e-a5f3-798d9e1673b8"	"uconn"	"conn00061690"	"new york botanical gardens"	40.86361	-73.8775	"united states"	"new york"	"bronx county"	"new york city, the bronx"	2	"aceraceae"	"acer"	"saccharinum"	NA	"acer saccharinum l."
"fa371bb6-6e56-421c-8b0e-92bb9bfcf17f"	"ku"	"42282"	"marysville, 4.0 mi s"	39.7913	-96.64237	"united states"	"kansas"	"marshall"	NA	NA	"sapindaceae"	"acer"	"saccharinum"	NA	"acer saccharinum"
"fa44d615-689b-4371-a870-ce90436d3973"	"uconn"	"conn00078800"	"east hartford"	41.78222	-72.61194	"united states"	"connecticut"	"hartford county"	"east hartford"	20000	"aceraceae"	"acer"	"saccharinum"	NA	"acer saccharinum l."
"fa7834d3-ebb6-4f1d-85a0-2b3ec87bc43f"	"uconn"	"conn00053642"	"oakwood cemetery, syracuse. planted. large tree."	43.03138	-76.13583	"united states"	"new york"	"onondaga county"	"syracuse"	20000	"aceraceae"	"acer"	"saccharinum"	NA	"acer saccharinum l."
"fa994c00-3a47-44b3-b1dd-218753898018"	"cda"	"cda4980"	"american river recreation trail, east of union pacific trestle, sacramento."	38.5888	-121.4442	"united states"	"california"	"sacramento"	NA	580	"sapindaceae"	"acer"	"saccharinum"	NA	"acer saccharinum"
"fa9befd7-cdde-4434-8848-c3d89b5ff9fc"	"ku"	"361176"	"pershing, 2.5 mi se"	38.5543	-91.5962	"united states"	"missouri"	"gasconade"	NA	NA	"sapindaceae"	"acer"	"saccharinum"	NA	"acer saccharinum"
"fb2ac313-047d-4937-b911-fe9e9b6e4c0c"	"ills"	NA	"stephen a. forbes state park. mount vernon hill country section of the southern till plain natural division. coordinate datum: wgs84/nad83. west of forbes lake near williams road and omega road."	38.7374	-88.7911	"united states"	"illinois"	"marion"	NA	NA	"aceraceae"	"acer"	"saccharinum"	NA	"acer saccharinum"
"fb645eee-496c-4c29-bf3c-ef4c2ec11451"	"mwi"	"mwi00051581"	"northwest of roseville, south on 30th street past 150th avenue"	42.41111	-86.99722	"united states"	"illinois"	"warren"	"northwest of roseville"	10	"sapindaceae"	"acer"	"saccharinum"	NA	"acer saccharinum"
"fb8d33f7-7483-4469-8543-71feb3872b69"	"ypm"	"yu.057778"	"near peat swamp"	41.1186	-73.4228	"united states"	"connecticut"	"fairfield county"	"norwalk"	8052	"sapindaceae"	"acer"	"saccharinum"	NA	"acer saccharinum"
"fbb655d3-b10a-46ba-b8d2-9e0b9aadbc22"	"ills"	NA	"chui valley, near ala-archa reservoir. site kgp_00187"	43.0495	74.435	"kyrgyzstan"	"chui"	NA	NA	NA	"aceraceae"	"acer"	"saccharinum"	NA	"acer saccharinum"
"fbcaa012-56e3-4700-92be-324177a4c3cd"	"ku"	"311838"	"stanley, 1.5 mi s, 1.5 mi e"	38.831598	-94.638226	"united states"	"kansas"	"johnson"	NA	NA	"sapindaceae"	"acer"	"saccharinum"	NA	"acer saccharinum"
"fc2ad030-81da-4217-b1bd-ba75a298defe"	"uconn"	"conn00078887"	"university of connecticut, north of manchester hall"	41.80916	-72.25361	"united states"	"connecticut"	"tolland county"	"mansfield, storrs"	5000	"aceraceae"	"acer"	"saccharinum"	NA	"acer saccharinum l."
"fc7cffae-a096-4c70-ae72-4108869febf9"	"dbg"	"khd00000521"	"denver, cheesman park"	39.730594	-104.966042	"united states"	"colorado"	"denver county"	NA	1000	"aceraceae"	"acer"	"saccharinum"	NA	"acer saccharinum"
"fcacabf3-ea3e-4136-8381-5cd5b2488a43"	"ku"	"109179"	"unknown"	38.868639	-97.158196	"united states"	"kansas"	"dickinson"	NA	NA	"sapindaceae"	"acer"	"saccharinum"	NA	"acer saccharinum"
"fe20ac72-e9bc-4c28-aead-95f4debcc669"	"ku"	"42199"	"netawaka, 1.0 mi n, 1.0 mi w"	39.61692	-95.73703	"united states"	"kansas"	"jackson"	NA	NA	"sapindaceae"	"acer"	"saccharinum"	NA	"acer saccharinum"
"ff18de57-39bc-4ab5-a647-488a955540b7"	"ypm"	"cbs.026017"	NA	41.5988	-72.5891	"united states"	"connecticut"	"middlesex county"	"portland"	6105	"sapindaceae"	"acer"	"saccharinum"	NA	"acer saccharinum"
