"00741a5d-c756-4f1c-b1b6-e716fab4d0e5"	"ku"	"55807"	"farlington, 4 mi n"	37.67557	-94.82726	"united states"	"kansas"	"crawford"	NA	NA	"cornaceae"	"cornus"	"drummondii"	NA	"cornus drummondii"
"0148b22c-f036-4f73-822b-cf8a0d105110"	"mwi"	"mwi00054972"	"cordova, 5 miles outside of city along county road d"	41.67793	-90.24709	"united states"	"illinois"	"whiteside"	"cordova"	10	"cornaceae"	"cornus"	"drummondii"	NA	"cornus drummondii"
"01af2da8-4589-4f83-ad14-147fbaa1a780"	"ku"	"55818"	"de soto, 3 mi se"	38.94604	-94.92737	"united states"	"kansas"	"johnson"	NA	NA	"cornaceae"	"cornus"	"drummondii"	NA	"cornus drummondii"
"02667fe5-61ca-49d8-b08d-2fbd8e2a2320"	"kstc"	"28345"	"denton, 3 1/2 mi s on hwy 77"	33.16888	-97.15176	"united states"	"texas"	"denton"	NA	NA	"cornaceae"	"cornus"	"drummondii"	NA	"cornus drummondii"
"02ea35a5-af36-4dc1-a12e-85d3045eb6cd"	"ny"	"02111106"	"nw corner of william cannon dr. and mckinney falls parkway, along onion creek"	30.169639	-97.734708	"united states"	"texas"	"travis co."	NA	NA	"cornaceae"	"cornus"	"drummondii"	NA	"cornus drummondii c.a.mey."
"031c7e31-0bf5-4f8b-b50d-d3b760c011ff"	"ku"	"349484"	"tallgrass prairie national preserve"	38.4208333	-96.5411111	"united states"	"kansas"	"chase"	NA	NA	"cornaceae"	"cornus"	"drummondii"	NA	"cornus drummondii"
"0379130a-2c5e-4cf2-ba68-fa1e95b55216"	"ku"	"361369"	"dalton, 3.5 mi sw"	39.35258	-93.01981	"united states"	"missouri"	"chariton"	NA	NA	"cornaceae"	"cornus"	"drummondii"	NA	"cornus drummondii"
"045ff0b1-7aaf-42c9-87e4-b1a33876ec9b"	"ku"	"55701"	"unknown"	39.195065	-95.068116	"united states"	"kansas"	"leavenworth"	NA	NA	"cornaceae"	"cornus"	"drummondii"	NA	"cornus drummondii"
"04e1826f-f17e-4e33-88b8-3f16f8dc60bd"	"ills"	NA	"parklands foundationäó»s chinquapin bluffs preserve; located approximately 5 miles north of carlock, illinois. map datum: wgs84/nad83."	40.6538	-89.13184	"united states"	"illinois"	"woodford"	NA	NA	"cornaceae"	"cornus"	"drummondii"	NA	"cornus drummondii"
"050b6118-21d0-496e-9755-4a8b4ab34d2c"	"ku"	"55794"	"concordia 2.0mi s"	39.53844	-97.65858	"united states"	"kansas"	"cloud"	NA	NA	"cornaceae"	"cornus"	"drummondii"	NA	"cornus drummondii"
"05c41e6e-a843-48e8-83d5-5b50b5e8b900"	"ills"	NA	"just southeast of mississippi river and artificial levee, new crystal lake hunt club abut 1 mile north-northeast of gulfport, west side of crystal lake."	40.8333	-91.0833	"united states"	"illinois"	"henderson"	NA	NA	"cornaceae"	"cornus"	"drummondii"	NA	"cornus drummondii"
"065791e1-842f-477d-8e50-5bef1ca96878"	"ku"	"55760"	"unknown"	37.71278	-97.45082	"united states"	"kansas"	"sedgwick"	NA	NA	"cornaceae"	"cornus"	"drummondii"	NA	"cornus drummondii"
"06869800-b0b2-4829-8f6b-504f672a6065"	"ku"	"55696"	"osego 4.0mi s"	37.13412	-95.10995	"united states"	"kansas"	"labette"	NA	NA	"cornaceae"	"cornus"	"drummondii"	NA	"cornus drummondii"
"07210053-b6cf-4dfc-add0-e448de2b6bc2"	"kstc"	"28358"	"raymond, 1 1/2 mi s"	38.25577	-98.41776	"united states"	"kansas"	"rice"	NA	NA	"cornaceae"	"cornus"	"drummondii"	NA	"cornus drummondii"
"07579665-f3bd-4542-8d74-56798ff54a9b"	"mwi"	"mwi00055095"	"colchester, argyle lake state park"	40.45276	-90.7998	"united states"	"illinois"	"mcdonough"	"colchester"	10	"cornaceae"	"cornus"	"drummondii"	NA	"cornus drummondii"
"082db35c-311b-4c77-b37d-84d18d45703b"	"ku"	"55542"	"mushroom rock state park"	38.72277	-98.03045	"united states"	"kansas"	"ellsworth"	NA	NA	"cornaceae"	"cornus"	"drummondii"	NA	"cornus drummondii"
"08bd7a6f-3e2f-497c-bda8-17efe8c1d434"	"kstc"	"28287"	"lebo, 4 mi s and 1 3/4 mi w"	38.34839	-95.88936	"united states"	"kansas"	"coffey"	NA	NA	"cornaceae"	"cornus"	"drummondii"	NA	"cornus drummondii"
"090c7875-f66a-4cc7-a34d-897c481a4a50"	"flas"	"232976"	NA	39.4020278	-88.1381944	"united states"	"illinois"	"coles"	NA	NA	"cornaceae"	"cornus"	"drummondii"	NA	"cornus drummondii"
"09496ecf-d1bc-4d8e-b653-feb95b792c4b"	"ku"	"55511"	"topeka, 5 mi s, 3 mi w"	38.96455	-95.74201	"united states"	"kansas"	"shawnee"	NA	NA	"cornaceae"	"cornus"	"drummondii"	NA	"cornus drummondii"
"098b6aa1-df58-4c89-8e5b-ed95e855c3e4"	"ku"	"361150"	"sumner, 4.5 mi e"	39.63205	-93.16549	"united states"	"missouri"	"chariton"	NA	NA	"cornaceae"	"cornus"	"drummondii"	NA	"cornus drummondii"
"0a2f138a-c764-4bf0-8607-73a32a70bf3c"	"eiu"	NA	"fox ridge state park: near park entrance, w of park office. elevation ca. 220 m. legal: s13 t11n r9e"	39.4024	-88.1397	"united states"	"illinois"	"coles"	NA	250	"cornaceae"	"cornus"	"drummondii"	NA	"cornus drummondii"
"0a586230-84ac-4cf0-9629-9473205bfab3"	"ku"	"113775"	"clinton reservoir, w side"	38.931395	-95.430806	"united states"	"kansas"	"douglas"	NA	NA	"cornaceae"	"cornus"	"drummondii"	NA	"cornus drummondii"
"0a5bc782-f6b1-4b04-880f-19d00065f31f"	"ku"	"55503"	"erie, 3.5 mi e"	37.57035	-95.1798	"united states"	"kansas"	"neosho"	NA	NA	"cornaceae"	"cornus"	"drummondii"	NA	"cornus drummondii"
"0ac73972-84bf-41ae-a165-713dc9549c4c"	"lsu"	"lsu00119976"	"gsri road at bend in road east of nicholson drive, baton rouge."	30.36535	-91.1487	"united states"	"louisiana"	"east baton rouge parish"	NA	NA	"cornaceae"	"cornus"	"drummondii"	NA	"cornus drummondii"
"0b839519-008f-4848-9047-85ea9570b6a9"	"ku"	"55773"	"white cloud 0.75mi nw"	39.98211	-95.30845	"united states"	"kansas"	"doniphan"	NA	NA	"cornaceae"	"cornus"	"drummondii"	NA	"cornus drummondii"
"0bf00fcd-b8c6-40df-add6-5997b57d9b94"	"kstc"	"28309"	"wathena, 3 1/2 mi sw"	39.72567	-94.99947	"united states"	"kansas"	"doniphan"	NA	NA	"cornaceae"	"cornus"	"drummondii"	NA	"cornus drummondii"
"0cd22f0d-e913-4c7e-860b-22671aedba09"	"ku"	"55549"	"troy, 11 mi ne"	39.895708	-94.943013	"united states"	"kansas"	"doniphan"	NA	NA	"cornaceae"	"cornus"	"drummondii"	NA	"cornus drummondii"
"0cf0fbe8-bf3a-4e94-bf71-68f5e356fd20"	"kstc"	"28312"	"shawnee, 5 mi e"	39.04425	-94.61185	"united states"	"kansas"	"johnson"	NA	NA	"cornaceae"	"cornus"	"drummondii"	NA	"cornus drummondii"
"0d67985b-d7ad-4003-8690-10e82b927ea2"	"kstc"	"28363"	"osborne, 16 mi s"	39.20697	-98.69444	"united states"	"kansas"	"osborne"	NA	NA	"cornaceae"	"cornus"	"drummondii"	NA	"cornus drummondii"
"0ef4c123-3a2e-41bd-8f25-5f28e88d4839"	"ku"	"115578"	"fontana, 2.5 mi e"	38.425524	-94.779231	"united states"	"kansas"	"miami"	NA	NA	"cornaceae"	"cornus"	"drummondii"	NA	"cornus drummondii"
"0fd1aa52-0eef-4af4-b395-007465818de1"	"kstc"	"28273"	"milan, 10 mi se"	41.97152	-83.58497	"united states"	"michigan"	"monroe"	NA	NA	"cornaceae"	"cornus"	"drummondii"	NA	"cornus drummondii"
"10479620-6309-4c21-9f70-8593914b849f"	"ku"	"55779"	"mclouth, 7 mi ne"	39.2679	-95.11595	"united states"	"kansas"	"jefferson"	NA	NA	"cornaceae"	"cornus"	"drummondii"	NA	"cornus drummondii"
"108daf65-0241-446b-94ca-2de4786028da"	"ku"	"55646"	"ottawa, 1 mi w"	38.60784	-95.28457	"united states"	"kansas"	"franklin"	NA	NA	"cornaceae"	"cornus"	"drummondii"	NA	"cornus drummondii"
"111f92f6-dea6-476d-8966-096f2902ecc5"	"ku"	"55744"	"clark county state lake & park"	37.39598	-99.78261	"united states"	"kansas"	"clark"	NA	NA	"cornaceae"	"cornus"	"drummondii"	NA	"cornus drummondii"
"11df8bac-6de0-406b-bc37-8c05473fe001"	"ku"	"55677"	"sun city, 2 mi s"	37.34963	-98.91593	"united states"	"kansas"	"barber"	NA	NA	"cornaceae"	"cornus"	"drummondii"	NA	"cornus drummondii"
"12152246-6a9c-4f0f-a668-dfbb0de650f1"	"ku"	"315217"	"portis, 1 mi s, 4 mi w"	39.543419	-98.790137	"united states"	"kansas"	"osborne"	NA	NA	"cornaceae"	"cornus"	"drummondii"	NA	"cornus drummondii"
"123c275f-5dfa-4a18-8da6-4dd7a1c90f2e"	"ku"	"358725"	"i-29, north sioux city exit, between i-29 and streeter drive"	42.525949	-96.500117	"united states"	"south dakota"	"union"	NA	NA	"cornaceae"	"cornus"	"drummondii"	NA	"cornus drummondii"
"124c1711-a3a9-41d2-8787-52898cd7338b"	"ku"	"55670"	"[unknown]"	38.885914	-95.295128	"united states"	"kansas"	"douglas"	NA	NA	"cornaceae"	"cornus"	"drummondii"	NA	"cornus drummondii"
"13df348a-e594-4b86-9860-5c6bba848012"	"ku"	"55545"	"pottawatomie county state lake lake #1"	39.47097	-96.41277	"united states"	"kansas"	"pottawatomie"	NA	NA	"cornaceae"	"cornus"	"drummondii"	NA	"cornus drummondii"
"13eab9d0-a655-48ec-b8d4-271600eb9731"	"ku"	"55518"	"oskaloosa, 0.8 mi w"	39.215279	-95.327468	"united states"	"kansas"	"jefferson"	NA	NA	"cornaceae"	"cornus"	"drummondii"	NA	"cornus drummondii"
"147177f5-c4e4-4d5d-9148-90688dff8de1"	"ku"	"55528"	"howard 1.0mi s"	37.45471	-96.26137	"united states"	"kansas"	"elk"	NA	NA	"cornaceae"	"cornus"	"drummondii"	NA	"cornus drummondii"
"1554e8b8-7206-4611-a234-5c73457c8f14"	"ku"	"363416"	"brunswick, 1.7 air mi se"	39.40657	-93.10407	"united states"	"missouri"	"chariton"	NA	NA	"cornaceae"	"cornus"	"drummondii"	NA	"cornus drummondii"
"1609860b-916e-4522-b370-01f5e33bcceb"	"ku"	"55737"	"kingman, 12 mi e"	37.65046	-97.886093	"united states"	"kansas"	"kingman"	NA	NA	"cornaceae"	"cornus"	"drummondii"	NA	"cornus drummondii"
"17f2944a-cbe7-41d3-8484-5d36d558a0d0"	"ku"	"55757"	"oswego, 1 mi n"	37.17692	-95.10995	"united states"	"kansas"	"labette"	NA	NA	"cornaceae"	"cornus"	"drummondii"	NA	"cornus drummondii"
"188494c1-607f-49d6-a3f6-c0a700f16cbe"	"mwi"	"mwi00053328"	"motley, 7622 120th street in southwest motley, walking trail behind house, next to pond"	47.24167	-90.92222	"united states"	"minnesota"	"cass"	"motley"	10	"cornaceae"	"cornus"	"drummondii"	NA	"cornus drummondii"
"18fc3c91-c8e2-403d-bc87-278a24f3c89e"	"ku"	"111337"	"parsons, 5 mi s, 3 mi e; kansas army ammunition plant, s end"	37.268836	-95.185543	"united states"	"kansas"	"labette"	NA	NA	"cornaceae"	"cornus"	"drummondii"	NA	"cornus drummondii"
"1956a95e-a559-4796-b267-e1defa6d12d7"	"ku"	"109894"	"de soto, 1.2 mi s"	38.948632	-94.978492	"united states"	"kansas"	"johnson"	NA	NA	"cornaceae"	"cornus"	"drummondii"	NA	"cornus drummondii"
"1af124d6-7fee-4c14-a718-e84a6963d769"	"kstc"	"28310"	"galena, 1 mi se on hwy 413"	36.79444	-93.46112	"united states"	"missouri"	"stone"	NA	NA	"cornaceae"	"cornus"	"drummondii"	NA	"cornus drummondii"
"1b0f6bfc-e041-46a3-8470-445b69d236e6"	"ku"	"55713"	"unknown"	37.71278	-97.45082	"united states"	"kansas"	"sedgwick"	NA	NA	"cornaceae"	"cornus"	"drummondii"	NA	"cornus drummondii"
"1c5f3508-ef94-4081-8cf3-fcab6010b39b"	"mwi"	"mwi00051685"	"north of cameron, west on 190th avenue past 130th street"	41.01111	-88.83611	"united states"	"illinois"	"warren"	"north of cameron"	10	"cornaceae"	"cornus"	"drummondii"	NA	"cornus drummondii"
"1c7689e0-c36a-483f-bafd-080e321151da"	"ku"	"329521"	"talmo, 1 mi s, 1 mi e"	39.677286	-97.539861	"united states"	"kansas"	"republic"	NA	NA	"cornaceae"	"cornus"	"drummondii"	NA	"cornus drummondii"
"1cfd072d-37aa-4a26-ae1f-1459164d0b19"	"ku"	"55790"	"henson 1.0mi e"	38.50527	-94.8468	"united states"	"kansas"	"miami"	NA	NA	"cornaceae"	"cornus"	"drummondii"	NA	"cornus drummondii"
"1d7c2c3a-8fcb-4814-b8c3-69e9b056483d"	"mwi"	"mwi00055622"	"niabi zoo, nature trail"	43.23889	-89.18611	"united states"	"illinois"	"rock island"	"niabi zoo"	10	"cornaceae"	"cornus"	"drummondii"	NA	"cornus drummondii"
"1daec81d-7aa2-4e83-9878-3cfa7cef3544"	"ku"	"55557"	"raymond 1.5mi s"	38.25728	-98.41499	"united states"	"kansas"	"rice"	NA	NA	"cornaceae"	"cornus"	"drummondii"	NA	"cornus drummondii"
"1df6a9d4-43eb-4687-a4f3-580e46770983"	"ku"	"55555"	"t23s, r14e, sec 21, nw 1/4, ne 1/4"	38.038387	-95.872968	"united states"	"kansas"	"woodson"	NA	NA	"cornaceae"	"cornus"	"drummondii"	NA	"cornus drummondii"
"1e10a1a0-3af0-4ee3-a5a6-398de9d86e59"	"ku"	"55735"	"t21s, r11w, sec 20"	38.209312	-98.555275	"united states"	"kansas"	"stafford"	NA	NA	"cornaceae"	"cornus"	"drummondii"	NA	"cornus drummondii"
"1e33e3cf-8760-4ba8-92a6-49debbaec5f2"	"kstc"	"28362"	"stafford, 17 mi n, 1 mi e"	38.2087	-98.58183	"united states"	"kansas"	"stafford"	NA	NA	"cornaceae"	"cornus"	"drummondii"	NA	"cornus drummondii"
"1fe89e0e-c1cd-420b-a25f-5da3888a67be"	"ku"	"55706"	"[unknown]"	38.885914	-95.295128	"united states"	"kansas"	"douglas"	NA	NA	"cornaceae"	"cornus"	"drummondii"	NA	"cornus drummondii"
"1ff5ac5c-e33c-4223-8025-5ec67a796c85"	"ku"	"55796"	"larned 0.5mi e"	38.18162	-99.08885	"united states"	"kansas"	"pawnee"	NA	NA	"cornaceae"	"cornus"	"drummondii"	NA	"cornus drummondii"
"20bd89fc-25c3-47e2-888a-89c415dac2e2"	"ku"	"55663"	"elsmore, 2 mi s"	37.76482	-95.15005	"united states"	"kansas"	"allen"	NA	NA	"cornaceae"	"cornus"	"drummondii"	NA	"cornus drummondii"
"2103869d-e830-4ade-bee4-a63d2cbaacf7"	"ku"	"336122"	"cheyenne, 2.75 mi s, 0.75 mi w"	35.5730556	-99.6866667	"united states"	"oklahoma"	"roger mills"	NA	NA	"cornaceae"	"cornus"	"drummondii"	NA	"cornus drummondii"
"2199a4ea-ae9f-4f1c-86ed-4d4d55f981a8"	"ku"	"55716"	"dexter, 4 mi s, 4 mi e"	37.11923	-96.64173	"united states"	"kansas"	"cowley"	NA	NA	"cornaceae"	"cornus"	"drummondii"	NA	"cornus drummondii"
"224cb7e8-63a5-49d0-b5b9-22d4332d1d49"	"ku"	"55685"	"fall river, 1 mi n, 3.5 mi e"	37.62121	-95.9653	"united states"	"kansas"	"greenwood"	NA	NA	"cornaceae"	"cornus"	"drummondii"	NA	"cornus drummondii"
"22510345-b712-406b-9be4-cafb47ed59d8"	"ku"	"55543"	"marysville 0.5mi s 9.0mi e"	39.84173	-96.47411	"united states"	"kansas"	"marshall"	NA	NA	"cornaceae"	"cornus"	"drummondii"	NA	"cornus drummondii"
"22f34f1d-c219-4afb-a55a-fe6c5f0e86b5"	"ills"	NA	"about 2 mile northeast of bath, illinois. matanzas prairie nature preserve. illinois river section of the illinois and mississippi river sand area natural division. kilbourne quadrangle."	40.2154	-90.1129	"united states"	"illinois"	"mason"	NA	NA	"cornaceae"	"cornus"	"drummondii"	NA	"cornus drummondii"
"238d37c1-3688-4c1d-833e-7c53b4458a66"	"mwi"	"mwi00051788"	"south of galesburg, east on e110 past n1850"	41.21111	-88.99722	"united states"	"illinois"	"knox"	"south of galesburg"	10	"cornaceae"	"cornus"	"drummondii"	NA	"cornus drummondii"
"23a6c1d4-8119-4c7c-a7bb-73fa859a5b70"	"ku"	"362752"	"elm creek, 2.3 mi s"	40.6866	-99.38052	"united states"	"nebraska"	"buffalo"	NA	NA	"cornaceae"	"cornus"	"drummondii"	NA	"cornus drummondii"
"246d4b1d-2371-420f-b301-59538c1547a9"	"ku"	"338933"	"junction city, 1 mi ne"	39.0661111	-96.8022222	"united states"	"kansas"	"geary"	NA	NA	"cornaceae"	"cornus"	"drummondii"	NA	"cornus drummondii"
"270fa5a5-6dee-43ba-a73a-79b6d0efced0"	"ku"	"311802"	"stanley, 1.5 mi s, 1.5 mi e"	38.831598	-94.638226	"united states"	"kansas"	"johnson"	NA	NA	"cornaceae"	"cornus"	"drummondii"	NA	"cornus drummondii"
"27a82c18-78d4-4e59-aa5d-b9a72d6d5a30"	"ku"	"55539"	"rossville 1.7mi n"	39.1623	-95.95174	"united states"	"kansas"	"shawnee"	NA	NA	"cornaceae"	"cornus"	"drummondii"	NA	"cornus drummondii"
"27de5f9a-be71-4b4f-8aca-7697e616c91f"	"lsu"	"lsu00043665"	"collected at ben hur experiment station. approximately 1.5 miles south fo lsu campus off nicholson drive."	30.36981	-91.16992	"united states"	"louisiana"	"east baton rouge parish"	NA	NA	"cornaceae"	"cornus"	"drummondii"	NA	"cornus drummondii"
"28e689c0-f23f-426d-a458-21164b53d19d"	"ku"	"338851"	"junction city, 2.5 mi n"	39.0986111	-96.8302778	"united states"	"kansas"	"riley"	NA	NA	"cornaceae"	"cornus"	"drummondii"	NA	"cornus drummondii"
"28edc2b7-5b05-4a4e-9d95-87b0dc356741"	"ny"	"01269320"	"between kerrville and medina on hwy 16"	29.912569	-99.253919	"united states"	"texas"	"kerr co."	NA	NA	"cornaceae"	"cornus"	"drummondii"	NA	"cornus drummondii c.a.mey."
"2a98c83f-87cc-4315-8f79-39e1f7d5e0f4"	"kstc"	"28308"	"quenemo, 7 mi w"	38.57965	-95.65649	"united states"	"kansas"	"osage"	NA	NA	"cornaceae"	"cornus"	"drummondii"	NA	"cornus drummondii"
"2a98e667-ca61-4f1f-b2ed-51bc20e0e857"	"ku"	"352609"	"percival, 2 mi n"	40.7763	-95.8127	"united states"	"iowa"	"fremont"	NA	NA	"cornaceae"	"cornus"	"drummondii"	NA	"cornus drummondii"
"2aec4cce-b215-4b6a-a9a6-434d1bb94d10"	"ku"	"55673"	"vassar, 2 mi n"	38.67669	-95.62279	"united states"	"kansas"	"osage"	NA	NA	"cornaceae"	"cornus"	"drummondii"	NA	"cornus drummondii"
"2c1cd107-2d6a-4aa1-96b3-c7bd577cbf57"	"ku"	"366768"	"lenexa, w side of town"	38.98409	-94.7888	"united states"	"kansas"	"johnson"	NA	NA	"cornaceae"	"cornus"	"drummondii"	NA	"cornus drummondii"
"2c54a9ee-74b2-4d5a-a5c8-2665cd1260ae"	"ny"	"01269351"	"ca 18 km n of boerne on guadeloupe river at hwy 1376"	29.957311	-98.717403	"united states"	"texas"	"kendall co."	NA	NA	"cornaceae"	"cornus"	"drummondii"	NA	"cornus drummondii c.a.mey."
"2c5a598b-22a3-404f-a740-61e408d54c8f"	"ku"	"55501"	"t26s, r16e, sec 35, nw corner"	37.7439	-95.629249	"united states"	"kansas"	"woodson"	NA	NA	"cornaceae"	"cornus"	"drummondii"	NA	"cornus drummondii"
"2e0067ee-05c1-47ef-9834-613eafb3b5c6"	"ku"	"55664"	"garnett 6.0mi e"	38.27904	-95.13147	"united states"	"kansas"	"anderson"	NA	NA	"cornaceae"	"cornus"	"drummondii"	NA	"cornus drummondii"
"2ecc92f9-e3b4-4d36-ae8b-56382fd50b48"	"ny"	"02065278"	"17 air km ssw of kerrville town center, along tx hwy 16"	29.923064	-99.238358	"united states"	"texas"	"kerr co."	NA	NA	"cornaceae"	"cornus"	"drummondii"	NA	"cornus drummondii c.a.mey."
"2ef58d24-a7c8-4c54-ab5e-85b1757a33c5"	"ku"	"55747"	"baldwin, 1 mi n, 1 mi e"	38.78942	-95.16752	"united states"	"kansas"	"douglas"	NA	NA	"cornaceae"	"cornus"	"drummondii"	NA	"cornus drummondii"
"2fdca055-28a8-480f-89b2-273def81dcc7"	"ku"	"361081"	"new franklin, 0.8 mi w"	39.02147	-92.75597	"united states"	"missouri"	"howard"	NA	NA	"cornaceae"	"cornus"	"drummondii"	NA	"cornus drummondii"
"2fecb04a-4641-43e7-9949-a886d52a7fa0"	"kstc"	"28356"	"cedar lake"	34.78389	-94.69361	"united states"	"oklahoma"	"leflore"	NA	NA	"cornaceae"	"cornus"	"drummondii"	NA	"cornus drummondii"
"3033af42-aa4c-4c0d-bd6a-2575cb0e53f7"	"ku"	"55530"	"oxford e city limits"	37.27538	-97.16877	"united states"	"kansas"	"sumner"	NA	NA	"cornaceae"	"cornus"	"drummondii"	NA	"cornus drummondii"
"309aa446-cafa-4816-9417-a8120963d1ba"	"ku"	"353259"	"honey creek, 0.5 mi n, 3.5 mi e"	41.44194	-95.80258	"united states"	"iowa"	"pottawattamie"	NA	NA	"cornaceae"	"cornus"	"drummondii"	NA	"cornus drummondii"
"3130b82e-06d6-4593-9420-3a6e06817b89"	"ku"	"55513"	"medicine lodge, 12.5 mi w"	37.28092	-98.80817	"united states"	"kansas"	"barber"	NA	NA	"cornaceae"	"cornus"	"drummondii"	NA	"cornus drummondii"
"32c84311-6460-41a8-9070-77c8bae20a43"	"mwi"	"mwi00044469"	"macomb, western illinois university, northwest side of campus"	40.46667	-89.31667	"united states"	"illinois"	"mcdonough"	"macomb"	1852	"cornaceae"	"cornus"	"drummondii"	NA	"cornus drummondii"
"3337bd77-bdcc-4dba-952b-01b73114f09c"	"ku"	"343462"	"codell, 0.5 mi s, 5.25 mi e"	39.1858333	-99.0727778	"united states"	"kansas"	"rooks"	NA	NA	"cornaceae"	"cornus"	"drummondii"	NA	"cornus drummondii"
"34eedd74-413c-42d8-aa2a-d99ca4c7110f"	"kstc"	"28313"	"troy, 3 mi sw"	39.75458	-95.14435	"united states"	"kansas"	"doniphan"	NA	NA	"cornaceae"	"cornus"	"drummondii"	NA	"cornus drummondii"
"3507cf7c-5bf0-409e-abd2-ed2471f7b037"	"ku"	"332844"	"cheyenne, 4 mi s, 4 mi w"	35.5455551	-99.7488861	"united states"	"oklahoma"	"roger mills"	NA	NA	"cornaceae"	"cornus"	"drummondii"	NA	"cornus drummondii"
"35318563-ec22-4962-a347-deb2a63f19b9"	"ku"	"55793"	"coldwater, 1 mi n, 14 mi e"	37.28449	-99.07131	"united states"	"kansas"	"comanche"	NA	NA	"cornaceae"	"cornus"	"drummondii"	NA	"cornus drummondii"
"357d7cc5-c588-42e9-b89b-004b4755a46e"	"mwi"	"mwi00051906"	"west of media, 2 miles east on 900n past 800e"	43.16667	-89.25278	"united states"	"illinois"	"henderson"	"west of media"	10	"cornaceae"	"cornus"	"drummondii"	NA	"cornus drummondii"
"35ae13d5-93e6-498b-ad83-b1f309150c49"	"ku"	"315355"	"zeandale, 6.5 mi s, 1.5 mi w"	39.065729	-96.461376	"united states"	"kansas"	"riley"	NA	NA	"cornaceae"	"cornus"	"drummondii"	NA	"cornus drummondii"
"35e8a880-56b3-489f-9396-f3f7387acbef"	"ku"	"55717"	"matfield green 2.5mi sw"	38.13343	-96.59343	"united states"	"kansas"	"chase"	NA	NA	"cornaceae"	"cornus"	"drummondii"	NA	"cornus drummondii"
"360444cb-b50b-46d3-9951-1cc48f547965"	"ku"	"55749"	"elmont, 3 mi n, 5 mi w; shawnee county state lake"	39.208064	-95.805036	"united states"	"kansas"	"shawnee"	NA	NA	"cornaceae"	"cornus"	"drummondii"	NA	"cornus drummondii"
"362870ad-166c-46c2-80bc-d62aba58626b"	"ills"	NA	"west of us rt. 67, illinois river floodplain, west side of excavated slough (beardstown marsh inai site), beardstown. coordinate datum wgs 84 / nad 83."	39.99787	-90.44891	"united states"	"illinois"	"cass"	NA	NA	"cornaceae"	"cornus"	"drummondii"	NA	"cornus drummondii"
"36fd85e5-e244-4926-804c-51323ef6d68a"	"ills"	NA	"just over 2 mile east of collison, illinois. east side of the middle fork of the vermilion river and just south of horseshoe bottom nature preserve. vermilion river section of the wabash border natural division. coordinate datum: wgs84/nad83."	40.2267	-87.752234	"united states"	"illinois"	"veremilion"	NA	NA	"cornaceae"	"cornus"	"drummondii"	NA	"cornus drummondii"
"36fdb66d-d860-4ee1-9dfa-e0519ce95a3c"	"ku"	"324754"	"reading, 5 mi w, 2 mi n"	38.5492	-96.0606	"united states"	"kansas"	"lyon"	NA	NA	"cornaceae"	"cornus"	"drummondii"	NA	"cornus drummondii"
"3740c09e-0280-4838-b9ed-153b58f04f6f"	"kstc"	"28330"	"t25s r15e sec 31 s1/2"	37.8297	-95.8026	"united states"	"kansas"	"woodson"	NA	NA	"cornaceae"	"cornus"	"drummondii"	NA	"cornus drummondii"
"3799236a-08ef-4aee-8336-fa2d60994622"	"ku"	"322628"	"osage city, 1 mi nw"	38.6533318	-95.8402786	"united states"	"kansas"	"osage"	NA	NA	"cornaceae"	"cornus"	"drummondii"	NA	"cornus drummondii"
"379ad42a-e768-4d28-8f63-474b1da31781"	"ku"	"55669"	"unknown"	37.71278	-97.45082	"united states"	"kansas"	"sedgwick"	NA	NA	"cornaceae"	"cornus"	"drummondii"	NA	"cornus drummondii"
"38525ae4-734f-4dd7-a778-a456aeac315e"	"ku"	"55567"	"greeket 3.0mi sw"	38.33539	-95.16585	"united states"	"kansas"	"anderson"	NA	NA	"cornaceae"	"cornus"	"drummondii"	NA	"cornus drummondii"
"38d70922-7398-4d57-b9b1-11cb94cd49d9"	"ku"	"55552"	"vicinity of arkansas city, 8-10 mi ne of town"	37.164443	-96.909874	"united states"	"kansas"	"cowley"	NA	NA	"cornaceae"	"cornus"	"drummondii"	NA	"cornus drummondii"
"3995a240-6a64-44c3-b8de-c4327b5fbdc4"	"ills"	NA	"mattoon: douglas-hart nature center. north prairie. elevation about 209 meters."	39.4956	-88.3123	"united states"	"illinois"	"coles"	NA	NA	"cornaceae"	"cornus"	"drummondii"	NA	"cornus drummondii"
"3a68ad5a-f994-4f45-ae82-5bf129ee1c2f"	"ku"	"343109"	"brookville, 5 mi s, 5 mi e"	38.6988889	-97.7811111	"united states"	"kansas"	"saline"	NA	NA	"cornaceae"	"cornus"	"drummondii"	NA	"cornus drummondii"
"3aa90caf-ba81-493b-a58a-78e121787c03"	"ku"	"55797"	"pratt 4.0mi e"	37.64606	-98.66659	"united states"	"kansas"	"pratt"	NA	NA	"cornaceae"	"cornus"	"drummondii"	NA	"cornus drummondii"
"3b00e19d-bfc5-4610-b641-79f61cb9d50d"	"ku"	"55774"	"paxico, 2 mi e"	39.069434	-96.128767	"united states"	"kansas"	"wabaunsee"	NA	NA	"cornaceae"	"cornus"	"drummondii"	NA	"cornus drummondii"
"3b116606-09e8-47d4-89fe-d6a58e810ce6"	"eiu"	NA	"hutton twp.: county road 2100 e by bridge over whetstone creek. legal: sw1/4 s22 t12n r10e"	39.468889	-88.082778	"united states"	"illinois"	"coles"	NA	NA	"cornaceae"	"cornus"	"drummondii"	NA	"cornus drummondii"
"3b71a981-f6e2-4cdc-94d8-c7daf48294f0"	"ku"	"106771"	"erie, 1.5 mi n"	37.59197	-95.24319	"united states"	"kansas"	"neosho"	NA	NA	"cornaceae"	"cornus"	"drummondii"	NA	"cornus drummondii"
"3bfae65a-15c9-4fde-9539-9ac8afc75da4"	"ku"	"55541"	"south mound 0.5mi s 1.0mi e"	37.42382	-95.20052	"united states"	"kansas"	"neosho"	NA	NA	"cornaceae"	"cornus"	"drummondii"	NA	"cornus drummondii"
"3dfb24f5-97ac-41a1-b21a-2b45590a11d7"	"kstc"	"28270"	"agricola, 1 1/2 mi ne on us 50"	38.4308	-95.51153	"united states"	"kansas"	"coffey"	NA	NA	"cornaceae"	"cornus"	"drummondii"	NA	"cornus drummondii"
"3e31114d-87b6-4bbe-b0f2-861050dd2b3a"	"kstc"	"28311"	"emporia"	38.40531	-96.18015	"united states"	"kansas"	"lyon"	NA	NA	"cornaceae"	"cornus"	"drummondii"	NA	"cornus drummondii"
"3f2667bc-640a-436d-811b-7e7a4fcae3a8"	"mwi"	"mwi00053561"	"macomb, 0.5 miles west of the northwest corner of spring lake estates subdivision, along east edge of clover field"	41.94722	-91.27778	"united states"	"illinois"	"mcdonough"	"macomb"	10	"cornaceae"	"cornus"	"drummondii"	NA	"cornus drummondii"
"3fe014b2-bd93-4ef4-9976-5c0b070e857c"	"ku"	"55504"	"erie 6.75mi e"	37.57035	-95.12094	"united states"	"kansas"	"neosho"	NA	NA	"cornaceae"	"cornus"	"drummondii"	NA	"cornus drummondii"
"401027aa-e1ab-4640-908b-0a57065e2e51"	"kstc"	"28336"	"beto junction, 1 mi n on us 75"	38.44875	-95.72662	"united states"	"kansas"	"coffey"	NA	NA	"cornaceae"	"cornus"	"drummondii"	NA	"cornus drummondii"
"4155d027-f1b9-434b-954f-475eef94b00f"	"ills"	NA	"ctap site: 045701w. along stream below (north of) pond and north of the barrickman cemetery. coordinate datum: wgs84/nad83."	41.04428	-88.79884	"united states"	"illinois"	"livingston"	NA	NA	"cornaceae"	"cornus"	"drummondii"	NA	"cornus drummondii"
"415ac804-e2ce-4760-a992-f6acc0e8528b"	"ku"	"55755"	"olsburg, 7 mi w"	39.432	-96.74556	"united states"	"kansas"	"pottawatomie"	NA	NA	"cornaceae"	"cornus"	"drummondii"	NA	"cornus drummondii"
"4217bd43-eef4-4dc6-abea-bf81ac88c021"	"ku"	"55710"	"unknown"	38.214028	-95.292256	"united states"	"kansas"	"anderson"	NA	NA	"cornaceae"	"cornus"	"drummondii"	NA	"cornus drummondii"
"4242898b-da75-4032-8410-f3895367e29c"	"ills"	NA	"kettlehake south prairie (9.4 acre prairie) in prairie swale along roadside, west side of turkey creek about 4.9 mile northwest of steinauer. coordinate datum: wgs84/nad83."	40.2624	-96.2927	"united states"	"nebraska"	"johnson"	NA	NA	"cornaceae"	"cornus"	"drummondii"	NA	"cornus drummondii"
"43ff4682-1f86-4274-8b58-605cea9676f6"	"ku"	"55709"	"baldwin city, 2 mi n"	38.804001	-95.18636	"united states"	"kansas"	"douglas"	NA	NA	"cornaceae"	"cornus"	"drummondii"	NA	"cornus drummondii"
"440971be-2864-4e55-b9a5-6147eaa4fa9a"	"ku"	"112865"	"webber, 4 mi n, 1.5 mi e"	39.99036	-98.070469	"united states"	"kansas"	"jewell"	NA	NA	"cornaceae"	"cornus"	"drummondii"	NA	"cornus drummondii"
"4502846a-3679-4518-93b9-2f150f73247f"	"kstc"	"28351"	"greeley, 1 mi s, 1 mi e"	38.35217	-95.10818	"united states"	"kansas"	"anderson"	NA	NA	"cornaceae"	"cornus"	"drummondii"	NA	"cornus drummondii"
"4763c08a-f310-41c8-b4d0-edb776baf8d3"	"ills"	NA	"eldorado; 680 feet north-northeast of junction carter farm/vangampler road and u.s. route 45, 20 feet west of u.s. route 45. coordinate datum: wgs84/nad83."	37.84954	-88.41061	"united states"	"illinois"	"saline"	NA	NA	"cornaceae"	"cornus"	"drummondii"	NA	"cornus drummondii"
"478d3ec6-0172-4996-8c28-2dd1711c2b4c"	"ku"	"55672"	"hoyt, 5 mi ne"	39.3012	-95.64011	"united states"	"kansas"	"jackson"	NA	NA	"cornaceae"	"cornus"	"drummondii"	NA	"cornus drummondii"
"47d131c8-3edb-4a4a-9e03-187fda177353"	"ku"	"55697"	"pittsburg, 2 mi e"	37.41116	-94.66839	"united states"	"kansas"	"crawford"	NA	NA	"cornaceae"	"cornus"	"drummondii"	NA	"cornus drummondii"
"47d95857-b1f8-45cb-9af1-55ea26738590"	"ku"	"55712"	"unknown"	39.195065	-95.068116	"united states"	"kansas"	"leavenworth"	NA	NA	"cornaceae"	"cornus"	"drummondii"	NA	"cornus drummondii"
"485d9d0b-8361-48f2-8d36-54b20d0ed189"	"ku"	"55524"	"winfield, w city limits"	37.24048	-96.98679	"united states"	"kansas"	"cowley"	NA	NA	"cornaceae"	"cornus"	"drummondii"	NA	"cornus drummondii"
"495b0538-fac7-47b7-8c41-ae9934ae9402"	"ku"	"312328"	"grantville, 0.5 mi n, 0.5 mi w"	39.095666	-95.574604	"united states"	"kansas"	"jefferson"	NA	NA	"cornaceae"	"cornus"	"drummondii"	NA	"cornus drummondii"
"49b876c9-bd13-4235-b22d-6b26f2b5834f"	"eiu"	NA	"fox ridge state park: white pines picnic area. elevation 212 m."	39.405	-88.1425	"united states"	"illinois"	"coles"	NA	250	"cornaceae"	"cornus"	"drummondii"	NA	"cornus drummondii"
"49c0456b-6ba5-4197-b5b7-68ec67eaed1d"	"ku"	"55568"	"marysville, 4 mi s"	39.78314	-96.64724	"united states"	"kansas"	"marshall"	NA	NA	"cornaceae"	"cornus"	"drummondii"	NA	"cornus drummondii"
"49da289a-7396-4174-bd17-200378294626"	"ku"	"345315"	"brookville, 2.5 mi s, 2.5 mi e"	38.74	-97.8319444	"united states"	"kansas"	"saline"	NA	NA	"cornaceae"	"cornus"	"drummondii"	NA	"cornus drummondii"
"4a2718a4-940f-4333-bac1-467a8ddf5d97"	"ku"	"55756"	"medicine lodge, 5 mi sw"	37.22985	-98.64479	"united states"	"kansas"	"barber"	NA	NA	"cornaceae"	"cornus"	"drummondii"	NA	"cornus drummondii"
"4a859eb1-58ac-4897-b501-be0bdd7de3c3"	"ku"	"55553"	"reading, 3 mi nw"	38.54988	-95.99816	"united states"	"kansas"	"lyon"	NA	NA	"cornaceae"	"cornus"	"drummondii"	NA	"cornus drummondii"
"4aff16e6-7cd2-4cde-8a0b-3b462625ab9c"	"ku"	"312008"	"techumseh, 0.5 mi s, 0.5 mi w"	39.0355	-95.590551	"united states"	"kansas"	"shawnee"	NA	NA	"cornaceae"	"cornus"	"drummondii"	NA	"cornus drummondii"
"4b23d611-4c09-46c9-853f-7809605af84e"	"ku"	"55738"	"alden 2.6mi sw"	38.21683	-98.34555	"united states"	"kansas"	"rice"	NA	NA	"cornaceae"	"cornus"	"drummondii"	NA	"cornus drummondii"
"4c4e7599-35f5-4357-a056-907fd097fbb3"	"ku"	"55498"	"osego 2.5mi s 2.5mi w"	37.14268	-95.13669	"united states"	"kansas"	"labette"	NA	NA	"cornaceae"	"cornus"	"drummondii"	NA	"cornus drummondii"
"4cf470cd-863d-401e-b115-82ae4e2520bd"	"mwi"	"mwi00055045"	"macomb, north side of triad park"	40.46148	-90.69296	"united states"	"illinois"	"mcdonough"	"macomb"	10	"cornaceae"	"cornus"	"drummondii"	NA	"cornus drummondii"
"4d11f0f3-47a4-4d6c-a11e-9f6b688fa0ea"	"ku"	"103139"	"fall river reservoir"	37.70805	-96.13772	"united states"	"kansas"	"greenwood"	NA	NA	"cornaceae"	"cornus"	"drummondii"	NA	"cornus drummondii"
"4d1e2e83-6c87-44f6-bb53-45f45add794c"	"ku"	"55653"	"lane 3.0mi s"	38.39535	-95.07969	"united states"	"kansas"	"franklin"	NA	NA	"cornaceae"	"cornus"	"drummondii"	NA	"cornus drummondii"
"4d276245-18b6-4c9b-9e56-616e721cf835"	"ku"	"55647"	"bucyrus, 0.5 mi w"	38.72639	-94.727351	"united states"	"kansas"	"miami"	NA	NA	"cornaceae"	"cornus"	"drummondii"	NA	"cornus drummondii"
"4d4e11f8-bf44-4464-82ea-490e6cb61cdb"	"ku"	"328992"	"sylvia, 9.5 mi n, 0.5 mi w"	38.0958328	-98.4166641	"united states"	"kansas"	"reno"	NA	NA	"cornaceae"	"cornus"	"drummondii"	NA	"cornus drummondii"
"4d94b0a8-36c0-4e83-a53a-3f49a94b1844"	"lsu"	"lsu00099326"	"s side of co. rd. 464, 0.1 mile w of jct. co. rd. 1040. 3 miles s of lone star. 11 miles ssw of lawrence. lone star quadrangle."	38.826	-95.345	"united states"	"kansas"	"douglas county"	NA	NA	"cornaceae"	"cornus"	"drummondii"	NA	"cornus drummondii"
"4ec05ef3-bbab-4178-9879-bec23f13411c"	"ills"	NA	"parklands foundationäó»s chinquapin bluffs preserve; located approximately 5 miles north of carlock, illinois. map datum: wgs84/nad83."	40.664	-89.11088	"united states"	"illinois"	"woodford"	NA	NA	"cornaceae"	"cornus"	"drummondii"	NA	"cornus drummondii"
"4ef4ccc6-1f30-4557-ade9-81dc797babfd"	"ku"	"55562"	"hudson, 8 mi ne"	38.18754	-98.55585	"united states"	"kansas"	"stafford"	NA	NA	"cornaceae"	"cornus"	"drummondii"	NA	"cornus drummondii"
"507ee677-df6e-4364-bd60-0a9988428bd4"	"ku"	"55734"	"batesville, 3.6 mi s, 0.4 mi e"	37.78436	-95.86456	"united states"	"kansas"	"woodson"	NA	NA	"cornaceae"	"cornus"	"drummondii"	NA	"cornus drummondii"
"50dbb35a-53e2-4df7-8641-6c906337e421"	"mwi"	"mwi00053856"	NA	38.31111	-89.75	"united states"	"arkansas"	"lawrence"	NA	10	"cornaceae"	"cornus"	"drummondii"	NA	"cornus drummondii"
"52b24d4e-dd09-4b6c-8f91-a0c583547286"	"kstc"	"28347"	"t18s r9e sec 11"	38.4989	-96.3828	"united states"	"kansas"	"chase"	NA	NA	"cornaceae"	"cornus"	"drummondii"	NA	"cornus drummondii"
"52c2e07e-8803-4aac-9645-51829ac95236"	"ku"	"55510"	"kensington, 4.5 mi n, 5 mi e"	39.83323	-98.93766	"united states"	"kansas"	"smith"	NA	NA	"cornaceae"	"cornus"	"drummondii"	NA	"cornus drummondii"
"533febf5-d550-4aee-a36b-d61d5c641a36"	"ku"	"311476"	"welda, 5 mi n, 1.5 mi e"	38.245024	-95.255131	"united states"	"kansas"	"anderson"	NA	NA	"cornaceae"	"cornus"	"drummondii"	NA	"cornus drummondii"
"53a66d6b-30ac-4521-b599-0622e1a50b96"	"ku"	"55674"	"everest 4.0mi s 1.0mi w"	39.61829	-95.44288	"united states"	"kansas"	"atchison"	NA	NA	"cornaceae"	"cornus"	"drummondii"	NA	"cornus drummondii"
"542dfa65-9839-4b0c-9286-c24f48705763"	"ku"	"55502"	"pottawatomie county state lake #1"	39.47097	-96.41277	"united states"	"kansas"	"pottawatomie"	NA	NA	"cornaceae"	"cornus"	"drummondii"	NA	"cornus drummondii"
"5447bfba-d8cd-437a-9840-632b9f6edb74"	"eiu"	NA	"coneflower hill prairie, wsw of allenville, on shore of lake shelbyville. elevation 185 m."	39.550833	-88.575833	"united states"	"illinois"	"moultrie"	NA	NA	"cornaceae"	"cornus"	"drummondii"	NA	"cornus drummondii"
"545d6ae4-8719-411c-94eb-baac3d5ee6fa"	"ills"	NA	"spring bay fen nature preserve, about 2 miles south of spring bay and 0.75 mile west of illinois route 26. east side of the illinois river. in the illinois river section of the upper mississippi rive and illinois river bottomlands natural division."	40.78618	-89.5349	"united states"	"illinois"	"woodford"	NA	NA	"cornaceae"	"cornus"	"drummondii"	NA	"cornus drummondii"
"547229bc-c004-4c8a-acce-dc4a9f8c8c8a"	"ku"	"55787"	"arlington, 1.5 mi s, 1 mi e"	37.87348	-98.16309	"united states"	"kansas"	"atchison"	NA	NA	"cornaceae"	"cornus"	"drummondii"	NA	"cornus drummondii"
"5527fb0c-bce0-4dae-b742-3a61f603c9f7"	"ku"	"55751"	"leavenworth county state lake"	39.128568	-95.149577	"united states"	"kansas"	"leavenworth"	NA	NA	"cornaceae"	"cornus"	"drummondii"	NA	"cornus drummondii"
"553366a7-5837-439d-bb8d-0170e478c0b0"	"ills"	NA	"butler county highway 11, 0.5 mile north of wolf creek."	31.923111	-86.865944	"united states"	"alabama"	"butler"	NA	NA	"cornaceae"	"cornus"	"drummondii"	NA	"cornus drummondii"
"55796c73-ddca-406d-9e40-59fb104cd300"	"ku"	"55748"	"junction city, 8 mi s; geary county state lake"	38.899265	-96.862586	"united states"	"kansas"	"geary"	NA	NA	"cornaceae"	"cornus"	"drummondii"	NA	"cornus drummondii"
"55f64ecf-72d1-48c4-b4ce-c6e66ad714c8"	"mwi"	"mwi00055432"	"west/northwest of osceola, crossing of osceola road and 900e, elmira township"	41.23333	-88.18333	"united states"	"illinois"	"stark"	"west/northwest of osceola"	100	"cornaceae"	"cornus"	"drummondii"	NA	"cornus drummondii"
"57edd6c9-e1c0-423e-8066-8a949391f432"	"ku"	"109652"	"de soto, 1.5 mi s, 3.5 mi e"	38.945028	-94.901646	"united states"	"kansas"	"johnson"	NA	NA	"cornaceae"	"cornus"	"drummondii"	NA	"cornus drummondii"
"589bf405-4f3b-4367-87b2-d0b264177920"	"ku"	"55532"	"cherryvale 3.5mi s"	37.21715	-95.55395	"united states"	"kansas"	"montgomery"	NA	NA	"cornaceae"	"cornus"	"drummondii"	NA	"cornus drummondii"
"5aa30388-2725-4f5b-858b-309b926fab0a"	"mwi"	"mwi00051542"	"north of roseville, south on 30th street past 150th avenue"	42.55278	-86.99444	"united states"	"illinois"	"warren"	"north of roseville"	10	"cornaceae"	"cornus"	"drummondii"	NA	"cornus drummondii"
"5afdabfe-b934-4b55-b118-ab601db636da"	"ku"	"55808"	"hutchinson, 5 mi n"	38.13334	-97.92977	"united states"	"kansas"	"reno"	NA	NA	"cornaceae"	"cornus"	"drummondii"	NA	"cornus drummondii"
"5b1fe758-6147-44b1-ab04-d32dd4d6468d"	"ku"	"55657"	"oswego, 4 mi s"	37.13412	-95.10995	"united states"	"kansas"	"labette"	NA	NA	"cornaceae"	"cornus"	"drummondii"	NA	"cornus drummondii"
"5c0b16de-394e-4d36-a2d2-6b1b73d46c3c"	"ku"	"110000"	"walnut, 0.75 mi s, 3 mi w"	37.59055	-95.13293	"united states"	"kansas"	"neosho"	NA	NA	"cornaceae"	"cornus"	"drummondii"	NA	"cornus drummondii"
"5d02d13a-280d-40f7-9222-480e6793e9ee"	"ku"	"55559"	"republic sw"	39.9237	-97.82174	"united states"	"kansas"	"republic"	NA	NA	"cornaceae"	"cornus"	"drummondii"	NA	"cornus drummondii"
"5d0535ee-9e39-49c8-80d4-b653d5b6f83f"	"kstc"	"28271"	"milan, 10 mi se"	41.97152	-83.58497	"united states"	"michigan"	"monroe"	NA	NA	"cornaceae"	"cornus"	"drummondii"	NA	"cornus drummondii"
"5db4a3a5-a375-42ad-8944-e452a016eea5"	"ku"	"55727"	"wyandotte county lake"	39.17104	-94.78134	"united states"	"kansas"	"wyandotte"	NA	NA	"cornaceae"	"cornus"	"drummondii"	NA	"cornus drummondii"
"5dc01eb2-4209-4ec0-805f-42f93a4cfdcf"	"ku"	"55700"	"fulton 2.0mi w"	38.00933	-94.75651	"united states"	"kansas"	"barber"	NA	NA	"cornaceae"	"cornus"	"drummondii"	NA	"cornus drummondii"
"5e191c92-4621-44f3-a7f9-c8da5fed4fa0"	"ku"	"341011"	"cheyenne, 1 mi s, 3 mi w"	35.5963889	-99.7269444	"united states"	"oklahoma"	"roger mills"	NA	NA	"cornaceae"	"cornus"	"drummondii"	NA	"cornus drummondii"
"5eb787ff-ac8b-48fb-845b-a17b68596654"	"ku"	"55512"	"lawrence, 4 mi n, 1.5 mi e"	39.029653	-95.207008	"united states"	"kansas"	"douglas"	NA	NA	"cornaceae"	"cornus"	"drummondii"	NA	"cornus drummondii"
"5eb82f11-d654-4208-bc16-d14522d76064"	"ills"	NA	"parklands foundationäó»s chinquapin bluffs preserve; located approximately 5 miles north of carlock, illinois. map datum: wgs84/nad83."	40.66158	-89.12835	"united states"	"illinois"	"woodford"	NA	NA	"cornaceae"	"cornus"	"drummondii"	NA	"cornus drummondii"
"5f511db5-0d3e-45f8-8997-7aaf164f09b9"	"ku"	"55509"	"mclouth, 4 mi s, 2 mi w"	39.13816	-95.24542	"united states"	"kansas"	"jefferson"	NA	NA	"cornaceae"	"cornus"	"drummondii"	NA	"cornus drummondii"
"609b11b3-3d15-449e-8da6-0675877c460a"	"ku"	"320107"	"mound city, 2.5 mi w"	38.135123	-94.873492	"united states"	"kansas"	"linn"	NA	NA	"cornaceae"	"cornus"	"drummondii"	NA	"cornus drummondii"
"60ff5bf1-7f59-4ea9-b137-103b251040f3"	"ku"	"55809"	"ionia 0.5mi n 1.75mi e"	39.67109	-98.31393	"united states"	"kansas"	"jewell"	NA	NA	"cornaceae"	"cornus"	"drummondii"	NA	"cornus drummondii"
"612b92ec-09c4-4c26-ba37-e213f0bc7793"	"ills"	NA	"clear creek spring. 5.33 mile northeast of la rue, illinois. east of rattlesnake ferry. southern section of the lower mississippi river bottomlands natural division. coordinate datum: wgs84/nad83."	37.62054	-89.41912	"united states"	"illinois"	"jackson"	NA	NA	"cornaceae"	"cornus"	"drummondii"	NA	"cornus drummondii"
"613591eb-191b-4234-97ed-08978a796a14"	"ku"	"55508"	"alva, 7.5 mi nw"	36.88187	-98.76216	"united states"	"oklahoma"	"woods"	NA	NA	"cornaceae"	"cornus"	"drummondii"	NA	"cornus drummondii"
"621482d4-7277-47a0-9a10-462f1634c974"	"kstc"	"28298"	"montrose, 1 mi w on hwy 493"	31.57064	-93.00922	"united states"	"louisiana"	"natchitoches"	NA	NA	"cornaceae"	"cornus"	"drummondii"	NA	"cornus drummondii"
"623f97bd-6007-4386-af1d-bc3cd4cbb9df"	"kstc"	"28290"	"atchison county lake, 4 mi s and 1 mi w of everest"	39.6406	-95.18349	"united states"	"kansas"	"atchison"	NA	NA	"cornaceae"	"cornus"	"drummondii"	NA	"cornus drummondii"
"62533727-487e-4f8f-ad46-033cebdf6468"	"kstc"	"28301"	"norman, 5 mi e"	35.21814	-97.33543	"united states"	"oklahoma"	"cleveland"	NA	NA	"cornaceae"	"cornus"	"drummondii"	NA	"cornus drummondii"
"63d50487-b39c-4008-a68c-488dd13de26e"	"ku"	"55754"	"baldwin n"	38.77492	-95.18604	"united states"	"kansas"	"douglas"	NA	NA	"cornaceae"	"cornus"	"drummondii"	NA	"cornus drummondii"
"64148467-a47b-4f62-9f15-9a57ba2f3e34"	"ku"	"55563"	"brown co. st. park"	39.84923	-95.37217	"united states"	"kansas"	"brown"	NA	NA	"cornaceae"	"cornus"	"drummondii"	NA	"cornus drummondii"
"6454f355-17a1-47b5-a92f-cb163caf9b89"	"ku"	"55814"	"neodesha, 3 mi nw"	37.45769	-95.72102	"united states"	"kansas"	"wilson"	NA	NA	"cornaceae"	"cornus"	"drummondii"	NA	"cornus drummondii"
"6471401e-439c-4583-bcae-e8d626a67f29"	"ills"	NA	"rock springs environmental center; south edge of homestead prairie. 39?á 49' 29"" north; -89?á 1' 24"" west."	39.8247	-89.0233	"united states"	"illinois"	"macon"	NA	NA	"cornaceae"	"cornus"	"drummondii"	NA	"cornus drummondii"
"653071c4-61c7-4247-9276-913e310502c5"	"ku"	"55684"	"ottawa county state lake"	39.112113	-97.566933	"united states"	"kansas"	"ottawa"	NA	NA	"cornaceae"	"cornus"	"drummondii"	NA	"cornus drummondii"
"6536c420-4dc4-4f0a-9b00-ea292b3b953f"	"lsu"	"lsu00099330"	"upland hardwood forest along last downstream tributary of clark creek in the tunica hills waterfalls area of clark creek natural area, ca. 1 mile sw of pond."	31.083	-91.5	"united states"	"mississippi"	"wilkinson county"	NA	NA	"cornaceae"	"cornus"	"drummondii"	NA	"cornus drummondii"
"668b429b-8687-462b-8b26-c9d745b6b37c"	"ku"	"343043"	"fort leavenworth military reservation, nw part"	39.3719444	-94.9319444	"united states"	"kansas"	"leavenworth"	NA	NA	"cornaceae"	"cornus"	"drummondii"	NA	"cornus drummondii"
"66b40d8f-316f-4366-a929-164e7f05f965"	"ku"	"55667"	"unknown"	38.675881	-96.645003	"united states"	"kansas"	"morris"	NA	NA	"cornaceae"	"cornus"	"drummondii"	NA	"cornus drummondii"
"6735b658-195e-41a0-8b05-88a12be0f895"	"ku"	"55764"	"baxter springs, 1 mi w"	37.02375	-94.75312	"united states"	"kansas"	"cherokee"	NA	NA	"cornaceae"	"cornus"	"drummondii"	NA	"cornus drummondii"
"67e78a1a-6d1c-41be-a393-58eaef81770f"	"ku"	"55514"	"harper, 1 mi s"	37.27219	-98.0259	"united states"	"kansas"	"harper"	NA	NA	"cornaceae"	"cornus"	"drummondii"	NA	"cornus drummondii"
"682bbaf5-82bf-4c5c-b4e1-ceff11d5be4f"	"uconn"	"conn00100089"	"texas a & m university campus"	30.6175	-96.33805	"united states"	"texas"	"brazos county"	"college station"	5000	"cornaceae"	"cornus"	"drummondii"	NA	"cornus drummondii c.a. mey."
"690e3434-0cac-409b-af6d-4adf9e636679"	"kstc"	"28357"	"raymond, 1 1/2 mi s"	38.25577	-98.41776	"united states"	"kansas"	"rice"	NA	NA	"cornaceae"	"cornus"	"drummondii"	NA	"cornus drummondii"
"6921baf0-cf34-40cc-adbb-0edd8004733c"	"ku"	"55680"	"bennington, 5 mi n, 1 mi e"	39.10658	-97.5749	"united states"	"kansas"	"ottawa"	NA	NA	"cornaceae"	"cornus"	"drummondii"	NA	"cornus drummondii"
"69c86db0-9680-495d-adbc-7188435de378"	"ku"	"319880"	"woodston, 1.7 mi w"	39.447947	-99.134335	"united states"	"kansas"	"rooks"	NA	NA	"cornaceae"	"cornus"	"drummondii"	NA	"cornus drummondii"
"6aa0aad3-86a9-461e-8246-40a30aef761e"	"ku"	"55726"	"douglass 0.5mi s 13.0mi e"	37.51002	-96.77724	"united states"	"kansas"	"butler"	NA	NA	"cornaceae"	"cornus"	"drummondii"	NA	"cornus drummondii"
"6b388c06-2496-485a-ae1e-a7a2870068e5"	"ku"	"361080"	"new franklin, 0.8 mi w"	39.02147	-92.75597	"united states"	"missouri"	"howard"	NA	NA	"cornaceae"	"cornus"	"drummondii"	NA	"cornus drummondii"
"6cc7537a-52e1-410d-bbb7-ac8e930599eb"	"ny"	"00200102"	"9 air km sse of johnson city, slopes above miller creek at intersection of us 290 and us 18"	30.204283	-98.377275	"united states"	"texas"	"blanco co."	NA	NA	"cornaceae"	"cornus"	"drummondii"	NA	"cornus drummondii c.a.mey."
"6ce57059-64ed-4065-b246-603ea81f967f"	"ku"	"55753"	"ashland, 14 mi n"	37.39162	-99.76528	"united states"	"kansas"	"clark"	NA	NA	"cornaceae"	"cornus"	"drummondii"	NA	"cornus drummondii"
"6d2128eb-cea9-4ce5-b808-51edbec54d27"	"ku"	"55537"	"chetopa, 1.5 mi nw"	37.04623	-95.10209	"united states"	"kansas"	"labette"	NA	NA	"cornaceae"	"cornus"	"drummondii"	NA	"cornus drummondii"
"71264584-6f15-4d16-b53b-219d7e5647f5"	"ku"	"362696"	"pacific junction, 4.2 mi n"	41.077	-95.82384	"united states"	"iowa"	"mills"	NA	NA	"cornaceae"	"cornus"	"drummondii"	NA	"cornus drummondii"
"714960c9-6780-4bd7-9aa4-4ebbe7759a60"	"ku"	"55641"	"t17s, r18e, sec 16"	38.572508	-95.424502	"united states"	"kansas"	"franklin"	NA	NA	"cornaceae"	"cornus"	"drummondii"	NA	"cornus drummondii"
"714a08a8-38ef-45c5-ad39-bd5443f47df0"	"ku"	"55802"	"marion 2.0mi s 1.0mi e"	38.32221	-96.99261	"united states"	"kansas"	"marion"	NA	NA	"cornaceae"	"cornus"	"drummondii"	NA	"cornus drummondii"
"71c7dd88-afa3-4f2a-88a6-a5692cf2fb58"	"ku"	"55795"	"ashland, 14 mi n"	37.39162	-99.76528	"united states"	"kansas"	"clark"	NA	NA	"cornaceae"	"cornus"	"drummondii"	NA	"cornus drummondii"
"73674694-68cf-499f-9db8-5ffbf1806870"	"mwi"	"mwi00051731"	"near media, east on 650n past 1900e"	42.40278	-87.675	"united states"	"illinois"	"henderson"	"near media"	10	"cornaceae"	"cornus"	"drummondii"	NA	"cornus drummondii"
"73a9feb6-3e26-4fd0-9fe0-dbca89526a90"	"ills"	NA	"about 2 mile northeast of bath, illinois. matanzas prairie nature preserve. illinois river section of the illinois and mississippi river sand area natural division. kilbourne quadrangle."	40.2154	-90.1129	"united states"	"illinois"	"mason"	NA	NA	"cornaceae"	"cornus"	"drummondii"	NA	"cornus drummondii"
"743a6d50-3d0d-4456-b81a-2b467b073732"	"kstc"	"28297"	"ross natural history reservation"	38.498008	-96.32941	"united states"	"kansas"	"lyon"	NA	NA	"cornaceae"	"cornus"	"drummondii"	NA	"cornus drummondii"
"74551773-070b-4dd9-ac5c-0d0f078ae560"	"lsu"	"lsu00052288"	"collected in area behind the deer pens at the ben hur agriculture research facility, lsu, baton rouge."	30.36981	-91.16992	"united states"	"louisiana"	"east baton rouge parish"	NA	NA	"cornaceae"	"cornus"	"drummondii"	NA	"cornus drummondii"
"74c2ddb5-ad98-4e65-bf68-f4cea6b4bdf7"	"kstc"	"28342"	"blue eye, 8 mi e on hwy 86"	36.53143	-93.31203	"united states"	"arkansas"	"carroll"	NA	NA	"cornaceae"	"cornus"	"drummondii"	NA	"cornus drummondii"
"74c49ba9-9cd1-4a1e-8ef3-3c1204ab73f6"	"mwi"	"mwi00053953"	"east side of rushville, behind the house at 1025 east lafayette street"	40.12083	-89.45139	"united states"	"illinois"	"schuyler"	"east side of rushville"	NA	"cornaceae"	"cornus"	"drummondii"	NA	"cornus drummondii"
"760c1eda-374a-4c09-b9e0-752b8a6352c0"	"ku"	"322996"	"jct 240th rd & hwy 177 in cottonwood falls, 0.5 mi s, 3.0 mi w"	38.3667	-96.5917	"united states"	"kansas"	"chase"	NA	NA	"cornaceae"	"cornus"	"drummondii"	NA	"cornus drummondii"
"762884f6-cd93-4a0b-b8de-d69bf4d3b532"	"ku"	"55805"	"ottawa, 3 mi n"	38.65134	-95.26609	"united states"	"kansas"	"franklin"	NA	NA	"cornaceae"	"cornus"	"drummondii"	NA	"cornus drummondii"
"7685bd6e-2c72-4549-8117-e4ebddb4ea7c"	"ku"	"55810"	"clark county state lake"	37.39598	-99.78261	"united states"	"kansas"	"clark"	NA	NA	"cornaceae"	"cornus"	"drummondii"	NA	"cornus drummondii"
"78c32fea-83d3-4b8f-a0ed-0f8492fd0ea1"	"ku"	"55689"	"minneola, 3.75 mi s, 13 mi e; se of lake dam (clark county state lake)"	37.381565	-99.776702	"united states"	"kansas"	"clark"	NA	NA	"cornaceae"	"cornus"	"drummondii"	NA	"cornus drummondii"
"78faea4c-ce92-4763-936e-761f6d9c60ae"	"ills"	NA	"2 miles northwest of homer, 6 miles southwest of ogden. 1000 feet south of county road 1200n in the woods west of collins pond, part of the homer lake champaign county forest preserve. found 3 meter from trail. coordinate datum: nad 83."	40.0515	-87.9901	"united states"	"illinois"	"champaign"	NA	NA	"cornaceae"	"cornus"	"drummondii"	NA	"cornus drummondii"
"7965c35b-5361-4590-9f43-5e79d1090488"	"ku"	"55705"	"unknown"	38.99454	-96.66535	"united states"	"kansas"	"geary"	NA	NA	"cornaceae"	"cornus"	"drummondii"	NA	"cornus drummondii"
"79674beb-66a5-47e3-83d3-1cc54c3b82b3"	"ku"	"55816"	"russell, 8 mi ne"	38.97724	-98.75407	"united states"	"kansas"	"russell"	NA	NA	"cornaceae"	"cornus"	"drummondii"	NA	"cornus drummondii"
"797d2812-c5ca-492e-a5d1-d601f3483ea7"	"ku"	"55533"	"raymond 0.4mi s"	38.27324	-98.41499	"united states"	"kansas"	"rice"	NA	NA	"cornaceae"	"cornus"	"drummondii"	NA	"cornus drummondii"
"79b9446f-740e-461a-9ec9-7bfc672644f2"	"ku"	"55520"	"oskaloosa, 0.8 mi w"	39.215279	-95.327468	"united states"	"kansas"	"jefferson"	NA	NA	"cornaceae"	"cornus"	"drummondii"	NA	"cornus drummondii"
"7a64b3a3-af64-4157-8bd2-31f5d17f8ffa"	"mwi"	"mwi00053954"	"northeast of rushville, 0.3 miles west of ray"	40.20417	-89.35444	"united states"	"illinois"	"schuyler"	"northeast of rushville"	NA	"cornaceae"	"cornus"	"drummondii"	NA	"cornus drummondii"
"7a712ca4-71fb-46bd-bbd4-a31aad6e81da"	"ills"	NA	"southeast side of spring lake. just east of the illinois river and a little north of the tazewell and mason county line. illinois river section of the upper mississippi river and illinois river bottomlands natural division. coordinate datum: wgs84/nad83."	40.44647	-89.89191	"united states"	"illinois"	"tazewell"	NA	NA	"cornaceae"	"cornus"	"drummondii"	NA	"cornus drummondii"
"7aa498a8-b932-497d-a66e-16970bd736e9"	"kstc"	"28341"	"neosho rapids, 6 mi e"	38.36939	-95.88072	"united states"	"kansas"	"coffey"	NA	NA	"cornaceae"	"cornus"	"drummondii"	NA	"cornus drummondii"
"7ad12c2b-1fba-4e7e-9910-6829dbae272d"	"eiu"	"eiu077747"	"lake itasca biological field station; la salle creek at gravel pit."	47.1961	-95.2324	"united states"	"minnesota"	"clearwater"	NA	500	"cornaceae"	"cornus"	"drummondii"	NA	"cornus drummondii"
"7b21c9f7-c73d-422d-9ee7-505daa7770e3"	"ku"	"55785"	"hiawatha, 0.5 mi s, 7 mi w"	39.84552	-95.66893	"united states"	"kansas"	"brown"	NA	NA	"cornaceae"	"cornus"	"drummondii"	NA	"cornus drummondii"
"7cc83fc0-7c50-45c6-b1e8-0ec3d43caa70"	"ku"	"55759"	"unknown"	37.71278	-97.45082	"united states"	"kansas"	"sedgwick"	NA	NA	"cornaceae"	"cornus"	"drummondii"	NA	"cornus drummondii"
"7d0aed39-163f-411d-9012-b46f10ca9875"	"ku"	"55806"	"white cloud, 1 mi n"	39.990752	-95.309888	"united states"	"kansas"	"doniphan"	NA	NA	"cornaceae"	"cornus"	"drummondii"	NA	"cornus drummondii"
"7db8fd9d-a1fc-494d-a934-c67e1034ebd4"	"ku"	"55688"	"seneca 10.0mi n"	39.98244	-96.06564	"united states"	"kansas"	"nemaha"	NA	NA	"cornaceae"	"cornus"	"drummondii"	NA	"cornus drummondii"
"7e052006-86ad-4d68-8ae3-bb59f0a32cd7"	"ku"	"55769"	"unknown"	37.93751	-96.19301	"united states"	"kansas"	"greenwood"	NA	NA	"cornaceae"	"cornus"	"drummondii"	NA	"cornus drummondii"
"7f22cae8-1a43-47b5-ab4e-6aa21324500c"	"ku"	"305384"	"ogden, 0.5 mi s"	39.0999985	-96.7069473	"united states"	"kansas"	"geary"	NA	NA	"cornaceae"	"cornus"	"drummondii"	NA	"cornus drummondii"
"7f527e09-7c60-436e-bc38-73e45d94a8f6"	"ny"	"02099380"	"city of austin, lady bird lake (formerly town lake) formed by the colorado river, s shore of lake along vertical bluffs"	30.286156	-97.786067	"united states"	"texas"	"travis co."	NA	NA	"cornaceae"	"cornus"	"drummondii"	NA	"cornus drummondii c.a.mey."
"81180454-9a44-4db8-ae5b-1460fb8e750e"	"ills"	NA	"0.25 mile north of snag creek and west side of route 26, flood plain of illinois river, south of lacon. illinois river section of the upper mississippi river and illinois river bottomlands natural division. coordinate datum: wgs84/nad83."	40.92196	-89.42837	"united states"	"illinois"	"marshall"	NA	NA	"cornaceae"	"cornus"	"drummondii"	NA	"cornus drummondii"
"81a3e906-6f34-40b3-9432-efe13eb9eb7a"	"ku"	"55788"	"arlington, 1.5 mi s, 1 mi e"	37.87348	-98.16309	"united states"	"kansas"	"atchison"	NA	NA	"cornaceae"	"cornus"	"drummondii"	NA	"cornus drummondii"
"8272c70d-713f-4cd1-bdbd-63a077680d6c"	"ku"	"55665"	"uniontown 1.0mi n"	37.86139	-94.97529	"united states"	"kansas"	"bourbon"	NA	NA	"cornaceae"	"cornus"	"drummondii"	NA	"cornus drummondii"
"827fa30a-e92b-416e-bb92-bb7ad73407a3"	"ku"	"55683"	"independence, 3 mi s, 1 mi e"	37.18298	-95.69891	"united states"	"kansas"	"montgomery"	NA	NA	"cornaceae"	"cornus"	"drummondii"	NA	"cornus drummondii"
"85a6dea3-3b8f-40ee-b5c6-3e12cc88302b"	"ku"	"55516"	"saffordville, 1 mi s"	38.38552	-96.39278	"united states"	"kansas"	"chase"	NA	NA	"cornaceae"	"cornus"	"drummondii"	NA	"cornus drummondii"
"86255aa5-0b27-4dcc-87bd-e39ad0005f06"	"mwi"	"mwi00049200"	"northwest of cairo, intersection of q avenue and 90th street, 0.3 miles east on 90th street"	41.18333	-90.7	"united states"	"iowa"	"louisa"	"northwest of cairo"	1852	"cornaceae"	"cornus"	"drummondii"	NA	"cornus drummondii"
"86704fc8-108c-4732-9d68-769788af46a6"	"kstc"	"28355"	"belvidere, 2 mi se"	37.42977	-99.05389	"united states"	"kansas"	"kiowa"	NA	NA	"cornaceae"	"cornus"	"drummondii"	NA	"cornus drummondii"
"86e8838a-9a9b-4a40-b72c-835aecc71387"	"ku"	"55656"	"kansas city 3.0mi nw"	39.07618	-94.70965	"united states"	"kansas"	"wyandotte"	NA	NA	"cornaceae"	"cornus"	"drummondii"	NA	"cornus drummondii"
"872dfbfe-f2ac-4c32-84f7-1acac8fbbd21"	"ku"	"55770"	"unknown"	38.868639	-97.158196	"united states"	"kansas"	"dickinson"	NA	NA	"cornaceae"	"cornus"	"drummondii"	NA	"cornus drummondii"
"88206909-125f-456e-a50a-cc895955f420"	"ku"	"55564"	"newton, 0.7 mi n, 9.0 mi e"	38.06071	-97.26539	"united states"	"kansas"	"harvey"	NA	NA	"cornaceae"	"cornus"	"drummondii"	NA	"cornus drummondii"
"885d6499-d26d-4c42-b1f4-cb13918d7dae"	"eiu"	NA	"rock springs environmental center, homestead prairie. elevation 635 feet. legal: s19 t16n r2e"	39.824722	-89.023333	"united states"	"illinois"	"macon"	NA	NA	"cornaceae"	"cornus"	"drummondii"	NA	"cornus drummondii"
"8866936a-74f2-43c7-9b60-316f743484e0"	"mwi"	"mwi00052273"	"west of media, 1 mile east on 1050n past 1320e"	41.01111	-87.22222	"united states"	"illinois"	"henderson"	"west of media"	10	"cornaceae"	"cornus"	"drummondii"	NA	"cornus drummondii"
"886a91b5-a4ef-40a7-b171-bf3b3f98d932"	"msc"	"295002"	"bank of huron river, gallup park near bridge to mitchell field, ann arbor"	42.27083	-83.72639	"united states"	"michigan"	"washtenaw"	NA	NA	"cornaceae"	"cornus"	"drummondii"	NA	"cornus drummondii"
"89153ec5-4a46-4bcd-b7da-82d600ae4d75"	"ku"	"55551"	"unknown"	37.88566	-95.74072	"united states"	"kansas"	"woodson"	NA	NA	"cornaceae"	"cornus"	"drummondii"	NA	"cornus drummondii"
"8917a29c-7ac3-4ae2-9a63-b723d7ebdd54"	"ku"	"55778"	"oswego, 4 mi s"	37.13412	-95.10995	"united states"	"kansas"	"labette"	NA	NA	"cornaceae"	"cornus"	"drummondii"	NA	"cornus drummondii"
"8b014c43-7b16-422b-96df-7509efc33219"	"ku"	"55566"	"along the banks of the arkansas river"	38.352534	-98.713205	"united states"	"kansas"	"barton"	NA	NA	"cornaceae"	"cornus"	"drummondii"	NA	"cornus drummondii"
"8b055216-b790-41f5-b39c-2a272deb4e43"	"kstc"	"28353"	"reading woods"	38.53262	-95.96472	"united states"	"kansas"	"lyon"	NA	NA	"cornaceae"	"cornus"	"drummondii"	NA	"cornus drummondii"
"8c556f94-775a-40d0-a719-f65186fa97a0"	"msc"	"295004"	"bell isle, detroit"	42.33139	-83.04583	"united states"	"michigan"	NA	NA	NA	"cornaceae"	"cornus"	"drummondii"	NA	"cornus drummondii"
"8c8262a5-b6af-4f0d-ae3f-88c3b2f9c9bd"	"ku"	"55703"	"unknown"	38.868639	-97.158196	"united states"	"kansas"	"dickinson"	NA	NA	"cornaceae"	"cornus"	"drummondii"	NA	"cornus drummondii"
"8d75326a-0cf9-4088-a435-534de43dd8c0"	"ku"	"55719"	"columbus, 3 mi n along hwy 7"	37.21425	-94.84004	"united states"	"kansas"	"cherokee"	NA	NA	"cornaceae"	"cornus"	"drummondii"	NA	"cornus drummondii"
"8e4cc1a0-0511-42d1-8353-2ccd70329462"	"ku"	"108429"	"edgerton, 7.0 mi n, 1.0 mi w; sunflower army ammunition plant"	38.876834	-95.034693	"united states"	"kansas"	"johnson"	NA	NA	"cornaceae"	"cornus"	"drummondii"	NA	"cornus drummondii"
"8f0062f9-56ac-49a9-b1cd-c50959440350"	"ku"	"311398"	"fall river, 1 mi n, 2 mi e"	37.62121	-95.99264	"united states"	"kansas"	"greenwood"	NA	NA	"cornaceae"	"cornus"	"drummondii"	NA	"cornus drummondii"
"90053c6d-a54c-43a9-8e71-fbd9db86bf1a"	"kstc"	"28354"	"altoona, 3 mi w"	37.52933	-95.71667	"united states"	"kansas"	"wilson"	NA	NA	"cornaceae"	"cornus"	"drummondii"	NA	"cornus drummondii"
"903891a6-04a1-4db9-8cb1-f5dc6451e57f"	"ku"	"55693"	"canton 6.0mi n 2.5mi w"	38.47418	-97.47332	"united states"	"kansas"	"mcpherson"	NA	NA	"cornaceae"	"cornus"	"drummondii"	NA	"cornus drummondii"
"90549389-e599-4b32-9490-1fd881be6b3c"	"ku"	"55761"	"unknown"	37.71278	-97.45082	"united states"	"kansas"	"sedgwick"	NA	NA	"cornaceae"	"cornus"	"drummondii"	NA	"cornus drummondii"
"907818eb-680c-49c2-aa0f-32459d6a4061"	"ku"	"55535"	"t21s, r11w, sec 20"	38.209312	-98.555275	"united states"	"kansas"	"stafford"	NA	NA	"cornaceae"	"cornus"	"drummondii"	NA	"cornus drummondii"
"90deb44c-2dad-4cd5-9a52-8ca4604dea69"	"ills"	NA	"population located along four corners road north from highway 84. elevation: 194 meter. coordinate datum: nad83. vocher of ames 30153 for the usda-ars north central regional plant introduction station, ames, iowa and the u.s. national plant germplasm system."	42.200217	-90.2294	"united states"	"illinois"	"jo daviess"	NA	NA	"cornaceae"	"cornus"	"drummondii"	NA	"cornus drummondii"
"917e8d00-a8f2-4641-9c31-56e7f94735ce"	"ku"	"55789"	"corning, 1.9 mi s"	39.62964	-96.03352	"united states"	"kansas"	"nemaha"	NA	NA	"cornaceae"	"cornus"	"drummondii"	NA	"cornus drummondii"
"9190030c-c798-4f56-8704-86c3a3637180"	"ku"	"348629"	"fort leavenworth military reservation, ne part"	39.3719	-94.8953	"united states"	"kansas"	"leavenworth"	NA	NA	"cornaceae"	"cornus"	"drummondii"	NA	"cornus drummondii"
"94cec312-6bec-439e-af22-528aff661598"	"ku"	"55762"	"arkansas city 5.0mi se"	37.01363	-96.97744	"united states"	"kansas"	"cowley"	NA	NA	"cornaceae"	"cornus"	"drummondii"	NA	"cornus drummondii"
"9509816d-5cf8-4e06-8655-3e35834e58ed"	"ku"	"55699"	"lawrence"	38.97167	-95.235	"united states"	"kansas"	"douglas"	NA	NA	"cornaceae"	"cornus"	"drummondii"	NA	"cornus drummondii"
"958e5a9c-0b08-4500-ab48-6753fcc528b6"	"kstc"	"28303"	"lake kahola"	38.52583	-96.41333	"united states"	"kansas"	"chase"	NA	NA	"cornaceae"	"cornus"	"drummondii"	NA	"cornus drummondii"
"95b322cb-391f-453d-90ee-b2d793c85cf3"	"ku"	"345575"	"natoma, 2 mi s"	39.1641667	-99.0158333	"united states"	"kansas"	"osborne"	NA	NA	"cornaceae"	"cornus"	"drummondii"	NA	"cornus drummondii"
"95b783a7-f5b7-411b-bfa2-624d93625973"	"ku"	"327824"	"somerset, 1 mi e"	38.6041679	-94.75	"united states"	"kansas"	"miami"	NA	NA	"cornaceae"	"cornus"	"drummondii"	NA	"cornus drummondii"
"967aba83-2037-49ec-8abd-72bfe6c71712"	"ku"	"55750"	"medicine lodge, 0.5 mi n; barber county state lake"	37.302005	-98.581717	"united states"	"kansas"	"barber"	NA	NA	"cornaceae"	"cornus"	"drummondii"	NA	"cornus drummondii"
"96972a36-5154-44cf-8435-4ebdda93bc0d"	"ku"	"55643"	"pomona, 3 mi s"	38.56669	-95.45271	"united states"	"kansas"	"franklin"	NA	NA	"cornaceae"	"cornus"	"drummondii"	NA	"cornus drummondii"
"96b3a5e9-b7b0-4160-bdfa-b0fb2c313366"	"kstc"	"28319"	"petit jean mountain"	35.16	-92.92583	"united states"	"arkansas"	"conway"	NA	NA	"cornaceae"	"cornus"	"drummondii"	NA	"cornus drummondii"
"977d2d35-c0eb-4738-9d8f-40a033ebe564"	"ku"	"55527"	"galena 4.5mi n"	37.14048	-94.63021	"united states"	"kansas"	"cherokee"	NA	NA	"cornaceae"	"cornus"	"drummondii"	NA	"cornus drummondii"
"97a1aaf0-9445-42be-8ee9-3795a9f8fa32"	"ku"	"55687"	"greeley 1.0mi s 1.0mi e"	38.35165	-95.10837	"united states"	"kansas"	"anderson"	NA	NA	"cornaceae"	"cornus"	"drummondii"	NA	"cornus drummondii"
"980c2dca-bb76-489f-8f6c-7c54fe9ec166"	"ills"	NA	"county road 2100 e by bridge over whetstone creek. 39?_28'08""n 88?_04'58"""	39.46889	-88.08278	"united states"	"illinois"	"coles"	NA	NA	"cornaceae"	"cornus"	"drummondii"	NA	"cornus drummondii"
"98426f01-9a0c-4a71-9088-432af0bf740e"	"ku"	"55780"	"sedan, 5 mi se"	37.07606	-96.12291	"united states"	"kansas"	"chautauqua"	NA	NA	"cornaceae"	"cornus"	"drummondii"	NA	"cornus drummondii"
"987ae60d-30b6-4047-9c16-acdea6c222cf"	"kstc"	"28349"	"t32s r4w sec 8 sw1/4"	37.2778	-97.7762	"united states"	"kansas"	"sumner"	NA	NA	"cornaceae"	"cornus"	"drummondii"	NA	"cornus drummondii"
"98d46bff-a151-477e-a9ee-e3b64faa5070"	"kstc"	"28302"	"hillsboro, 7 mi n"	38.45305	-97.22282	"united states"	"kansas"	"jefferson"	NA	NA	"cornaceae"	"cornus"	"drummondii"	NA	"cornus drummondii"
"991d42ae-a13a-427b-a55a-092e08d99178"	"ku"	"55731"	"lawrence, 4 mi se"	38.916	-95.19765	"united states"	"kansas"	"douglas"	NA	NA	"cornaceae"	"cornus"	"drummondii"	NA	"cornus drummondii"
"9959b593-bfc3-4e55-b9e0-c8c0441b4dc4"	"ku"	"55550"	"onago 6.0mi e"	39.49065	-96.05751	"united states"	"kansas"	"pottawatomie"	NA	NA	"cornaceae"	"cornus"	"drummondii"	NA	"cornus drummondii"
"9bfef786-cdf0-4547-b5b1-58b8e20e8db4"	"ku"	"55811"	"haviland, 7 mi s"	37.55856	-99.10583	"united states"	"kansas"	"kiowa"	NA	NA	"cornaceae"	"cornus"	"drummondii"	NA	"cornus drummondii"
"9e364ebd-6b32-4773-b847-a648418fb012"	"ills"	NA	"south of havana along main highway (route 78) south towards bath. havana quadrangle, elevation about 450 feet. the illinois river section of the illinois & mississippi rivers bottomlands natural division. growing in a series of seep areas along white oak creek. (wgs84/nad83)"	40.257	-90.08894	"united states"	"illinois"	"mason"	NA	NA	"cornaceae"	"cornus"	"drummondii"	NA	"cornus drummondii"
"9ef63ead-61d5-4c2d-b166-6a109a00155b"	"ku"	"55776"	"mildred 2.0mi s"	37.99368	-95.17497	"united states"	"kansas"	"allen"	NA	NA	"cornaceae"	"cornus"	"drummondii"	NA	"cornus drummondii"
"9f442973-ecba-4fa0-a471-76ea4db7d097"	"eiu"	NA	"kinmundy: prairie ridge state natural area (marion co. unit). bartels preserve, ne corner near railroad. elev. 630 ft."	38.75119	-88.85597	"united states"	"illinois"	"marion"	NA	NA	"cornaceae"	"cornus"	"drummondii"	NA	"cornus drummondii"
"9f51bc76-35ab-4bf8-8066-52691bf46891"	"ku"	"55720"	"john redmond dam"	38.22381	-95.77682	"united states"	"kansas"	"coffey"	NA	NA	"cornaceae"	"cornus"	"drummondii"	NA	"cornus drummondii"
"9f6b2f29-84c3-4d45-b795-eb1385f7041e"	"ku"	"55804"	"oswego, 0.5 mi e"	37.16836	-95.1046	"united states"	"kansas"	"labette"	NA	NA	"cornaceae"	"cornus"	"drummondii"	NA	"cornus drummondii"
"9f89a72b-96b8-4d65-b609-dbba3392ea62"	"ku"	"55711"	"unknown"	39.825845	-95.141389	"united states"	"kansas"	"doniphan"	NA	NA	"cornaceae"	"cornus"	"drummondii"	NA	"cornus drummondii"
"9fe9da4d-c40b-451a-b312-96b35bc3e61f"	"ku"	"55765"	"emporia, 6 mi sw"	38.34411	-96.26733	"united states"	"kansas"	"lyon"	NA	NA	"cornaceae"	"cornus"	"drummondii"	NA	"cornus drummondii"
"9ffaebe0-f8f1-46cd-9321-542e8e2c3a8d"	"ku"	"55763"	"topeka 4.0mi s 5.0mi w"	38.97904	-95.77917	"united states"	"kansas"	"shawnee"	NA	NA	"cornaceae"	"cornus"	"drummondii"	NA	"cornus drummondii"
"a0420d29-d794-473b-8c85-6a3353e3e14d"	"kstc"	"28332"	"t23s r16e sec 30 s1/2"	38.0176	-95.6927	"united states"	"kansas"	"woodson"	NA	NA	"cornaceae"	"cornus"	"drummondii"	NA	"cornus drummondii"
"a0ab882c-d396-4176-8303-3b4eebd8f2bd"	"ku"	"55702"	"unknown"	39.33735	-96.70971	"united states"	"kansas"	"riley"	NA	NA	"cornaceae"	"cornus"	"drummondii"	NA	"cornus drummondii"
"a0cbb9d7-9473-4968-9b2b-45df68df5c76"	"ku"	"55786"	"derby, 4 mi se"	37.50704	-97.51493	"united states"	"kansas"	"sedgwick"	NA	NA	"cornaceae"	"cornus"	"drummondii"	NA	"cornus drummondii"
"a1e43a1e-1ff6-4b3d-93e0-b6908592ac03"	"ku"	"314816"	"kingman, 6.5 mi w"	37.649169	-98.258905	"united states"	"kansas"	"kingman"	NA	NA	"cornaceae"	"cornus"	"drummondii"	NA	"cornus drummondii"
"a30cc1d6-d9e6-4b71-b87c-1c9df2aefb3c"	"mwi"	"mwi00051735"	"near media, 1.5 miles south on 1700e past 500n"	40.76667	-86.58611	"united states"	"illinois"	"henderson"	"near media"	10	"cornaceae"	"cornus"	"drummondii"	NA	"cornus drummondii"
"a3ec8a89-42a8-4eda-aa79-a5d26aa9e546"	"ku"	"55499"	"erie, 3.8 mi e"	37.57035	-95.17437	"united states"	"kansas"	"neosho"	NA	NA	"cornaceae"	"cornus"	"drummondii"	NA	"cornus drummondii"
"a40f6171-c3fa-464a-ba52-711d764ef905"	"ku"	"108573"	"edgerton, 7.0 mi n, 1.0 mi w; sunflower army ammunition plant"	38.876834	-95.034693	"united states"	"kansas"	"johnson"	NA	NA	"cornaceae"	"cornus"	"drummondii"	NA	"cornus drummondii"
"a4637580-a826-4443-b550-55b2d69bb024"	"ku"	"55772"	"erie 1.0mi e"	37.55703	-95.22508	"united states"	"kansas"	"neosho"	NA	NA	"cornaceae"	"cornus"	"drummondii"	NA	"cornus drummondii"
"a5770f86-c5d6-4dc8-a0a7-41409daf2cc4"	"ku"	"55522"	"medicine lodge, 1.2 mi n, 4.1 mi w"	37.29851	-98.6551	"united states"	"kansas"	"barber"	NA	NA	"cornaceae"	"cornus"	"drummondii"	NA	"cornus drummondii"
"a6790149-ea82-4019-a16c-014873a619e5"	"mwi"	"mwi00055698"	"niabi zoo, nature trail"	43.23889	-88.85278	"united states"	"illinois"	"rock island"	"niabi zoo"	10	"cornaceae"	"cornus"	"drummondii"	NA	"cornus drummondii"
"a6f35998-23af-4316-bb5c-da489e238888"	"ku"	"55815"	"lincoln, 2 mi s"	39.01287	-98.14724	"united states"	"kansas"	"lincoln"	NA	NA	"cornaceae"	"cornus"	"drummondii"	NA	"cornus drummondii"
"a8547d4d-fb8d-46ae-9f1f-a2a2c188e97d"	"ku"	"55538"	"delia 14.7mi n"	39.45131	-95.96322	"united states"	"kansas"	"jackson"	NA	NA	"cornaceae"	"cornus"	"drummondii"	NA	"cornus drummondii"
"a8c6f939-feb7-4087-b5db-9c5d3a176805"	"ku"	"55652"	"lawrence, 6 mi se"	38.91014	-95.155892	"united states"	"kansas"	"douglas"	NA	NA	"cornaceae"	"cornus"	"drummondii"	NA	"cornus drummondii"
"a9d33d8b-406c-45c3-9d7d-6f8afbc5c8fb"	"ku"	"55781"	"ellsworth, 1 mi s, 11 mi e"	38.7167	-98.0257	"united states"	"kansas"	"ellsworth"	NA	NA	"cornaceae"	"cornus"	"drummondii"	NA	"cornus drummondii"
"aa15904d-9ed0-4688-9ed7-1a88d972a97c"	"ku"	"55729"	"baldwin lake, s end"	38.75568	-95.32725	"united states"	"kansas"	"douglas"	NA	NA	"cornaceae"	"cornus"	"drummondii"	NA	"cornus drummondii"
"aa5404ff-c5ec-4282-bd35-538c18df601c"	"lsu"	"lsu00052360"	"cypress island preserve; in wooded area along marked trail."	30.2258333	-91.9305556	"united states"	"louisiana"	"st. martin parish"	NA	NA	"cornaceae"	"cornus"	"drummondii"	NA	"cornus drummondii"
"ab365321-e41d-4b5b-b2de-49087e0ceb0c"	"ku"	"348699"	"fort leavenworth military reservation: w part"	39.3661	-94.9445	"united states"	"kansas"	"leavenworth"	NA	NA	"cornaceae"	"cornus"	"drummondii"	NA	"cornus drummondii"
"ac2d8a0e-d654-413f-89f4-14096dcc779a"	"ku"	"55766"	"neodesha"	37.41833	-95.68	"united states"	"kansas"	"wilson"	NA	NA	"cornaceae"	"cornus"	"drummondii"	NA	"cornus drummondii"
"ac416666-f6f6-4822-a0ba-33d8cc2cd7c5"	"ku"	"55515"	"milan w end"	37.25691	-97.67397	"united states"	"kansas"	"sumner"	NA	NA	"cornaceae"	"cornus"	"drummondii"	NA	"cornus drummondii"
"ad4a42d4-8813-4a52-8821-0b6f8a6d3c3a"	"ku"	"55812"	"linn, 1 mi ne"	39.69025	-97.07057	"united states"	"kansas"	"washington"	NA	NA	"cornaceae"	"cornus"	"drummondii"	NA	"cornus drummondii"
"ad9e83e0-4777-4dce-808b-0a63e0c6f0d9"	"uconn"	"conn00100085"	"richmond"	39.82888	-84.89027	"united states"	"indiana"	"wayne county"	"richmond"	5000	"cornaceae"	"cornus"	"drummondii"	NA	"cornus drummondii c.a. mey."
"adc1725d-86d5-4385-8362-83918cbe481d"	"ku"	"320287"	"garnett, 2.0 mi s, 3.5 mi w"	38.246406	-95.326014	"united states"	"kansas"	"anderson"	NA	NA	"cornaceae"	"cornus"	"drummondii"	NA	"cornus drummondii"
"af2605d8-d7e5-4e75-a674-58769f2c18e6"	"mwi"	"mwi00051767"	"north of swan lake, 1 mile south on 130th street past 100th avenue"	43.20278	-87.46667	"united states"	"illinois"	"warren"	"north of swan lake"	10	"cornaceae"	"cornus"	"drummondii"	NA	"cornus drummondii"
"af31e0c4-3184-476a-bd8d-11cca8356e1a"	"ku"	"55546"	"olsburg, 7 mi w"	39.432	-96.74556	"united states"	"kansas"	"pottawatomie"	NA	NA	"cornaceae"	"cornus"	"drummondii"	NA	"cornus drummondii"
"af617386-f4b4-4468-b4f1-ce6017b3fa69"	"ills"	NA	"i-90 tollway improvement survey corridor."	42.06643	-88.09668	"united states"	"illinois"	"cook"	NA	NA	"cornaceae"	"cornus"	"drummondii"	NA	"cornus drummondii"
"af7a20d0-f3a3-466b-9aa1-6e7328694098"	"kstc"	"28272"	"milan, 10 mi se"	41.97152	-83.58497	"united states"	"michigan"	"monroe"	NA	NA	"cornaceae"	"cornus"	"drummondii"	NA	"cornus drummondii"
"afa7d071-2d49-47a8-ad06-fce5e44f3aa6"	"kstc"	"28361"	"saffordville, 1 mi s"	38.3855	-96.3925	"united states"	"kansas"	"chase"	NA	NA	"cornaceae"	"cornus"	"drummondii"	NA	"cornus drummondii"
"afaccef8-89b3-46f0-aeac-7526445d51c6"	"ku"	"55730"	"edmond, 1 mi s, 3 mi w"	39.61272	-99.87907	"united states"	"kansas"	"norton"	NA	NA	"cornaceae"	"cornus"	"drummondii"	NA	"cornus drummondii"
"afadbb97-9e54-4f37-9d67-c53ad56643eb"	"ku"	"55678"	"wamego, 1 mi n, 12 mi w; pottawatomie county state lake no. 2"	39.230551	-96.525571	"united states"	"kansas"	"pottawatomie"	NA	NA	"cornaceae"	"cornus"	"drummondii"	NA	"cornus drummondii"
"b05ba224-d308-48d8-a2ae-04910f9564f7"	"lsu"	"lsu00099323"	"nw corner of harrow research station, acriculture canada property. 1.8 km ene of harrow. 13 km. sw of essex. essex 40 j/2 1:50,000 map."	42.039	-82.896	"canada"	"ontario province"	"essex county"	NA	NA	"cornaceae"	"cornus"	"drummondii"	NA	"cornus drummondii"
"b0ce2fc5-1ab7-4466-b3c1-57a872788769"	"ku"	"55799"	"chetopa"	37.03715	-95.09077	"united states"	"kansas"	"labette"	NA	NA	"cornaceae"	"cornus"	"drummondii"	NA	"cornus drummondii"
"b125768c-1fa7-49f6-8ba6-6fcaa4678dea"	"ku"	"305412"	"st george, 2 mi n, 5 mi w"	39.2278	-96.5222	"united states"	"kansas"	"pottawatomie"	NA	NA	"cornaceae"	"cornus"	"drummondii"	NA	"cornus drummondii"
"b147bb72-c2ed-46d2-b9b5-f341779ae1f7"	"ku"	"115539"	"8 mi n linn county line, 3 mi e franklin county line"	38.498967	-95.001575	"united states"	"kansas"	"miami"	NA	NA	"cornaceae"	"cornus"	"drummondii"	NA	"cornus drummondii"
"b16298b3-0a60-4d11-bb1b-5b9581ef4c9e"	"mwi"	"mwi00051539"	"roseville, 2 miles east on 80th avenue past 90th street"	42.73611	-87.32778	"united states"	"illinois"	"warren"	"roseville"	10	"cornaceae"	"cornus"	"drummondii"	NA	"cornus drummondii"
"b1f4955b-3e50-43ee-aeb4-389b4cd7d2bb"	"lsu"	"lsu00099324"	"2.2 miles due w of trapp. 9 miles se of winchester. hedges quadrangle."	37.885	-84.096	"united states"	"kentucky"	"clark county"	NA	NA	"cornaceae"	"cornus"	"drummondii"	NA	"cornus drummondii"
"b1ff0cf4-61c0-4bf0-b6cd-62d17c6e7aeb"	"ku"	"55792"	"buffalo 1.5mi n"	37.73146	-95.69718	"united states"	"kansas"	"wilson"	NA	NA	"cornaceae"	"cornus"	"drummondii"	NA	"cornus drummondii"
"b22f08bc-87ec-4064-9034-2251f9375177"	"ku"	"115289"	"clinton reservoir, w side"	38.931395	-95.430806	"united states"	"kansas"	"douglas"	NA	NA	"cornaceae"	"cornus"	"drummondii"	NA	"cornus drummondii"
"b2871dec-e0b2-4308-93f2-c129c1d961d4"	"ku"	"55569"	"oak mills, 1 mi n"	39.454117	-95.02464	"united states"	"kansas"	"atchison"	NA	NA	"cornaceae"	"cornus"	"drummondii"	NA	"cornus drummondii"
"b2f07158-8e2a-462c-a252-d4c2fc3c0142"	"mwi"	"mwi00055714"	"niabi zoo, to the right of niabi zoo"	42.98889	-88.69167	"united states"	"illinois"	"rock island"	"niabi zoo"	10	"cornaceae"	"cornus"	"drummondii"	NA	"cornus drummondii"
"b3afc4c8-8bce-40ff-a8bd-71df239b13ed"	"ku"	"393412"	"silver lake, 4.9 air km s at jct i-70 and sw valencia road"	39.05659	-95.87139	"united states"	"kansas"	"shawnee"	NA	NA	"cornaceae"	"cornus"	"drummondii"	NA	"cornus drummondii"
"b402531c-507f-48e5-8cd1-ff40ff5abde0"	"ills"	NA	"spring bay fen nature preserve, about 2 miles south of spring bay and 0.75 miles west of illinois route 26. east side of the illinois river. in the illinois river section of the upper mississippi river and illinois river bottolmands natural division."	40.75822	-89.5346	"united states"	"illinois"	"woodford"	NA	NA	"cornaceae"	"cornus"	"drummondii"	NA	"cornus drummondii"
"b426f502-8643-4b2b-a898-1a0d8d5096d9"	"ku"	"55783"	"elk city, 5 mi ne"	37.33825	-95.84587	"united states"	"kansas"	"montgomery"	NA	NA	"cornaceae"	"cornus"	"drummondii"	NA	"cornus drummondii"
"b59f4f81-c2c5-4aa6-89c3-cbe74d069a41"	"kstc"	"28296"	"reading woods"	38.53262	-95.96472	"united states"	"kansas"	"lyon"	NA	NA	"cornaceae"	"cornus"	"drummondii"	NA	"cornus drummondii"
"b63f4004-5a27-4529-902a-fefe130159fb"	"lsu"	"lsu00099325"	"mayfield park. across from 35th st. water treatment plant near jct. mt. bonnell road, austin. austin w quadrangle."	30.316	-97.766	"united states"	"texas"	"travis county"	NA	NA	"cornaceae"	"cornus"	"drummondii"	NA	"cornus drummondii"
"b7875bd4-ba6b-4492-b478-e162245cca17"	"ills"	NA	"parklands foundationäó»s chinquapin bluffs preserve; located approximately 5 miles north of carlock, illinois. map datum: wgs84/nad83."	40.66096	-89.12879	"united states"	"illinois"	"woodford"	NA	NA	"cornaceae"	"cornus"	"drummondii"	NA	"cornus drummondii"
"b7b629b7-d6dc-4c23-975e-78a8e31cbbe2"	"ku"	"55686"	"miami county state park"	38.42024	-94.79083	"united states"	"kansas"	"miami"	NA	NA	"cornaceae"	"cornus"	"drummondii"	NA	"cornus drummondii"
"b8b3ceae-0e27-4a04-ae47-4729344ee060"	"ku"	"55692"	"codell 4.0mi s 4.5mi e"	39.1362	-99.09129	"united states"	"kansas"	"rooks"	NA	NA	"cornaceae"	"cornus"	"drummondii"	NA	"cornus drummondii"
"b9418a32-c795-4dd6-bd47-0eafbd84e460"	"ku"	"55536"	"great bend, 6 mi sw"	38.30292	-98.84326	"united states"	"kansas"	"barton"	NA	NA	"cornaceae"	"cornus"	"drummondii"	NA	"cornus drummondii"
"b9b6a81f-2b11-421b-82b8-d19b773ce405"	"ku"	"353237"	"onawa, 1 mi n, 3.5 mi w"	42.04803	-96.17571	"united states"	"iowa"	"monona"	NA	NA	"cornaceae"	"cornus"	"drummondii"	NA	"cornus drummondii"
"ba534d05-ce66-444f-b4f9-2b851a94609d"	"kstc"	"28334"	"preparation canyon state park"	41.89278	-95.90528	"united states"	"iowa"	"monona"	NA	NA	"cornaceae"	"cornus"	"drummondii"	NA	"cornus drummondii"
"bb584428-23d4-4d32-8bb2-81c45543f0c8"	"eiu"	NA	"ashmore twp.: embarras river bridge at county road 1200 n. legal: se1/4 s21 t13n r10e"	39.555278	-88.088333	"united states"	"illinois"	"coles"	NA	NA	"cornaceae"	"cornus"	"drummondii"	NA	"cornus drummondii"
"bba28811-091a-488b-9399-c23829bc027f"	"ku"	"115536"	"0.2 mi n hwy 68, 6.5 mi e franklin co line"	38.624742	-94.946561	"united states"	"kansas"	"miami"	NA	NA	"cornaceae"	"cornus"	"drummondii"	NA	"cornus drummondii"
"bbd0a454-d221-49d1-953f-ceac885c360d"	"mwi"	"mwi00051659"	"north of cameron, north on 1000e past 380n"	41.25278	-89.25556	"united states"	"illinois"	"knox"	"north of cameron"	10	"cornaceae"	"cornus"	"drummondii"	NA	"cornus drummondii"
"bca655ba-55d3-4eb8-b95a-ec95e2c6b71f"	"ku"	"341887"	"lane, 1 mi s, 3 mi w"	38.4277778	-95.1386111	"united states"	"kansas"	"franklin"	NA	NA	"cornaceae"	"cornus"	"drummondii"	NA	"cornus drummondii"
"bd2d8bb4-569a-4cd9-898a-1a9f02ebeef7"	"ku"	"55791"	"osborne 15.0mi s"	39.22048	-98.7028	"united states"	"kansas"	"osborne"	NA	NA	"cornaceae"	"cornus"	"drummondii"	NA	"cornus drummondii"
"bd3a39fe-c8bb-43b0-9082-e066f5ecf4b1"	"ills"	NA	"along the union pacific railroad about 0.5 mile northeast of gorham where skeeter park road junctions with the union pacific railroad. coordinate datum: wgs84/nad83."	37.7289	-89.4721	"united states"	"illinois"	"jackson"	NA	NA	"cornaceae"	"cornus"	"drummondii"	NA	"cornus drummondii"
"bd93dabf-c8b6-45f0-b64f-aabd705531b3"	"ku"	"55658"	"elgin 6.0mi ne"	37.06342	-96.20423	"united states"	"kansas"	"chautauqua"	NA	NA	"cornaceae"	"cornus"	"drummondii"	NA	"cornus drummondii"
"be6a012d-89ad-4dea-8551-9d75a804cde0"	"eiu"	NA	"prairie ridge state natural area: cips management area, just w of cr 700e. elev. 525 ft."	38.948611	-88.250278	"united states"	"illinois"	"jasper"	NA	NA	"cornaceae"	"cornus"	"drummondii"	NA	"cornus drummondii"
"be6e882e-495c-458f-b9af-6e2be4a9f8eb"	"mwi"	"mwi00018006"	"macomb, south of western illinois university on adams street, fancy house just east of church property"	42.54722	-88.64444	"united states"	"illinois"	"mcdonough"	"macomb"	10	"cornaceae"	"cornus"	"drummondii"	NA	"cornus drummondii"
"bfbdc784-d363-42b7-a58e-516665c4eb83"	"kstc"	"28292"	"gridley, 2 mi w, 1/4 mi s"	38.09417	-95.92094	"united states"	"kansas"	"coffey"	NA	NA	"cornaceae"	"cornus"	"drummondii"	NA	"cornus drummondii"
"c031bc2b-27b7-445a-bb5c-0122d59cfe27"	"kstc"	"28289"	"mckinney marsh"	38.341298	-96.013192	"united states"	"kansas"	"lyon"	NA	NA	"cornaceae"	"cornus"	"drummondii"	NA	"cornus drummondii"
"c04f24ab-9bba-49d1-8f7d-677ede969b36"	"ku"	"55649"	"stanley, 1.25 mi sw"	38.84134	-94.68303	"united states"	"kansas"	"johnson"	NA	NA	"cornaceae"	"cornus"	"drummondii"	NA	"cornus drummondii"
"c07084fe-5a83-484d-a5b6-bb7431fcde8b"	"ills"	NA	"2.2 miles south of vandalia, il; just south and east of hickory creek, 0.5 miles east of kaskaskia river, 500 feet west of u.s. route 51. coordinate datum wgs84/nad83"	38.90436	-89.08688	"united states"	"illinois"	"fayette"	NA	NA	"cornaceae"	"cornus"	"drummondii"	NA	"cornus drummondii"
"c35d5bd7-e379-4425-83ec-da1fbf3bbc73"	"eiu"	NA	"fox ridge state park."	39.403	-88.146	"united states"	"illinois"	"coles"	NA	NA	"cornaceae"	"cornus"	"drummondii"	NA	"cornus drummondii"
"c389354e-9ebb-4870-bd78-2553d9d55966"	"ku"	"55707"	"unknown"	39.825845	-95.141389	"united states"	"kansas"	"doniphan"	NA	NA	"cornaceae"	"cornus"	"drummondii"	NA	"cornus drummondii"
"c3bb3092-84cd-4bf4-816e-8fa8e561af16"	"ku"	"55698"	"council grove, 1.25 mi n, 4 mi w"	38.67049	-96.552076	"united states"	"kansas"	"morris"	NA	NA	"cornaceae"	"cornus"	"drummondii"	NA	"cornus drummondii"
"c3e0315e-1776-43cb-b2f7-b0b00a67104f"	"ku"	"55746"	"buffalo, 1 mi s, 1 mi e"	37.695266	-95.679158	"united states"	"kansas"	"wilson"	NA	NA	"cornaceae"	"cornus"	"drummondii"	NA	"cornus drummondii"
"c4026ddb-e48c-4545-9fdc-c579a9769e24"	"ku"	"55655"	"chetopa, 5 mi w"	37.03726	-95.18079	"united states"	"kansas"	"labette"	NA	NA	"cornaceae"	"cornus"	"drummondii"	NA	"cornus drummondii"
"c45eb270-d89c-422f-9cd7-37a4087ea589"	"ku"	"103138"	"americus, 3 mi w, 1 mi s, 1 mi w; ross reservation a-42"	38.492444	-96.336045	"united states"	"kansas"	"lyon"	NA	NA	"cornaceae"	"cornus"	"drummondii"	NA	"cornus drummondii"
"c4a84c76-7364-42dc-9f45-276a9f98974f"	"ku"	"55758"	"on cedar creek, 3.5 mi w of olathe"	38.881378	-94.884308	"united states"	"kansas"	"johnson"	NA	NA	"cornaceae"	"cornus"	"drummondii"	NA	"cornus drummondii"
"c65cd3bc-4085-40d0-86bc-b1db0d9e7730"	"mwi"	"mwi00057031"	"north of smithfield, tim howerter's farm south of route 9 and just west of county route 2, on turtleshell road"	41.26944	-87.05278	"united states"	"illinois"	"fulton"	"north of smithfield"	20	"cornaceae"	"cornus"	"drummondii"	NA	"cornus drummondii"
"c6fc342b-a277-4251-a214-c0a12bd79264"	"ku"	"337594"	"cheyenne, 2.5 mi n, 2.5 mi w"	35.5669444	-99.7222222	"united states"	"oklahoma"	"roger mills"	NA	NA	"cornaceae"	"cornus"	"drummondii"	NA	"cornus drummondii"
"c7e7f9b2-0941-491b-a00c-6c0486c3918d"	"des"	"des00013438"	"gorges ne of copenhagen, ne corner of sec. 14."	32.0218695	-92.030692	"united states"	"louisiana"	"caldwell"	NA	4000	"cornaceae"	"cornus"	"drummondii"	NA	"cornus drummondii"
"c853f2fb-fe91-4606-a523-4d2f03679563"	"lsu"	"lsu00052286"	"ben hur farm, baton rouge."	30.36981	-91.16992	"united states"	"louisiana"	"east baton rouge parish"	NA	NA	"cornaceae"	"cornus"	"drummondii"	NA	"cornus drummondii"
"c8819cd3-51ef-4108-84d8-3d66dfc0db6b"	"ku"	"55777"	"chetopa, 1 mi n"	37.04571	-95.09077	"united states"	"kansas"	"labette"	NA	NA	"cornaceae"	"cornus"	"drummondii"	NA	"cornus drummondii"
"c90e5e8e-46d0-48a6-b547-9d3abb952d34"	"ku"	"55813"	"sycamore 7.0mi w"	37.32765	-95.84317	"united states"	"kansas"	"montgomery"	NA	NA	"cornaceae"	"cornus"	"drummondii"	NA	"cornus drummondii"
"c9d2cee2-14a4-484e-bf06-0b4ca0ec9794"	"ku"	"55771"	"unknown"	37.192343	-95.742943	"united states"	"kansas"	"montgomery"	NA	NA	"cornaceae"	"cornus"	"drummondii"	NA	"cornus drummondii"
"c9f1c47e-ee57-46b6-a7e5-9e9388a199cc"	"ku"	"55768"	"unknown"	37.557961	-95.308049	"united states"	"kansas"	"neosho"	NA	NA	"cornaceae"	"cornus"	"drummondii"	NA	"cornus drummondii"
"c9f7f6b0-83ba-4154-886d-12a9d5b4ced7"	"ills"	NA	"green bay trail bike path survey corridor - turnbull woods (chicago botanic garden), glencoe, il"	42.14971	-87.78542	"united states"	"illinois"	"cook"	NA	NA	"cornaceae"	"cornus"	"drummondii"	NA	"cornus drummondii"
"ca902d15-a987-4417-88d6-237a1a0d5273"	"ku"	"55728"	"erie 3-4.0mi w"	37.57035	-95.31563	"united states"	"kansas"	"neosho"	NA	NA	"cornaceae"	"cornus"	"drummondii"	NA	"cornus drummondii"
"cb396829-6a66-407c-9674-409418cef368"	"kstc"	"28350"	"t32s r4w sec 20 s1/2"	37.2487	-97.7762	"united states"	"kansas"	"sumner"	NA	NA	"cornaceae"	"cornus"	"drummondii"	NA	"cornus drummondii"
"cba16230-c8f3-4293-a12d-854fd5f58c14"	"ku"	"55639"	"arkansas city 5.0mi e"	37.0646	-96.95109	"united states"	"kansas"	"cowley"	NA	NA	"cornaceae"	"cornus"	"drummondii"	NA	"cornus drummondii"
"cbce2b29-d0b6-494c-a0fe-2c0b55164ca0"	"ku"	"324724"	"wolcott, 1 mi s, wyandotte county park, 1.5 mi e,  ne side"	39.1714	-94.7708	"united states"	"kansas"	"wyandotte"	NA	NA	"cornaceae"	"cornus"	"drummondii"	NA	"cornus drummondii"
"ccfbebd4-5f5c-4f71-8c34-2a0f097f4f0f"	"kstc"	"28326"	"magnet cove"	34.45417	-92.84444	"united states"	"arkansas"	"garland"	"hot springs"	NA	"cornaceae"	"cornus"	"drummondii"	NA	"cornus drummondii"
"cdc762cb-aac7-4d69-bf3c-abd22bb902c8"	"ku"	"55803"	"fontana 2.5mi e"	38.42024	-94.74502	"united states"	"kansas"	"miami"	NA	NA	"cornaceae"	"cornus"	"drummondii"	NA	"cornus drummondii"
"ce86a7d8-02f4-48a1-9e17-333cf3cbfab5"	"ills"	NA	"spring bay fen nature preserve. nad83/wgs84"	40.78593	-89.53471	"united states"	"illinois"	"woodford"	NA	NA	"cornaceae"	"cornus"	"drummondii"	NA	"cornus drummondii"
"cec13a92-5d95-49b1-a54c-ac90f3e6a3a8"	"ku"	"55561"	"medicine lodge, 1 mi w"	37.28216	-98.5983	"united states"	"kansas"	"barber"	NA	NA	"cornaceae"	"cornus"	"drummondii"	NA	"cornus drummondii"
"d3253694-3289-4520-a6d9-6978281113c8"	"ku"	"55675"	"lawrence"	38.97167	-95.235	"united states"	"kansas"	"douglas"	NA	NA	"cornaceae"	"cornus"	"drummondii"	NA	"cornus drummondii"
"d41e626d-a50c-46b1-9f81-24f2f94b12ac"	"ku"	"352591"	"pacific junction, 2 mi s"	41.6103	-96.112	"united states"	"iowa"	"mills"	NA	NA	"cornaceae"	"cornus"	"drummondii"	NA	"cornus drummondii"
"d45cd959-b94c-4e4d-8cb6-c51eaee31275"	"mwi"	"mwi00051576"	"north of cameron, east on 400n past 1000e"	41.74722	-89.35278	"united states"	"illinois"	"knox"	"north of cameron"	10	"cornaceae"	"cornus"	"drummondii"	NA	"cornus drummondii"
"d67aa953-aea7-48f5-a1ed-672b6c3b103d"	"ku"	"55640"	"unknown"	38.65202	-95.72618	"united states"	"kansas"	"osage"	NA	NA	"cornaceae"	"cornus"	"drummondii"	NA	"cornus drummondii"
"d725f3bf-0796-4d73-aab6-99a67e9d7f84"	"ku"	"55666"	"manhattan"	39.18361	-96.57167	"united states"	"kansas"	"riley"	NA	NA	"cornaceae"	"cornus"	"drummondii"	NA	"cornus drummondii"
"d72ef068-9703-4197-a693-600d9540ff46"	"ku"	"55732"	"pottawtomie co. st. park #2"	39.23053	-95.52565	"united states"	"kansas"	"pottawatomie"	NA	NA	"cornaceae"	"cornus"	"drummondii"	NA	"cornus drummondii"
"d7a4c47e-2456-43a9-8c2d-5453bf11eb3b"	"ills"	NA	"beardstown; west of us rt. 67, along powerline right-of-way along sand ridge south of bergen road. coordinate datum wgs 84 / nad 83."	39.961	-90.48	"united states"	"illinois"	"cass"	NA	NA	"cornaceae"	"cornus"	"drummondii"	NA	"cornus drummondii"
"d81dca52-7845-4ead-833c-f8bfa045dd00"	"ku"	"55671"	"baxter springs, 6 mi e"	37.02375	-94.62726	"united states"	"kansas"	"cherokee"	NA	NA	"cornaceae"	"cornus"	"drummondii"	NA	"cornus drummondii"
"d8353e29-f06d-44cb-801d-68cd29f6aca6"	"ku"	"341274"	"cheyenne, 2.75 mi w"	35.6080556	-99.7286111	"united states"	"oklahoma"	"roger mills"	NA	NA	"cornaceae"	"cornus"	"drummondii"	NA	"cornus drummondii"
"d8f355cc-4283-4cfd-ae1f-5d5df136b7fc"	"ku"	"55782"	"burlingame, 2 mi w"	38.75151	-95.87443	"united states"	"kansas"	"osage"	NA	NA	"cornaceae"	"cornus"	"drummondii"	NA	"cornus drummondii"
"d99b0c6e-0619-4afa-833e-5efd403f097c"	"eiu"	NA	"rock springs environmental center; homestead prairie. legal: s19 t16n r2e"	39.824722	-89.023333	"united states"	"illinois"	"macon"	NA	NA	"cornaceae"	"cornus"	"drummondii"	NA	"cornus drummondii"
"daaff175-6fab-4293-9e75-b0de2fd10fa6"	"lsu"	"lsu00053851"	"on private property called camp des allemands and adjoining property. site is located sw of paradis (which is on us 90), turn off on la 306 and then go sw for 0.5 miles on la 631. local unsurfaced road crosses railroad tracks. site is in vicinity of 29 52.454'n, 90 26.981'w and 29 52.594'n, 90 26.557'w."	29.8742333	-90.4496833	"united states"	"louisiana"	"st. charles parish"	NA	NA	"cornaceae"	"cornus"	"drummondii"	NA	"cornus drummondii"
"db26d820-43d0-46b3-a592-2cfb55f172ec"	"ku"	"55654"	"lawrence, 6 mi se"	38.91014	-95.155892	"united states"	"kansas"	"douglas"	NA	NA	"cornaceae"	"cornus"	"drummondii"	NA	"cornus drummondii"
"db2b2df4-83f3-417d-8984-a288cdc00dd0"	"ku"	"113558"	"concordia, 1 mi n along us 81 on n side of republican river"	39.590123	-97.657211	"united states"	"kansas"	"cloud"	NA	NA	"cornaceae"	"cornus"	"drummondii"	NA	"cornus drummondii"
"db4e9fca-134b-4479-939e-ba45f165c2a6"	"ku"	"55526"	"arma 3.6mi n 1.2mi e"	37.59505	-94.6789	"united states"	"kansas"	"crawford"	NA	NA	"cornaceae"	"cornus"	"drummondii"	NA	"cornus drummondii"
"db98f950-99b2-4208-9ea4-caef6d28213b"	"ku"	"330556"	"winfield, 0.75 mi n of n street & michigan street"	37.2513	-96.98679	"united states"	"kansas"	"cowley"	NA	NA	"cornaceae"	"cornus"	"drummondii"	NA	"cornus drummondii"
"dc812174-c43c-4022-8533-b4814fd98e56"	"ku"	"324421"	"mound city, 6 mi n, 7 mi w"	38.2333336	-94.9499969	"united states"	"kansas"	"linn"	NA	NA	"cornaceae"	"cornus"	"drummondii"	NA	"cornus drummondii"
"dc853a9c-8890-4604-9362-c6e737073547"	"ku"	"55679"	"kingman, 8 mi w"	37.64696	-98.19898	"united states"	"kansas"	"kingman"	NA	NA	"cornaceae"	"cornus"	"drummondii"	NA	"cornus drummondii"
"dcef36fa-8100-466d-932c-7de60703b29c"	"ku"	"55529"	"t21s, r11w, sec 20"	38.209312	-98.555275	"united states"	"kansas"	"stafford"	NA	NA	"cornaceae"	"cornus"	"drummondii"	NA	"cornus drummondii"
"dd017cc9-9ff5-447b-9053-b5261dd7184a"	"ku"	"313201"	"perry, 1.2 mi w"	39.072097	-95.437544	"united states"	"kansas"	"jefferson"	NA	NA	"cornaceae"	"cornus"	"drummondii"	NA	"cornus drummondii"
"ddf642ad-a7df-480e-a777-82071a4ed804"	"kstc"	"28346"	"reading woods"	38.53262	-95.96472	"united states"	"kansas"	"lyon"	NA	NA	"cornaceae"	"cornus"	"drummondii"	NA	"cornus drummondii"
"dee96b18-950b-4bad-a7bf-0310950cd34b"	"ku"	"55752"	"mankato, 6 mi s, 3 mi w"	39.70025	-98.26657	"united states"	"kansas"	"jewell"	NA	NA	"cornaceae"	"cornus"	"drummondii"	NA	"cornus drummondii"
"df0c2800-b682-467f-9fee-d9068f121bf0"	"ku"	"55745"	"attica 6.0mi s"	37.15567	-98.22716	"united states"	"kansas"	"harper"	NA	NA	"cornaceae"	"cornus"	"drummondii"	NA	"cornus drummondii"
"e035895b-c70e-4d6c-92d3-291cc15945c2"	"ku"	"55714"	"unknown"	39.34949	-97.16447	"united states"	"kansas"	"clay"	NA	NA	"cornaceae"	"cornus"	"drummondii"	NA	"cornus drummondii"
"e0695bfa-f221-455f-95e2-a850a3fa45b5"	"ku"	"55676"	"bennington 6.0mi n 1.0mi e"	39.12108	-97.5749	"united states"	"kansas"	"ottawa"	NA	NA	"cornaceae"	"cornus"	"drummondii"	NA	"cornus drummondii"
"e0efc2b0-48c1-40b8-82f2-6d46665ab153"	"ku"	"55682"	"emporia, 9 mi n, 6 mi e; lyon county state lake"	38.54184	-96.066596	"united states"	"kansas"	"lyon"	NA	NA	"cornaceae"	"cornus"	"drummondii"	NA	"cornus drummondii"
"e18caef7-c4ce-4f7a-9fcf-eabbde857b1b"	"ku"	"316057"	"maple hill, 2.2 mi e"	39.083565	-96.210652	"united states"	"kansas"	"wabaunsee"	NA	NA	"cornaceae"	"cornus"	"drummondii"	NA	"cornus drummondii"
"e1d519ac-1005-42c9-9d61-2ff3f8d6d044"	"ku"	"55704"	"unknown"	39.362024	-96.317724	"united states"	"kansas"	"pottawatomie"	NA	NA	"cornaceae"	"cornus"	"drummondii"	NA	"cornus drummondii"
"e2d6220d-52c5-42be-8e2c-3da78c110d6a"	"ny"	"1745425"	"5 air km nne of troy."	39.024619	-90.962303	"united states"	"missouri"	"lincoln co."	NA	NA	"cornaceae"	"cornus"	"drummondii"	NA	"cornus drummondii c.a.mey."
"e3befc3a-2294-4dcd-b56f-9e728701d552"	"mwi"	"mwi00054844"	"colchester, argyle lake state park, along the pitch pine trail"	40.44955	-90.79028	"united states"	"illinois"	"mcdonough"	"colchester"	10	"cornaceae"	"cornus"	"drummondii"	NA	"cornus drummondii"
"e3e1dcea-b37e-43d2-af46-4fcd38eb5bc9"	"ku"	"55523"	"cedar, 3 mi e"	39.65722	-98.88388	"united states"	"kansas"	"smith"	NA	NA	"cornaceae"	"cornus"	"drummondii"	NA	"cornus drummondii"
"e4319980-297f-4277-a1f9-86a7ae28971b"	"mwi"	"mwi00055198"	"siloam springs state park"	39.8864	-90.93923	"united states"	"illinois"	"adams"	"siloam springs state park"	10	"cornaceae"	"cornus"	"drummondii"	NA	"cornus drummondii"
"e469731c-b470-4c9d-a4c8-f728221b60ce"	"ku"	"55690"	"antelope lake & park area"	39.37525	-100.11309	"united states"	"kansas"	"graham"	NA	NA	"cornaceae"	"cornus"	"drummondii"	NA	"cornus drummondii"
"e5131917-880d-4d94-a54b-524ef2099efb"	"ku"	"111815"	"galena, 1 mi s; schermerhorn park and immediate vicinity"	37.042076	-94.635536	"united states"	"kansas"	"cherokee"	NA	NA	"cornaceae"	"cornus"	"drummondii"	NA	"cornus drummondii"
"e59ca172-a938-46f7-bbd0-25e93532f5d9"	"ku"	"55521"	"valley falls, 1 mi s, 3 mi e"	39.32882	-95.40403	"united states"	"kansas"	"jefferson"	NA	NA	"cornaceae"	"cornus"	"drummondii"	NA	"cornus drummondii"
"e7658d7d-5611-403a-a14f-2e5a1c50b584"	"ku"	"369607"	"lawrence, sw corner of intersection of hwy 59 and county road 458 (w 1200 road)"	38.90878	-95.26237	"united states"	"kansas"	"douglas"	NA	NA	"cornaceae"	"cornus"	"drummondii"	NA	"cornus drummondii"
"e7691b11-ecdd-4e01-a990-a053713cb97f"	"ku"	"55642"	"hudson 5.0mi n"	38.17741	-98.66001	"united states"	"kansas"	"stafford"	NA	NA	"cornaceae"	"cornus"	"drummondii"	NA	"cornus drummondii"
"e7e7188a-2bf6-4bc4-868e-48034602572e"	"ku"	"324666"	"blue mound, 1 mi n, 1 mi w"	38.1042	-95.025	"united states"	"kansas"	"linn"	NA	NA	"cornaceae"	"cornus"	"drummondii"	NA	"cornus drummondii"
"e8262ff2-2416-4000-b3a8-8988fff3e92b"	"ku"	"55525"	"galena, 1.3 mi s"	37.05704	-94.63967	"united states"	"kansas"	"cherokee"	NA	NA	"cornaceae"	"cornus"	"drummondii"	NA	"cornus drummondii"
"e9f8c590-e5c8-4166-9338-14334ccfaec4"	"ku"	"55668"	"unknown"	37.15021	-96.24286	"united states"	"kansas"	"chautauqua"	NA	NA	"cornaceae"	"cornus"	"drummondii"	NA	"cornus drummondii"
"ea78c9b8-2212-4738-a454-f7749c960f23"	"mwi"	"mwi00053955"	"east of rushville, crane creek area, along east lafayette road"	40.11667	-89.46667	"united states"	"illinois"	"schuyler"	"east of rushville"	NA	"cornaceae"	"cornus"	"drummondii"	NA	"cornus drummondii"
"eb9bacaa-ce8e-4963-bfe0-cfffcf36dff5"	"ku"	"55548"	"manhattan, 5 mi s"	39.11399	-96.58108	"united states"	"kansas"	"riley"	NA	NA	"cornaceae"	"cornus"	"drummondii"	NA	"cornus drummondii"
"ebdb4e05-c21d-4047-87cc-c11623ffbfd8"	"ku"	"55695"	"unknown"	38.452151	-96.15	"united states"	"kansas"	"lyon"	NA	NA	"cornaceae"	"cornus"	"drummondii"	NA	"cornus drummondii"
"ebf6d679-5641-4417-97e2-a4b1315c873b"	"ku"	"55556"	"lawrence"	38.97167	-95.235	"united states"	"kansas"	"douglas"	NA	NA	"cornaceae"	"cornus"	"drummondii"	NA	"cornus drummondii"
"ec499033-c036-4df7-a3be-f11b456da951"	"ku"	"55767"	"unknown"	38.452151	-96.15	"united states"	"kansas"	"lyon"	NA	NA	"cornaceae"	"cornus"	"drummondii"	NA	"cornus drummondii"
"ed1bed49-0d78-4d36-a812-254a35a11064"	"ku"	"55801"	"white cloud, 2 mi n"	39.997094	-95.329286	"united states"	"kansas"	"doniphan"	NA	NA	"cornaceae"	"cornus"	"drummondii"	NA	"cornus drummondii"
"ed5023d9-2300-4edb-a01c-e68f790ebb5a"	"ku"	"334842"	"cheyenne, 4.75 mi s, 5 mi w"	35.5458336	-99.7574997	"united states"	"oklahoma"	"roger mills"	NA	NA	"cornaceae"	"cornus"	"drummondii"	NA	"cornus drummondii"
"ed622e0d-5888-489b-a12b-2225cd328665"	"ku"	"55775"	"cambridge 2.0mi n"	37.34654	-96.66663	"united states"	"kansas"	"cowley"	NA	NA	"cornaceae"	"cornus"	"drummondii"	NA	"cornus drummondii"
"ed750440-9de6-4190-9d01-cabf59f200d9"	"kstc"	"28305"	"valley falls, 4 mi e"	39.34331	-95.38503	"united states"	"kansas"	"jefferson"	NA	NA	"cornaceae"	"cornus"	"drummondii"	NA	"cornus drummondii"
"ed8af9f3-334d-4978-9706-7f3e0767bcd0"	"kstc"	"28340"	"frankfort, 1 mi n on hwy 99"	39.72567	-96.41687	"united states"	"kansas"	"marshall"	NA	NA	"cornaceae"	"cornus"	"drummondii"	NA	"cornus drummondii"
"f0c52073-f67d-4212-960c-da57471d2ad1"	"ku"	"55817"	"brookville 1.0mi s"	38.7604	-97.89787	"united states"	"kansas"	"saline"	NA	NA	"cornaceae"	"cornus"	"drummondii"	NA	"cornus drummondii"
"f1468e94-2e3a-420e-9c33-2c55bca38bbd"	"kstc"	"28288"	"waverly, 1 1/2 mi n and 1 mi w"	38.41957	-95.61831	"united states"	"kansas"	"coffey"	NA	NA	"cornaceae"	"cornus"	"drummondii"	NA	"cornus drummondii"
"f17d879f-bbd4-4dbc-9d72-8fe601fb7c55"	"ku"	"348887"	"oologah lake, e side, spencer creek cove"	36.508644	-95.563254	"united states"	"oklahoma"	"rogers"	NA	NA	"cornaceae"	"cornus"	"drummondii"	NA	"cornus drummondii"
"f1c91122-cb78-4168-82cc-29fe7ec31004"	"ku"	"55681"	"lyndon, 11 mi n, 0.5 mi e"	38.769471	-95.674873	"united states"	"kansas"	"osage"	NA	NA	"cornaceae"	"cornus"	"drummondii"	NA	"cornus drummondii"
"f2341d78-43bb-43a6-ac97-0be8eaa1c8ae"	"lsu"	"lsu00052371"	"magnolia glen, tunica hills, nature conservancy. along the source of bayou como."	30.833	-91.5	"united states"	"louisiana"	"west feliciana parish"	NA	NA	"cornaceae"	"cornus"	"drummondii"	NA	"cornus drummondii"
"f33cfc16-c2b4-4baa-a091-bb26a9371b34"	"ku"	"55544"	"alma 2.0mi nw"	39.03579	-96.31486	"united states"	"kansas"	"wabaunsee"	NA	NA	"cornaceae"	"cornus"	"drummondii"	NA	"cornus drummondii"
"f37c759e-c41b-40bf-88af-3677ccc985e2"	"ku"	"55694"	"norwich, 2 mi s, 4 mi w"	37.45735	-97.8488	"united states"	"kansas"	"kingman"	NA	NA	"cornaceae"	"cornus"	"drummondii"	NA	"cornus drummondii"
"f42aa78d-7c63-47cf-886b-8cde08bdb7d6"	"ku"	"55691"	"walker, 7.5 mi n, 1 mi w"	38.97687	-99.09566	"united states"	"kansas"	"ellis"	NA	NA	"cornaceae"	"cornus"	"drummondii"	NA	"cornus drummondii"
"f4e6d7a8-fd82-483b-82f3-6acc76c21138"	"ku"	"338833"	"junction city, 3 mi n, 1 mi w"	39.0897222	-96.8491667	"united states"	"kansas"	"riley"	NA	NA	"cornaceae"	"cornus"	"drummondii"	NA	"cornus drummondii"
"f4f4ea0c-44a1-4ce7-b53a-f640a3ff8893"	"ku"	"55648"	"hoyt 1.8mi w"	39.24995	-95.73959	"united states"	"kansas"	"jackson"	NA	NA	"cornaceae"	"cornus"	"drummondii"	NA	"cornus drummondii"
"f5351853-6090-4ca1-b211-9b211c2b5b48"	"mwi"	"mwi00057049"	"north of smithfield, tim howerter's farm south of route 9 and just west of county route 2, on turtleshell road"	41.26944	-87.05278	"united states"	"illinois"	"fulton"	"north of smithfield"	20	"cornaceae"	"cornus"	"drummondii"	NA	"cornus drummondii"
"f5f53ca9-68c4-46ac-8b00-5cbdc445ab16"	"ku"	"55661"	"kirwin, 2 mi w"	39.67301	-99.15962	"united states"	"kansas"	"phillips"	NA	NA	"cornaceae"	"cornus"	"drummondii"	NA	"cornus drummondii"
"f66e0a45-2c39-48d7-8953-65150afbd6d2"	"ku"	"305333"	"ottawa, s edge of town"	38.5750008	-95.2708359	"united states"	"kansas"	"franklin"	NA	NA	"cornaceae"	"cornus"	"drummondii"	NA	"cornus drummondii"
"f709ffc8-6597-4aab-a8b7-840afdd5662c"	"ku"	"55715"	"hoyt 2.5mi e"	39.24995	-95.65942	"united states"	"kansas"	"jackson"	NA	NA	"cornaceae"	"cornus"	"drummondii"	NA	"cornus drummondii"
"f7219a75-8397-46f6-ba57-21f936957b50"	"kstc"	"28348"	"t32s r4w sec 36 nw1/4"	37.2195	-97.7037	"united states"	"kansas"	"sumner"	NA	NA	"cornaceae"	"cornus"	"drummondii"	NA	"cornus drummondii"
"f873c038-ab50-4fb8-ac49-d2273e310b4d"	"lsu"	"lsu00048223"	"along la 75, 10 mi. s of lsu stadium on river rd. in sunshine."	30.31885	-91.1473167	"united states"	"louisiana"	"iberville parish"	NA	NA	"cornaceae"	"cornus"	"drummondii"	NA	"cornus drummondii"
"f895737d-a74b-49c8-8a55-cdd9d023e941"	"ills"	NA	"about 2 mile northeast of bath, illinois. matanzas prairie nature preserve. illinois river section of the illinois and mississippi river sand area natural division. kilbourne quadrangle."	40.2154	-90.1129	"united states"	"illinois"	"mason"	NA	NA	"cornaceae"	"cornus"	"drummondii"	NA	"cornus drummondii"
"f8fd5510-7098-4375-b854-32dc47787572"	"kstc"	"28300"	"whitewright, 2 mi s"	33.47441	-96.40091	"united states"	"texas"	"grayson"	NA	NA	"cornaceae"	"cornus"	"drummondii"	NA	"cornus drummondii"
"f9041ba1-3cbf-468c-b743-09016b526674"	"ills"	NA	"sand ridge state forest. illinois river section of the illinois river and mississippi river sand areas natural division. manito quadrangle. east of goofy ridge, illinois. growing along sandy roadside. (wgs84/nad83)"	40.39205	-89.90009	"united states"	"illinois"	"mason"	NA	NA	"cornaceae"	"cornus"	"drummondii"	NA	"cornus drummondii"
"fa0269a8-329c-466f-b8ba-00008eea465f"	"kstc"	"28295"	"reading woods"	38.53262	-95.96472	"united states"	"kansas"	"lyon"	NA	NA	"cornaceae"	"cornus"	"drummondii"	NA	"cornus drummondii"
"fa470a08-77a2-4eca-aa0e-699557c233d0"	"eiu"	NA	"liberty township: hunting creek drive, along stream. elevation about 780 feet."	39.393611	-84.403333	"united states"	"ohio"	"butler"	NA	250	"cornaceae"	"cornus"	"drummondii"	NA	"cornus drummondii"
"faff18a6-6cf0-4539-b0fb-74ee31f483cd"	"ku"	"339168"	"ogden, 4 mi wsw"	39.1033333	-96.7936111	"united states"	"kansas"	"riley"	NA	NA	"cornaceae"	"cornus"	"drummondii"	NA	"cornus drummondii"
"fb9d93c3-c910-4f2b-9345-6409a6638072"	"ku"	"55708"	"unknown"	39.532271	-95.269788	"united states"	"kansas"	"atchison"	NA	NA	"cornaceae"	"cornus"	"drummondii"	NA	"cornus drummondii"
"fc05d597-f8e6-45fc-a089-e313d0646fe4"	"ku"	"55540"	"holton, 1 mi n, 2.5 mi e"	39.47976	-95.68942	"united states"	"kansas"	"jackson"	NA	NA	"cornaceae"	"cornus"	"drummondii"	NA	"cornus drummondii"
"fc2399ed-b874-457c-84b5-63e3470d08d6"	"ku"	"55662"	"garnett, 3 mi s, 1 mi w"	38.23554	-95.26022	"united states"	"kansas"	"anderson"	NA	NA	"cornaceae"	"cornus"	"drummondii"	NA	"cornus drummondii"
"fc3d2be4-7b32-4c7b-8687-4bf9bd85f3ac"	"ku"	"113109"	"wakefield, ne side; ne edge of highland cemetery"	39.219474	-97.012993	"united states"	"kansas"	"clay"	NA	NA	"cornaceae"	"cornus"	"drummondii"	NA	"cornus drummondii"
"fc3fe25c-2485-487e-b829-fc821e2d43ce"	"ku"	"55660"	"lucas, 8 mi s"	38.94015	-98.53646	"united states"	"kansas"	"russell"	NA	NA	"cornaceae"	"cornus"	"drummondii"	NA	"cornus drummondii"
"fcac82f8-6aaa-4d42-9b57-b251bbbbac52"	"ku"	"55733"	"medicine lodge, 2 mi ne"	37.30164	-98.55459	"united states"	"kansas"	"barber"	NA	NA	"cornaceae"	"cornus"	"drummondii"	NA	"cornus drummondii"
"fe5a8ad4-eb5b-43be-b5a6-48217e5a9d64"	"ku"	"55534"	"sterling 2.4mi s"	38.17526	-98.2065	"united states"	"kansas"	"rice"	NA	NA	"cornaceae"	"cornus"	"drummondii"	NA	"cornus drummondii"
"feb4e0ea-4e3f-4902-b356-7e93e69a1f43"	"ills"	NA	"west of us rt. 67, illinois river floodplain, southwest of the slough (beardstown marsh inai site), along unimproved extension of drainage road (primarily the south side), beardstown. coordinate datum wgs 84 / nad 83."	39.99023	-90.45076	"united states"	"illinois"	"cass"	NA	NA	"cornaceae"	"cornus"	"drummondii"	NA	"cornus drummondii"
"ffaa55a4-f565-4d47-b3f9-25f6aeab1051"	"ku"	"55517"	"lawrence, 6.6 mi n, 0.5 mi e"	39.067347	-95.225665	"united states"	"kansas"	"jefferson"	NA	NA	"cornaceae"	"cornus"	"drummondii"	NA	"cornus drummondii"
