"001b98c8-73f6-45c0-a844-275eee2d1edb"	"asu"	"asu0007104"	"mpio. de el salto. 6.6 km e of la ciudad (about 25 km w of el salto on rte 40)."	23.6965638020897	-105.723752975464	"mexico"	"durango"	NA	NA	1000	"cupressaceae"	"juniperus"	"deppeana"	NA	"juniperus deppeana"
"03c9822b-e7da-4939-b1a1-16304ddeb17c"	"ny"	"158725"	"upper barranca el salto, a tributary to arroyo el reparo, río yaqui drainage; at the edge of mesa el campañero"	28.36	-109.0289	"mexico"	"sonora"	NA	NA	NA	"cupressaceae"	"juniperus"	"deppeana"	NA	"juniperus deppeana steud."
"04178e04-aefb-4334-9943-2d0b00cc1a2b"	"asu"	NA	"pinal peak."	33.28	-110.82	"united states"	"arizona"	"gila county"	NA	NA	"cupressaceae"	"juniperus"	"deppeana"	NA	"juniperus deppeana"
"0440adc0-a158-4d72-8f98-9f160d4a83ed"	"asu"	"asu0007112"	"durango: appx. 1 km s of rt. 40 at hacienda coyotes (appx. 2 km e of el salto)."	23.8526365550773	-105.308632850647	"mexico"	"durango"	NA	NA	5000	"cupressaceae"	"juniperus"	"deppeana"	NA	"juniperus deppeana"
"045d586f-ed96-4bac-95c3-8ea1d0a7c30d"	"ku"	"355026"	"pinos altos, n"	33.035038	-108.229756	"united states"	"new mexico"	"grant"	NA	NA	"cupressaceae"	"juniperus"	"deppeana"	NA	"juniperus deppeana"
"04af0038-7967-488c-b018-33263605908b"	"asu"	NA	"superstition wilderness area. roger's trough trailhead to trail 109, ca. 12 mi. northwest of hwy. 60 on queen creek turnoff."	33.4298	-111.174	"united states"	"arizona"	"pinal county"	NA	NA	"cupressaceae"	"juniperus"	"deppeana"	NA	"juniperus deppeana"
"055a1d98-2758-4e94-b09d-ce487cf71dd3"	"asu"	"asu0007019"	"mouth of canyon de santa clara, sierra del nido, west of laguna de encinillas, n of hwy 45"	29.491651	-106.468	"mexico"	"chihuahua"	NA	NA	20000	"cupressaceae"	"juniperus"	"deppeana"	NA	"juniperus deppeana"
"0661a016-b842-4bbc-8cfd-a69e9a0fcd28"	"asu"	"asu0007126"	"chihuahua: 7.3 km se of (san geronimo) huejotitan on old dirt road to san francisco del oro."	27.0667	-106.2	"mexico"	"chihuahua"	NA	NA	NA	"cupressaceae"	"juniperus"	"deppeana"	NA	"juniperus deppeana"
"0757bc2c-81c6-41ef-8911-5e466ce23a8f"	"utc"	"utc00244498"	"bradshaw mountains: n side of az hwy 89, ca 2 miles n of quartz mountain and 5 air miles sw of prescott."	34.4545	-112.5308	"united states"	"arizona"	"yavapai"	NA	NA	"cupressaceae"	"juniperus"	"deppeana"	NA	"juniperus deppeana"
"0854e956-6483-48d0-83fb-170173ae7e00"	"asu"	"asu0007078"	"mpio. de el salto. 0.5 mile w of town of buenos aires, on rte 40."	23.6638056367783	-105.722444057465	"mexico"	"durango"	NA	NA	500	"cupressaceae"	"juniperus"	"deppeana"	NA	"juniperus deppeana"
"08a5e401-54de-4371-b97c-3b2d2676781e"	"asc"	NA	"coconino national forest, 0.5 mi up the west fork of oak creek canyon"	35.004369	-111.73467	"united states"	"arizona"	"coconino county"	NA	NA	"cupressaceae"	"juniperus"	"deppeana"	NA	"juniperus deppeana"
"0abaff68-109f-4b3f-a6b9-815c8b54af99"	"asu"	"asu0007028"	"approximately 4 km n of jiminez del teul at sauz (at km 77 on rte 15 from sombrerete)."	23.255115	-103.789486	"mexico"	"zacatecas"	NA	NA	6000	"cupressaceae"	"juniperus"	"deppeana"	NA	"juniperus deppeana"
"0bd5be02-8579-482d-bfd2-7abe4ab5ed2b"	"asu"	NA	"huachuca canyon, huachuca mountains. ridge top."	32.1961	-109.572	"united states"	"arizona"	"cochise county"	NA	NA	"cupressaceae"	"juniperus"	"deppeana"	NA	"juniperus deppeana"
"0d856dbe-6661-4182-8d66-074983e48328"	"asu"	NA	"chiricahua national monument. bonita park. red bed soil."	32.0044	-109.356	"united states"	"arizona"	"cochise county"	NA	NA	"cupressaceae"	"juniperus"	"deppeana"	NA	"juniperus deppeana"
"0d90e5ef-5605-4787-9143-4c130793d1c1"	"asu"	NA	"9 mi northwest of morenci."	33.1709	-109.475	"united states"	"arizona"	"greenlee county"	NA	NA	"cupressaceae"	"juniperus"	"deppeana"	NA	"juniperus deppeana"
"0dcf1a50-7595-431d-911f-f7b5d501c18c"	"asu"	"asu0007080"	"durango: appx. 1 km s of rt. 40 at hacienda coyotes (appx. 2 km e of el salto)."	23.8526365550773	-105.308632850647	"mexico"	"durango"	NA	NA	5000	"cupressaceae"	"juniperus"	"deppeana"	NA	"juniperus deppeana"
"0e79ef8c-37c0-4b9e-aacd-b8118cf076d1"	"asu"	NA	"chircahua national monument. stafford cabin area."	32.005	-109.357	"united states"	"arizona"	"cochise county"	NA	NA	"cupressaceae"	"juniperus"	"deppeana"	NA	"juniperus deppeana"
"0f18ec7b-80a3-47e1-9cc5-ecf5fea8a17b"	"asu"	NA	"pioneer pass summit, pinal mountains."	33.2822	-110.821	"united states"	"arizona"	"gila county"	NA	NA	"cupressaceae"	"juniperus"	"deppeana"	NA	"juniperus deppeana"
"0f68dd05-c9bd-49e8-bc24-a3b71e9c49f3"	"asu"	NA	"haigler creek."	34.22	-111.1	"united states"	"arizona"	"gila county"	NA	200	"cupressaceae"	"juniperus"	"deppeana"	NA	"juniperus deppeana"
"0fb6df28-d52c-43a8-9a83-a412fbb073c6"	"asu"	NA	"14 miles northeast of payson, 3 miles west of whispering pines junction of bridge and control road."	34.3826	-111.334	"united states"	"arizona"	"gila county"	NA	NA	"cupressaceae"	"juniperus"	"deppeana"	NA	"juniperus deppeana"
"0fe00ec7-3e5b-441c-961e-5a9b7621c722"	"asu"	NA	"christopher creek government camp ground."	34.3152	-111.016	"united states"	"arizona"	"gila county"	NA	NA	"cupressaceae"	"juniperus"	"deppeana"	NA	"juniperus deppeana"
"0ff44a86-22e1-4a0c-82fd-edf7ecf84bdd"	"des"	"des00000308"	"santa catalina mtns."	32.43028	-110.70472	"united states"	"arizona"	"pima"	NA	16395	"cupressaceae"	"juniperus"	"deppeana"	NA	"juniperus deppeana"
"1215f8ff-96c8-4c22-ad55-7ee38d64a67d"	"asu"	NA	"walnut canyon recreation area southeast of flagstaff."	35.1739	-111.533	"united states"	"arizona"	"coconino county"	NA	NA	"cupressaceae"	"juniperus"	"deppeana"	NA	"juniperus deppeana"
"15e57544-5ffa-450c-a68c-b064cfc747a2"	"asu"	NA	"sierra ancha ex. forest in chaparral zone."	33.8046	-110.956	"united states"	"arizona"	"gila county"	NA	NA	"cupressaceae"	"juniperus"	"deppeana"	NA	"juniperus deppeana"
"165c8bee-53c8-4dac-b6b8-84dc3b1a2a6d"	"asu"	NA	"stone cabin canyon, santa rita mountains."	31.8258	-110.774	"united states"	"arizona"	"pima county"	NA	NA	"cupressaceae"	"juniperus"	"deppeana"	NA	"juniperus deppeana"
"16b92a22-52eb-4f44-9ce0-e06aaf80ecab"	"asu"	NA	"mingus watersheds road on mingus mountain."	34.6939	-112.127	"united states"	"arizona"	"yavapai county"	NA	NA	"cupressaceae"	"juniperus"	"deppeana"	NA	"juniperus deppeana"
"1769c992-903c-47a6-a251-62e226c95fd8"	"asu"	NA	"christopher creek govt. camp ground."	34.3152	-111.016	"united states"	"arizona"	"gila county"	NA	NA	"cupressaceae"	"juniperus"	"deppeana"	NA	"juniperus deppeana"
"17f41974-d9b1-40f2-baf8-1d05dce69630"	"asc"	"87715"	"aztec ruins national monument, visitor center, picnic area, parking and office areas"	36.8325837584708	-108.000093562781	"united states"	"new mexico"	"san juan county"	NA	NA	"cupressaceae"	"juniperus"	"deppeana"	NA	"juniperus deppeana"
"18adfb48-a8a1-4fb8-929d-50848a6e2f7b"	"ny"	"19222"	"big bend national park"	29.25	-103.25	"united states"	"texas"	"brewster co."	NA	NA	"cupressaceae"	"juniperus"	"deppeana"	"deppeana"	"juniperus deppeana steud. var. deppeana"
"1910249b-2e1a-47f7-bc20-98cc98512820"	"asu"	NA	"14 miles s. of prescott, near u.s. 89."	34.3369	-112.468	"united states"	"arizona"	"yavapai county"	NA	NA	"cupressaceae"	"juniperus"	"deppeana"	NA	"juniperus deppeana"
"19fb8332-db8c-43b2-9683-a9dfe2db7441"	"ny"	"278469"	"sitting bull falls, 28 miles west of us 285 on st 137. guadelupe mountains, lower elevation."	32.1978	-104.6625	"united states"	"new mexico"	"eddy co."	NA	NA	"cupressaceae"	"juniperus"	"deppeana"	NA	"juniperus deppeana steud."
"1aadbe62-921e-4514-b694-b725faf5cd7e"	"asu"	NA	"ariz. 160, 9 miles east of pinedale."	34.3074	-110.093	"united states"	"arizona"	"navajo county"	NA	NA	"cupressaceae"	"juniperus"	"deppeana"	NA	"juniperus deppeana"
"1aba26bf-03a4-45db-9bcf-f5ab91b18b50"	"asu"	"asu0007081"	"durango: between km 66 and km 68, w of durango on rt. 40."	23.8856022607298	-105.087447166443	"mexico"	"durango"	NA	NA	5000	"cupressaceae"	"juniperus"	"deppeana"	NA	"juniperus deppeana"
"1ae8b262-11a4-47cb-bb6c-22671827148e"	"asu"	"asu0007065"	"hidalgo: on rt. 105, at el chico turnoff, 10.5 km n of monument plaza of pachuca."	20.116667	-98.733333	"mexico"	"hidalgo"	NA	NA	20000	"cupressaceae"	"juniperus"	"deppeana"	NA	"juniperus deppeana"
"1b230e59-1e38-4f4d-adbc-9d2417e1db3b"	"asc"	"62705"	"coconino national forest red mountain geologic area, s of us 180 along dirt road to red mountain"	35.00028	-111.66667	"united states"	"arizona"	"coconino county"	NA	NA	"cupressaceae"	"juniperus"	"deppeana"	NA	"juniperus deppeana"
"1b3b004f-78d1-4e35-8e6d-3ba79f31cdca"	"ny"	"887896"	"hartwell canyon, ca. 0.5 mile n of nature conservancy property,"	34.93381	-111.90464	"united states"	"arizona"	"yavapai co."	NA	NA	"cupressaceae"	"juniperus"	"deppeana"	NA	"juniperus deppeana steud."
"1bd99e4f-9bce-4b9b-b431-29c99db881b2"	"asu"	NA	"granite basin lake."	34.6175	-112.548	"united states"	"arizona"	"yavapai county"	NA	NA	"cupressaceae"	"juniperus"	"deppeana"	NA	"juniperus deppeana"
"1c6d0fe2-28ed-4c8a-9ace-1829900e102d"	"asu"	NA	"payson"	34.2308	-111.324	"united states"	"arizona"	"gila county"	NA	NA	"cupressaceae"	"juniperus"	"deppeana"	NA	"juniperus deppeana"
"1d53ce98-f69e-479e-b7b7-fed79921f6da"	"asu"	NA	"rucker canyon in chiricahua mountains."	31.9297	-109.382	"united states"	"arizona"	"cochise county"	NA	NA	"cupressaceae"	"juniperus"	"deppeana"	NA	"juniperus deppeana"
"1e486446-c542-4447-87b6-8edcc3d77fbc"	"asu"	NA	"payson, az.  at junction of highway 87 and houston mesa rd."	34.2758	-111.304	"united states"	"arizona"	"coconino county"	NA	NA	"cupressaceae"	"juniperus"	"deppeana"	NA	"juniperus deppeana"
"1e5abfd0-2fea-4e3e-9d8f-d011e2642d30"	"asu"	NA	"0.6 miles north of portal/paradise road intersection in the chiricahua mountains."	31.9223	-109.141	"united states"	"arizona"	"cochise county"	NA	NA	"cupressaceae"	"juniperus"	"deppeana"	NA	"juniperus deppeana"
"1eec4299-80af-4cfe-abb8-95a72979be57"	"asu"	"asu0007109"	"durango: appx. 36 km s of el salto (or about 4.8 km, n of large lumbering village, which is 40 km s of el salto)."	23.4389350220419	-105.368478298187	"mexico"	"durango"	NA	NA	10000	"cupressaceae"	"juniperus"	"deppeana"	NA	"juniperus deppeana"
"1ef5bdec-a358-4717-a376-9525c2a6b415"	"asu"	NA	"chiricahua nationa monument. jesse james canyon; jesse james natural area; vicinity of environmental impact study plots t5 and t6."	31.9747	-109.354	"united states"	"arizona"	"cochise county"	NA	NA	"cupressaceae"	"juniperus"	"deppeana"	NA	"juniperus deppeana"
"1fdb1a63-ec8e-4f4d-8e1d-29d100ec1190"	"asu"	NA	"santa rita mountains, madera canyon"	31.7102	-110.87	"united states"	"arizona"	"santa cruz county"	NA	NA	"cupressaceae"	"juniperus"	"deppeana"	NA	"juniperus deppeana"
"2008b0ca-5c9c-4ee8-969b-069da9bad973"	"asc"	"7972"	"oak creek canyon"	34.912377	-111.726886	"united states"	"arizona"	"coconino county"	NA	NA	"cupressaceae"	"juniperus"	"deppeana"	NA	"juniperus deppeana"
"20dbc910-d626-488f-9f08-d50e5e7d1636"	"asu"	NA	"onion saddle gap in the chiricahua mountains."	31.9297	-109.382	"united states"	"arizona"	"cochise county"	NA	NA	"cupressaceae"	"juniperus"	"deppeana"	NA	"juniperus deppeana"
"220b0f38-b9a0-46e1-8087-b11bf8505bfc"	"asu"	"asu0007059"	"mpio. de el salto. 6.6 km e of la ciudad (about 25 km w of el salto on rte 40)."	23.6965638020897	-105.723752975464	"mexico"	"durango"	NA	NA	1000	"cupressaceae"	"juniperus"	"deppeana"	NA	"juniperus deppeana"
"221b40b0-9380-4861-8be3-d75763d2bf05"	"asu"	NA	"pinal mountains, south-central arizona, south of the town of globe. along fs road to 580 to madera park."	33.2822	-110.821	"united states"	"arizona"	"gila county"	NA	NA	"cupressaceae"	"juniperus"	"deppeana"	NA	"juniperus deppeana"
"24722bf5-88f5-4e3d-8d9a-8862df5d3b5d"	"asu"	NA	"carol spring mountain, 0.4 mi from entrance of fs 215. ca. 20 mi north of globe on hwy 60-77."	33.6605	-110.575	"united states"	"arizona"	"gila county"	NA	NA	"cupressaceae"	"juniperus"	"deppeana"	NA	"juniperus deppeana"
"24828513-08bb-411a-8257-184a26cd843b"	"asu"	NA	"10 miles north of parker canyon lake."	31.4618	-110.6	"united states"	"arizona"	"santa cruz county"	NA	NA	"cupressaceae"	"juniperus"	"deppeana"	NA	"juniperus deppeana"
"24bff13f-8aba-4f94-91af-ff1041d32c94"	"asu"	NA	"pulloff on sr 261, 3.8 mi. south of junction with sr 260"	34.0673	-109.353	"united states"	"arizona"	"apache county"	NA	NA	"cupressaceae"	"juniperus"	"deppeana"	NA	"juniperus deppeana"
"24ed96fd-87af-46d3-8025-0cce35629094"	"asu"	NA	"at top of schnebly hill overlook, ca. 8 miles west of turn-off from i-17."	34.889	-111.702	"united states"	"arizona"	"coconino county"	NA	NA	"cupressaceae"	"juniperus"	"deppeana"	NA	"juniperus deppeana"
"25111e6c-db73-4590-87a2-f4084f094a62"	"asu"	NA	"between springerville and vernon on hwy 60. mile post 368."	34.1333	-109.285	"united states"	"arizona"	"apache county"	NA	NA	"cupressaceae"	"juniperus"	"deppeana"	NA	"juniperus deppeana"
"258ed753-a617-4cfc-bc81-95de9977da4c"	"ny"	"19224"	"big bend national park"	29.25	-103.25	"united states"	"texas"	"brewster co."	NA	NA	"cupressaceae"	"juniperus"	"deppeana"	"deppeana"	"juniperus deppeana steud. var. deppeana"
"259afec6-2bcd-4312-a0e4-ada3bfc78df6"	"ny"	"19370"	"mckittrick canyon"	31.9791667	-104.7547222	"united states"	"texas"	"culberson co."	NA	NA	"cupressaceae"	"juniperus"	"deppeana"	"sperryi"	"juniperus deppeana f. sperryi (correll) r.p.adams"
"25b0972a-337f-4217-bd02-d78d6e5386f2"	"asu"	"asu0007137"	"30 km n of cd. guerrero on rt. 16."	28.55514	-107.492401	"mexico"	"chihuahua"	NA	NA	30000	"cupressaceae"	"juniperus"	"deppeana"	NA	"juniperus deppeana"
"25c4bb01-2dbf-496a-ae63-f7aafe9e5a19"	"asu"	"asu0007138"	"10.6 miles w of town square of cuauhtemoc, near casa colorado on rt. 16."	28.407878	-106.876842	"mexico"	"chihuahua"	NA	NA	17000	"cupressaceae"	"juniperus"	"deppeana"	NA	"juniperus deppeana"
"25c78611-393e-4e50-946c-74ae3e1e476c"	"asc"	"83973"	"hartwell canyon ~0.5 mi n of nature conservancy property"	34.933806	-111.904639	"united states"	"arizona"	"yavapai county"	NA	NA	"cupressaceae"	"juniperus"	"deppeana"	NA	"juniperus deppeana"
"27da7b70-9393-4e81-b5dc-860c027fdde0"	"des"	"des00075016"	"gila county, tonto national forest, fossil creek trailhead"	34.409974	-111.566416	"united states"	"arizona"	"gila"	NA	NA	"cupressaceae"	"juniperus"	"deppeana"	NA	"juniperus deppeana"
"29af6f03-3f59-4481-9f96-6ca1015fb0f6"	"asc"	"60765"	"0.6 mi n of portal/paradise road intersection in the chiricuahua mountains"	31.922318	-109.14083	"united states"	"arizona"	"cochise county"	NA	NA	"cupressaceae"	"juniperus"	"deppeana"	NA	"juniperus deppeana"
"2a18a882-2a15-479f-9698-582a6cfc35f6"	"des"	"des00039311"	"by hwy 52 in route to bear trap."	34.005146	-106.889591	"united states"	"new mexico"	"socorro"	NA	90000	"cupressaceae"	"juniperus"	"deppeana"	NA	"juniperus deppeana"
"2a77e09e-9191-4a52-b5e9-808494162ba7"	"asu"	NA	"coconino national forest, clear creek wilderness area, forest service rd. 142-b usfs trail #33 (calloway trail), from rim (6500 ft.) to stream (5960 ft.) bottom, rim ponderosa pine, oak, stream bed, boulder strewn with gravel beds. elevation 6500 - ft, usgs quad. calloway butte, ariz. usda permit lov0048, bond, r"	34.561167	-111.477184	"united states"	"arizona"	"coconino"	NA	NA	"cupressaceae"	"juniperus"	"deppeana"	NA	"juniperus deppeana"
"2aa3d90f-ba17-4104-ac6d-ce117fc95f30"	"asc"	"33399"	"5mi sw of prescott on highway 89"	34.54	-112.46778	"united states"	"arizona"	"yavapai county"	NA	NA	"cupressaceae"	"juniperus"	"deppeana"	NA	"juniperus deppeana"
"2aae6384-4bac-4022-ba05-176fa7c48071"	"ku"	"351939"	"santa catalina mountains, windy point"	32.36833	-110.71556	"united states"	"arizona"	"pima"	NA	NA	"cupressaceae"	"juniperus"	"deppeana"	NA	"juniperus deppeana"
"2bea6e70-fb01-45a5-adeb-c36159d6c910"	"asu"	"asu0007032"	"4.7 miles e of esqueda to nacozari road on side road to oputo and angostura."	30.699014	-109.523094	"mexico"	"sonora"	NA	NA	6540	"cupressaceae"	"juniperus"	"deppeana"	NA	"juniperus deppeana"
"2d787721-4e34-41d1-af90-9e82d03e0511"	"asu"	NA	"61 miles sse of tucson;  the research ranch near elgin; desert grasslands; dry open hillside just north of lyle canyon."	31.6597	-110.525	"united states"	"arizona"	"santa cruz county"	NA	NA	"cupressaceae"	"juniperus"	"deppeana"	NA	"juniperus deppeana"
"2eb3caae-0669-4454-9f70-91776d72e1ac"	"asu"	"asu0007085"	"2.5 km s of gomez farias, on road to babicora."	29.358827	-107.736204	"mexico"	"chihuahua"	NA	NA	2500	"cupressaceae"	"juniperus"	"deppeana"	NA	"juniperus deppeana"
"2ed5d965-4602-4dd2-9257-89febf881b8d"	"asu"	"asu0007020"	"mpio. de zempoala. tlajomulco."	19.900709	-98.549389	"mexico"	"hidalgo"	NA	NA	500	"cupressaceae"	"juniperus"	"deppeana"	NA	"juniperus deppeana"
"2f5d69d9-14e6-46ca-9969-7b91b110cea4"	"asu"	NA	"camp geronimo."	34.4086	-111.376	"united states"	"arizona"	"gila county"	NA	NA	"cupressaceae"	"juniperus"	"deppeana"	NA	"juniperus deppeana"
"30c35021-88bd-42eb-aa56-8578933524b3"	"asu"	NA	"n. edge of flagstaff, 1/2 way to the top of mountain eldon, se-facing slope with huge boulders."	35.1981	-111.651	"united states"	"arizona"	"coconino county"	NA	NA	"cupressaceae"	"juniperus"	"deppeana"	NA	"juniperus deppeana"
"3149144c-053c-4644-81fe-2299060dd17f"	"asu"	NA	"about 3 mi north of portal (3.6 mi north of portal-rodeo rd. on san simon rd., west ca. 1 mi, south 0.5 mi)."	31.9482	-109.162	"united states"	"arizona"	"cochise county"	NA	NA	"cupressaceae"	"juniperus"	"deppeana"	NA	"juniperus deppeana"
"31e05f7e-eb7f-41b3-8108-5df83999c6a8"	"asu"	"asu0007055"	"2.6 km n of cd. guerrero on rt. 16 near town dump."	28.55	-107.5	"mexico"	"chihuahua"	NA	NA	NA	"cupressaceae"	"juniperus"	"deppeana"	NA	"juniperus deppeana"
"32671359-c1b0-495b-adc6-11647344e4d3"	"ny"	"19245"	"road from claypool (near globe) to pinal peak. 9.3 miles south of highway 60"	33.33	-110.83	"united states"	"arizona"	"gila co."	NA	NA	"cupressaceae"	"juniperus"	"deppeana"	"deppeana"	"juniperus deppeana steud. var. deppeana"
"33905f7f-c737-4678-8709-a92c69913b18"	"asu"	"asu0007116"	"durango: approximately 30 miles w of el salto, near km 152 on rt. 40 at puerto buenos aires."	23.6740544999078	-105.726006031036	"mexico"	"durango"	NA	NA	500	"cupressaceae"	"juniperus"	"deppeana"	NA	"juniperus deppeana"
"345f013e-5946-4f40-8124-ee86a2fefd1d"	"des"	"des00003674"	"4th turn down, oak creek switchbacks."	35.027398	-111.737691	"united states"	"arizona"	NA	NA	210	"cupressaceae"	"juniperus"	"deppeana"	NA	"juniperus deppeana"
"34727165-14c6-4b7f-9e21-4367f53509ce"	"asu"	NA	"14 miles northeast of payson, 9 miles west of whispering pines junction of bridge and control road."	34.3597	-111.427	"united states"	"arizona"	"gila county"	NA	NA	"cupressaceae"	"juniperus"	"deppeana"	NA	"juniperus deppeana"
"35381d0e-49e8-4cab-badb-7a234bf4a6f2"	"asc"	"74029"	"highway 90, 6.5 mi nw of bisbee, past mule pass tunnel.  in canyon between mule mts and escabrosa ridge."	31.86666667	-109.95	"united states"	"arizona"	"cochise county"	NA	NA	"cupressaceae"	"juniperus"	"deppeana"	NA	"juniperus deppeana"
"35add591-eabb-4955-84e6-9f830e21fec1"	"asu"	NA	"rte. 82, 7.5 miles south-southeast of patagonia, monkey springs."	31.6342	-110.703	"united states"	"arizona"	"santa cruz county"	NA	NA	"cupressaceae"	"juniperus"	"deppeana"	NA	"juniperus deppeana"
"364c5a03-2ec2-4648-9827-66e6259f0203"	"asu"	NA	"14 miles northeast of payson, 9 miles west of whispering pines junction of bridge and control road."	34.3597	-111.427	"united states"	"arizona"	"gila county"	NA	NA	"cupressaceae"	"juniperus"	"deppeana"	NA	"juniperus deppeana"
"37e9bc49-0b79-4b28-a9f2-127e148b76b8"	"asc"	"39073"	".5mi e of elden spring"	35.22722	-111.59944	"united states"	"arizona"	"coconino county"	NA	NA	"cupressaceae"	"juniperus"	"deppeana"	NA	"juniperus deppeana"
"37fd7eac-be35-4c14-8d18-4b9742108368"	"asu"	"asu0007034"	"on llanos de perote, just e of perpte near abandoned hospital or factory."	19.5667	-97.2333	"mexico"	"veracruz"	NA	NA	NA	"cupressaceae"	"juniperus"	"deppeana"	NA	"juniperus deppeana"
"3a4122d6-4bc8-427a-aac1-b0fdeb45e9bc"	"asu"	NA	"entrance road to chiricahua national monument, 1/2 mi west of monument."	32.0044	-109.356	"united states"	"arizona"	"cochise county"	NA	NA	"cupressaceae"	"juniperus"	"deppeana"	NA	"juniperus deppeana"
"3b411cb9-4923-44ee-bc57-d41ca502639e"	"asu"	"asu0007132"	"near sombrerete, west of town."	23.7667	-103.783	"mexico"	"durango"	NA	NA	NA	"cupressaceae"	"juniperus"	"deppeana"	NA	"juniperus deppeana"
"3bf1dde3-1249-466e-b84e-95baed6eafca"	"asu"	"asu0007058"	"36.3 km w of nicholas bravo on road from nuevo madera."	28.648791	-106.029726	"mexico"	"chihuahua"	NA	NA	36000	"cupressaceae"	"juniperus"	"deppeana"	NA	"juniperus deppeana"
"3d93775b-2a71-449e-abe9-516b46af11cb"	"asu"	"asu0007131"	"mpio. de juan aldama. 9.2 km e of the durango border on the road from zacatecas to durango."	24.467775647158	-104.146184921265	"mexico"	"durango"	NA	NA	1000	"cupressaceae"	"juniperus"	"deppeana"	NA	"juniperus deppeana"
"3fd2ccf6-dd86-4eac-95dc-6e8d4c1799a1"	"asu"	NA	"mazatzal mountains along road to mount ord (fr 626)"	33.9108	-111.409	"united states"	"arizona"	"gila county"	NA	NA	"cupressaceae"	"juniperus"	"deppeana"	NA	"juniperus deppeana"
"3ff70103-ddcf-437c-a0f8-e020fa5d6e12"	"asu"	NA	"14 miles northeast of payson, 3 miles west of whispering pines junction of bridge and control road."	34.3826	-111.334	"united states"	"arizona"	"gila county"	NA	NA	"cupressaceae"	"juniperus"	"deppeana"	NA	"juniperus deppeana"
"40158c98-82f3-4c9e-86f6-37f4453874b4"	"asc"	"85475"	"on the top of buck mountain, in the inner bowl."	35.4871025343403	-112.029077788156	"united states"	"arizona"	"coconino county"	NA	NA	"cupressaceae"	"juniperus"	"deppeana"	NA	"juniperus deppeana"
"401b090a-4b9e-436b-9571-68503763c944"	"asu"	NA	"chiricahua national monument. bonita -faraway hills."	32.0044	-109.356	"united states"	"arizona"	"cochise county"	NA	NA	"cupressaceae"	"juniperus"	"deppeana"	NA	"juniperus deppeana"
"403fc1bc-014b-4cda-82af-bcd6cc4fd432"	"asu"	"asu0007125"	"chihuahua: 7.3 km se of (san geronimo) huejotitan on old dirt road to san francisco del oro."	27.0667	-106.2	"mexico"	"chihuahua"	NA	NA	NA	"cupressaceae"	"juniperus"	"deppeana"	NA	"juniperus deppeana"
"423d8ebc-3889-4c93-bb60-7fec380d9f7e"	"asc"	"63674"	"diamond point (fr 65), on road to lookout tower"	34.2875	-111.19222	"united states"	"arizona"	"gila county"	NA	NA	"cupressaceae"	"juniperus"	"deppeana"	NA	"juniperus deppeana"
"42d85212-2613-406d-b185-d0706d27232d"	"asu"	NA	"ca. 6 miles east of rm 166 along rm 118, at lawrence wood rest area in madera canyon, ca 15 miles northwest of ft. davis"	30.7063	-104.105	"united states"	"texas"	"jeff davis county"	NA	NA	"cupressaceae"	"juniperus"	"deppeana"	NA	"juniperus deppeana"
"44ff47ba-bece-4dec-b5a7-fcb5e85595dc"	"asu"	NA	"near pinal county line on highway 60 about 8.5 miles east of superior."	33.3761	-110.753	"united states"	"arizona"	"gila county"	NA	NA	"cupressaceae"	"juniperus"	"deppeana"	NA	"juniperus deppeana"
"45e2c169-63d8-4a19-a5c3-fd5a732601eb"	"asu"	"asu0007021"	"mpio. de tepeapulco. cerro de santa ana."	19.792549	-98.550453	"mexico"	"hidalgo"	NA	NA	15000	"cupressaceae"	"juniperus"	"deppeana"	NA	"juniperus deppeana"
"45fadef8-68df-4263-aa0d-9313b7a03958"	"asu"	NA	"pierce wash."	34.5989	-110.542	"united states"	"arizona"	"navajo county"	NA	NA	"cupressaceae"	"juniperus"	"deppeana"	NA	"juniperus deppeana"
"468ee5b5-ed96-4350-ab68-88f25775c931"	"asu"	"asu0007142"	"1.8 km s of mina dolores, (just n of chalchihuites), near km 44 on rte 15 (from sombrerete)."	23.476912	-103.882465	"mexico"	"zacatecas"	NA	NA	1000	"cupressaceae"	"juniperus"	"deppeana"	NA	"juniperus deppeana"
"479f0848-fae1-4220-9be6-d50d68fd3041"	"asu"	NA	"rte. 181, just outside chiricahua national monument boundaries."	32.0044	-109.356	"united states"	"arizona"	"cochise county"	NA	NA	"cupressaceae"	"juniperus"	"deppeana"	NA	"juniperus deppeana"
"47a7a522-26f1-4671-99e0-12f394fc4f6d"	"asu"	NA	"stocton pass ( 9.5 miles east of bonita.)"	32.5896	-109.805	"united states"	"arizona"	"graham county"	NA	NA	"cupressaceae"	"juniperus"	"deppeana"	NA	"juniperus deppeana"
"47ffbf90-2a87-47ba-89b6-3387dcde477f"	"asu"	"asu0007036"	"on llanos de perote, just e of perpte near abandoned hospital or factory."	19.5667	-97.2333	"mexico"	"veracruz"	NA	NA	NA	"cupressaceae"	"juniperus"	"deppeana"	NA	"juniperus deppeana"
"480cdcaf-fa68-41d2-be5d-211df1e68315"	"asu"	NA	"four peaks wilderness.  fs trail 253.  saddle near brown's peak, 1/8 mile to north. pine forest, near maricopa county line"	33.69	-111.33	"united states"	"arizona"	"gila"	NA	NA	"cupressaceae"	"juniperus"	"deppeana"	NA	"juniperus deppeana"
"48435a5e-bfb6-4e1a-988c-e7b998a67ef4"	"asu"	NA	"west fork junction 89a, 10 mi. n. sedona."	34.991	-111.75	"united states"	"arizona"	"coconino county"	NA	3000	"cupressaceae"	"juniperus"	"deppeana"	NA	"juniperus deppeana"
"485b938b-d22f-41f7-963d-501827c8bd41"	"ny"	"19268"	"slopes of casa grande, chisos basin, big bend national park"	29.2669	-103.2836	"united states"	"texas"	"brewster co."	NA	NA	"cupressaceae"	"juniperus"	"deppeana"	"deppeana"	"juniperus deppeana steud. var. deppeana"
"48c78288-684f-4747-8c70-1efcd0e6556c"	"asu"	"asu0007077"	"durango: appx. 1 km s of rt. 40 at hacienda coyotes (appx. 2 km e of el salto)."	23.8526365550773	-105.308632850647	"mexico"	"durango"	NA	NA	5000	"cupressaceae"	"juniperus"	"deppeana"	NA	"juniperus deppeana"
"4a6aacf0-72a3-43f7-af6a-d8b73b778726"	"asu"	NA	"hwy. 666, 0.5 miles south of granville recreation area."	33.1816	-109.383	"united states"	"arizona"	"greenlee county"	NA	NA	"cupressaceae"	"juniperus"	"deppeana"	NA	"juniperus deppeana"
"4bbc5d1e-4ba9-433c-baa5-787b16d16bfd"	"asu"	NA	"chiricahua national monument; bonita-faraway hills."	32.0044	-109.356	"united states"	"arizona"	"cochise county"	NA	NA	"cupressaceae"	"juniperus"	"deppeana"	NA	"juniperus deppeana"
"4bd67170-20ef-47e5-9888-404d9e27b7b2"	"asc"	"746"	"oak creek canyon, near indian gardens"	35.05	-111.455051	"united states"	"arizona"	"coconino county"	NA	10000	"cupressaceae"	"juniperus"	"deppeana"	NA	"juniperus deppeana"
"4c5ee69b-72cb-4117-9fb1-5488aca2ece5"	"des"	"des00006536"	"1 1/2 miles north of molino basin, santa catalina mountains."	32.359365	-110.722094	"united states"	"arizona"	"pima"	NA	1850	"cupressaceae"	"juniperus"	"deppeana"	NA	"juniperus deppeana"
"4cbdb971-ab81-4c4d-b13f-8695cc599620"	"asu"	NA	"pena blanca canyon"	31.4169	-111.078	"united states"	"arizona"	"santa cruz county"	NA	NA	"cupressaceae"	"juniperus"	"deppeana"	NA	"juniperus deppeana"
"4db3df99-0b06-40c6-b9b4-941cfdc0edbe"	"asu"	"asu0007128"	"chihuahua: 7.3 km se of (san geronimo) huejotitan on old dirt road to san francisco del oro."	27.0667	-106.2	"mexico"	"chihuahua"	NA	NA	NA	"cupressaceae"	"juniperus"	"deppeana"	NA	"juniperus deppeana"
"4dd5ff2c-b257-4566-bab4-4e542897126f"	"des"	"des00025435"	"camino a sta. maria regla pero se encuentra por todos."	20.25	-98.566667	"mexico"	"hidalgo"	NA	NA	5000	"cupressaceae"	"juniperus"	"deppeana"	NA	"juniperus deppeana"
"4e302263-46e6-4881-a3f5-209f29c6bab6"	"asu"	"asu0007064"	"hidalgo: 0.7 km from rt. 105 on road to el chico (10.5 km n of monument plaza of pachuca)"	20.116667	-98.733333	"mexico"	"hidalgo"	NA	NA	20000	"cupressaceae"	"juniperus"	"deppeana"	NA	"juniperus deppeana"
"4f0a080c-1658-45cd-97a4-f4f85a4a72c9"	"asu"	NA	"upper west fork canyon of oak creek, 9 miles n. of sedona. southwest end of howard's pocket along northern rim of canyon; within northern section of red rock/secret mountain wilderness."	35.0239	-111.812	"united states"	"arizona"	"coconino county"	NA	NA	"cupressaceae"	"juniperus"	"deppeana"	NA	"juniperus deppeana"
"5018c871-ae3a-4a43-9f98-92c768a23e4e"	"asu"	NA	"mt. ord; approx. 1/8 mile east of 3rd cattleguard (as you go up mt. ord) near top of mt. ord.  approx. 1.4 miles from top of mt. ord."	33.9119	-111.402	"united states"	"arizona"	"gila"	NA	NA	"cupressaceae"	"juniperus"	"deppeana"	NA	"juniperus deppeana"
"5039d177-3c65-442c-92a2-279f9fadb0f9"	"asu"	"asu0007098"	"durango: appx. 27 km w of el salto, near km 121, w of las adjuntas."	23.7333	-105.517	"mexico"	"durango"	NA	NA	NA	"cupressaceae"	"juniperus"	"deppeana"	NA	"juniperus deppeana"
"505ff0bf-c759-43f2-99ef-0d79e4c8b92a"	"asu"	"asu0007037"	"15 km nw of sombrerete at el alamo on rte 45."	23.646489	-103.642877	"mexico"	"zacatecas"	NA	NA	25000	"cupressaceae"	"juniperus"	"deppeana"	NA	"juniperus deppeana"
"50bc5e35-1e5b-4999-86a9-5883bed6b12f"	"asu"	"asu0007120"	"durango: between km 66 and km 68, w of durango on rt. 40."	23.8856022607298	-105.087447166443	"mexico"	"durango"	NA	NA	5000	"cupressaceae"	"juniperus"	"deppeana"	NA	"juniperus deppeana"
"51465451-9c75-4b77-8fb5-57ecfba36ffd"	"des"	"des00063937"	"tonto national forest down houston mesa road at about mile 9.5 off on atv trail to bear canyon then up trail to little diamond ridge, ca 2 miles from houston mesa road."	34.356472	-111.304361	"united states"	"arizona"	"gila county"	NA	NA	"cupressaceae"	"juniperus"	"deppeana"	NA	"juniperus deppeana"
"515f41fd-fd8d-4cba-bd89-c8148ed6967a"	"asu"	"asu0007095"	"15 km nw of sombrerete at el alamo on rte 45."	23.646489	-103.642877	"mexico"	"zacatecas"	NA	NA	25000	"cupressaceae"	"juniperus"	"deppeana"	NA	"juniperus deppeana"
"51f8f357-d9e9-4604-aeba-7976ac4d8560"	"asc"	"53102"	"herman spring, in see canyon"	34.34528	-111.01472	"united states"	"arizona"	"gila county"	NA	NA	"cupressaceae"	"juniperus"	"deppeana"	NA	"juniperus deppeana"
"5510b6df-a74d-46fb-99be-65556761297c"	"asc"	"96287"	"tonto national forest: along camp geronimo road and webber creek and slopes to the w, below the mogollon rim and e of milk ranch point, ca 5.5 air mi e of pine; ca 10 air mi nnw of payson."	34.3863	-111.3535	"united states"	"arizona"	"gila"	NA	NA	"cupressaceae"	"juniperus"	"deppeana"	NA	"juniperus deppeana"
"56e50f3c-4e5a-4570-9466-2c37ac46b552"	"asu"	"asu0007039"	"chihuahua: 2.6 km n of cd. guerrero on rt. 16 near town dump."	28.55	-107.5	"mexico"	"chihuahua"	NA	NA	NA	"cupressaceae"	"juniperus"	"deppeana"	NA	"juniperus deppeana"
"573ba042-ad9d-43de-ae8a-2bf207ed3dde"	"asc"	"33239"	"oak creek, 4 mi n of sedona"	34.937722	-111.747675	"united states"	"arizona"	"coconino county"	NA	NA	"cupressaceae"	"juniperus"	"deppeana"	NA	"juniperus deppeana"
"574c0be8-5e0f-45a8-a6a5-cf95488da619"	"asu"	NA	"mt. ord.  approx. 2 miles from highway 87, near intersection of fs 626 and fs 1688 on fs 626."	33.9237	-111.433	"united states"	"arizona"	"gila"	NA	NA	"cupressaceae"	"juniperus"	"deppeana"	NA	"juniperus deppeana"
"58308e6b-2d63-421c-b0f8-c6bc2899e9af"	"des"	"des00050715"	"coronado national forest, foothills of santa rita mountains, along arizona trail northeast of where it intersects fsr 62 (box canyon or greaterville road)."	31.80312	-110.742	"united states"	"arizona"	"pima county"	NA	NA	"cupressaceae"	"juniperus"	"deppeana"	NA	"juniperus deppeana"
"5923926f-9d09-4800-8188-228add247315"	"asc"	"58774"	"munds mountain 7.5 quad., schnebly hill road, w-facing slope"	34.85833	-111.71056	"united states"	"arizona"	"coconino county"	NA	NA	"cupressaceae"	"juniperus"	"deppeana"	NA	"juniperus deppeana"
"5a1f2193-ba9e-4f1e-ad48-ae4950da003c"	"asu"	"asu0007105"	"mpio. de el salto. 6.6 km e of la ciudad (about 25 km w of el salto on rte 40)."	23.6965638020897	-105.723752975464	"mexico"	"durango"	NA	NA	1000	"cupressaceae"	"juniperus"	"deppeana"	NA	"juniperus deppeana"
"5a54e65b-1d51-4da1-870b-b4400ce5be82"	"des"	"des00009196"	"20 mi. north of payson"	34.520991	-111.32444	"united states"	"arizona"	"gila"	NA	8267	"cupressaceae"	"juniperus"	"deppeana"	"pachyphlaea"	"juniperus deppeana var. pachyphlaea"
"5b15c4ff-358f-4f21-a449-a79fc296efd1"	"asu"	NA	"apachehi. tonto national forest. red rock spring. along red rock spring trail."	34.367033	-111.397017	"united states"	"arizona"	"gila"	NA	NA	"cupressaceae"	"juniperus"	"deppeana"	NA	"juniperus deppeana"
"5bc61e49-adec-4e1f-80ca-2d15496b32ce"	"asu"	NA	"mazatzal mountains, mt. ord, ca. 6.0 miles east of hwy 87 along fr 626 at gate to ord lookout site"	33.9113	-111.409	"united states"	"arizona"	"gila county"	NA	NA	"cupressaceae"	"juniperus"	"deppeana"	NA	"juniperus deppeana"
"5c03c4af-7279-469f-af04-6912fd1ff812"	"asu"	NA	"madera canyon."	31.7158	-110.875	"united states"	"arizona"	"santa cruz county"	NA	NA	"cupressaceae"	"juniperus"	"deppeana"	NA	"juniperus deppeana"
"5e4a505b-4b7f-4e17-8f0a-806251a89422"	"asu"	NA	"west fork ok oak creek canyon, near junction of hwy 89a, 10 mi. n. sedona."	34.991	-111.75	"united states"	"arizona"	"coconino county"	NA	3000	"cupressaceae"	"juniperus"	"deppeana"	NA	"juniperus deppeana"
"5f0ef800-ad53-4345-816d-8f703c72aa6c"	"ny"	"19244"	"sierra diablo mountains, northwest of van horn"	31.28	-104.93	"united states"	"texas"	"culberson co."	NA	NA	"cupressaceae"	"juniperus"	"deppeana"	"deppeana"	"juniperus deppeana steud. var. deppeana"
"5f2bb838-c017-439b-ad28-6b4c6053ba68"	"ny"	"19216"	"chisos mountains, in basin [big bend national park]"	29.2758	-103.3025	"united states"	"texas"	"brewster co."	NA	NA	"cupressaceae"	"juniperus"	"deppeana"	"deppeana"	"juniperus deppeana steud. var. deppeana"
"5f6cab59-e392-475e-9d7b-f14aa6a95594"	"asu"	NA	"road to municipal water supply from senator hwy in prescott national forest."	34.5122	-112.447	"united states"	"arizona"	"yavapai county"	NA	200	"cupressaceae"	"juniperus"	"deppeana"	NA	"juniperus deppeana"
"6026f007-ec73-4c21-bc4a-9c803d71bc01"	"asu"	NA	"chiricahua national monument, massai point."	32.0044	-109.356	"united states"	"arizona"	"cochise county"	NA	NA	"cupressaceae"	"juniperus"	"deppeana"	NA	"juniperus deppeana"
"60287fe9-f708-42e5-acaf-b9dd3b8d6907"	"asu"	"asu0007088"	"2.5 km s of gomez farias, on road to babicora."	29.358827	-107.736204	"mexico"	"chihuahua"	NA	NA	2500	"cupressaceae"	"juniperus"	"deppeana"	NA	"juniperus deppeana"
"61573c2b-ccd9-410f-b5f8-6958d7b8da13"	"asu"	NA	"southern huachuca mountains. montezuma pass, edge of parking lot."	31.3439	-110.282	"united states"	"arizona"	"cochise county"	NA	NA	"cupressaceae"	"juniperus"	"deppeana"	NA	"juniperus deppeana"
"61c1d890-be9a-4517-9ffd-002dbe5b4da5"	"asu"	"asu0007113"	"durango: appx. 1 km s of rt. 40 at hacienda coyotes (appx. 2 km e of el salto)."	23.8526365550773	-105.308632850647	"mexico"	"durango"	NA	NA	5000	"cupressaceae"	"juniperus"	"deppeana"	NA	"juniperus deppeana"
"62a4bf20-0efc-4898-be30-d89ae7964c33"	"asu"	NA	"tonto national forest; top-of-the-world, along hwy 60 ca 1mi w of oak flat campground."	33.349	-110.992	"united states"	"arizona"	"gila county"	NA	NA	"cupressaceae"	"juniperus"	"deppeana"	NA	"juniperus deppeana"
"66201e29-ed73-4fb2-bffe-7e0364f0a8ab"	"asu"	NA	"ca. 6 miles east of rm 166 along rm 118 at lawrence wood reat area in madera canyon, ca 15 miles northwest of ft. davis"	30.7063	-104.105	"united states"	"texas"	"jeff davis county"	NA	NA	"cupressaceae"	"juniperus"	"deppeana"	NA	"juniperus deppeana"
"66759a65-0b01-4940-a2f5-87b8195646aa"	"asu"	NA	"approx. 6 miles from intersection of st. 399 with us 666 on st. 399 near picnic grounds."	32.67	-109.79	"united states"	"arizona"	"graham county"	NA	NA	"cupressaceae"	"juniperus"	"deppeana"	NA	"juniperus deppeana"
"66c6b64f-b766-4ec9-accd-29c05a20ab38"	"asu"	"asu0007073"	"hidalgo: 0.2 mile n of el chico turnoff of rt. 105 or 6.5 miles n of monument plaza of pachuca."	20.116667	-98.733333	"mexico"	"hidalgo"	NA	NA	20000	"cupressaceae"	"juniperus"	"deppeana"	NA	"juniperus deppeana"
"6809892b-e734-4bff-9e65-000d39a233c5"	"asu"	NA	"santa catalina mountains, windy point vista."	32.368	-110.716	"united states"	"arizona"	"pima county"	NA	NA	"cupressaceae"	"juniperus"	"deppeana"	NA	"juniperus deppeana"
"684facd5-0ef9-4770-882f-3edbb4ff825c"	"asu"	"asu0007091"	"at n egde of jiminez del teul near km 79 on rte 15, (road from sombrerete)."	23.1667	-104.083	"mexico"	"zacatecas"	NA	NA	NA	"cupressaceae"	"juniperus"	"deppeana"	NA	"juniperus deppeana"
"6851d569-2557-471c-8a4e-4f66c0a7f1b7"	"ny"	"19335"	"ft. huachuca"	31.5581	-110.3486	"united states"	"arizona"	"cochise co."	NA	5000	"cupressaceae"	"juniperus"	"deppeana"	"deppeana"	"juniperus deppeana steud. var. deppeana"
"690efc06-f20a-4bb3-947b-b7aa24caf721"	"ny"	"19223"	"chisos mountains, big bend, south of alpine [big bend national park]"	29.25	-103.25	"united states"	"texas"	"brewster co."	NA	NA	"cupressaceae"	"juniperus"	"deppeana"	"deppeana"	"juniperus deppeana steud. var. deppeana"
"6a2b8e4a-8ea3-432c-9ac8-edf5563e57fe"	"ny"	"19272"	"chisos mountains. big bend national park. near basin"	29.2758	-103.3025	"united states"	"texas"	"brewster co."	NA	NA	"cupressaceae"	"juniperus"	"deppeana"	"deppeana"	"juniperus deppeana steud. var. deppeana"
"6aa353fb-258e-48d0-aea1-9fa6361c2e11"	"asu"	NA	"guthrie peak."	32.8869	-109.314	"united states"	"arizona"	"greenlee county"	NA	NA	"cupressaceae"	"juniperus"	"deppeana"	NA	"juniperus deppeana"
"6aa8501c-81f6-4c4f-97ac-5322d6e58bb8"	"asu"	NA	"payson vicinity, 13-15 miles northwest on arizona hwy 87; roadside on ''red'' soils"	34.3475	-111.426	"united states"	"arizona"	"gila county"	NA	NA	"cupressaceae"	"juniperus"	"deppeana"	NA	"juniperus deppeana"
"6aca5cf6-2eee-4f0f-bb96-254592bda4fe"	"asc"	"51259"	"coconino national forest, beaver creek watershed #6, rimrock, az"	34.6872	-111.5952	"united states"	"arizona"	"yavapai county"	NA	NA	"cupressaceae"	"juniperus"	"deppeana"	NA	"juniperus deppeana"
"6b15fdc4-5e0d-42db-b51e-04a1165f3916"	"asu"	NA	"mount lemon road southeast of oracle, 18.5 miles from state hwy 77."	32.6108	-110.77	"united states"	"arizona"	"pinal county"	NA	NA	"cupressaceae"	"juniperus"	"deppeana"	NA	"juniperus deppeana"
"6b3d05ae-95bf-49f5-8307-038146332448"	"asu"	NA	"payson, az.  at junction of highway 87 and houston mesa rd."	34.2758	-111.304	"united states"	"arizona"	"coconino county"	NA	NA	"cupressaceae"	"juniperus"	"deppeana"	NA	"juniperus deppeana"
"6bc6d6e7-29c4-4b9b-9560-003a70732ba8"	"asu"	NA	"lynx creek."	34.56	-112.37	"united states"	"arizona"	"yavapai county"	NA	200	"cupressaceae"	"juniperus"	"deppeana"	NA	"juniperus deppeana"
"6c2e868e-b06b-44ba-8b93-e7ad5258de76"	"asu"	NA	"mt. ord.  approximately 5.5 miles east of highway 87 on fs 626 at intersection with fs 27.  collected at intersection of small private road approximately 100 yards southwest on fs 626 from jct with fs 27."	33.9269	-111.399	"united states"	"arizona"	"gila"	NA	NA	"cupressaceae"	"juniperus"	"deppeana"	NA	"juniperus deppeana"
"6c5da3f3-5d1d-4613-9494-ffcde09c6609"	"asu"	NA	"guthrie peak"	32.8869	-109.314	"united states"	"arizona"	"greenlee county"	NA	NA	"cupressaceae"	"juniperus"	"deppeana"	NA	"juniperus deppeana"
"6d55f1a7-7ec1-4e39-a799-acd9891e4a1a"	"asu"	NA	"escudilla mountains, road to escudilla trailhead"	33.9158	-109.168	"united states"	"arizona"	"apache county"	NA	NA	"cupressaceae"	"juniperus"	"deppeana"	NA	"juniperus deppeana"
"6d57af8a-b7e1-42ca-957a-1468d59aeb95"	"asc"	"26463"	"walnut canyon national monument; coconino national forest, west canyon half, walnut canyon"	35.00028	-111.66667	"united states"	"arizona"	"coconino county"	NA	NA	"cupressaceae"	"juniperus"	"deppeana"	NA	"juniperus deppeana"
"6e324aab-c65f-40d1-96c9-7472c9c7f1ec"	"asu"	"asu0007040"	"chihuahua: 2.6 km n of cd. guerrero on rt. 16 near town dump."	28.55	-107.5	"mexico"	"chihuahua"	NA	NA	NA	"cupressaceae"	"juniperus"	"deppeana"	NA	"juniperus deppeana"
"6e3f1a60-e798-485f-9485-4238f673db4a"	"asc"	"21600"	"sycamore canyon area"	35.042	-111.967	"united states"	"arizona"	"coconino county"	NA	NA	"cupressaceae"	"juniperus"	"deppeana"	NA	"juniperus deppeana"
"6f1ae1cb-b357-4648-ade9-3f51fa9297e2"	"asu"	"asu0007103"	"chihuahua: 7.3 km se of (san geronimo) huejotitan, on old dirt road to san francisco del oro."	27.0667	-106.2	"mexico"	"chihuahua"	NA	NA	NA	"cupressaceae"	"juniperus"	"deppeana"	NA	"juniperus deppeana"
"6f206c75-c7c2-4e9b-8a4f-4374f3dca496"	"asu"	NA	"escudilla mountains, road to escudilla trailhead"	33.9158	-109.168	"united states"	"arizona"	"apache county"	NA	NA	"cupressaceae"	"juniperus"	"deppeana"	NA	"juniperus deppeana"
"6ff9e385-f392-4a75-ab54-77040ca56c20"	"asc"	"5402"	"oak creek canyon"	34.912377	-111.726886	"united states"	"arizona"	"coconino county"	NA	NA	"cupressaceae"	"juniperus"	"deppeana"	NA	"juniperus deppeana"
"7029ac90-70e6-4a72-ab21-99c11d6041fa"	"ny"	"804206"	"chase creek, north of clifton; along highway 666. n 36 70 800, e 6 52 300."	33.1717	-109.3682	"united states"	"arizona"	"greenlee co."	NA	NA	"cupressaceae"	"juniperus"	"deppeana"	NA	"juniperus deppeana steud."
"70765fad-30e9-4688-bff2-2ee6203694f6"	"asu"	NA	"14 miles northeast of payson, 3 miles west of whispering pines junction of bridge and control road."	34.3826	-111.334	"united states"	"arizona"	"gila county"	NA	NA	"cupressaceae"	"juniperus"	"deppeana"	NA	"juniperus deppeana"
"70d24e53-455a-4116-95ab-4e72d3d08b42"	"ny"	"19371"	"guadalupe mountains, mouth of pine springs canyon"	31.896764	-104.829067	"united states"	"texas"	"culberson co."	NA	NA	"cupressaceae"	"juniperus"	"deppeana"	"sperryi"	"juniperus deppeana f. sperryi (correll) r.p.adams"
"72f7328f-4502-4305-aca6-547eaaac547c"	"dbg"	"khd00025245"	"denver botanic gardens, 909 york street, rock alpine garden, north end, se of pond"	39.73193	-104.9619	"united states"	"colorado"	"denver county"	NA	NA	"cupressaceae"	"juniperus"	"deppeana"	NA	"juniperus deppeana"
"736c71a8-3437-453c-b692-4a5284397382"	"asu"	"asu0007107"	"durango: appx. 36 km s of el salto (or about 4.8 km, n of large lumbering village, which is 40 km s of el salto)."	23.4389350220419	-105.368478298187	"mexico"	"durango"	NA	NA	10000	"cupressaceae"	"juniperus"	"deppeana"	NA	"juniperus deppeana"
"7410c0f5-2ed4-4a19-9082-f2f68525f85c"	"asu"	NA	"oak creek canyon."	34.9124	-111.727	"united states"	"arizona"	"coconino county"	NA	NA	"cupressaceae"	"juniperus"	"deppeana"	NA	"juniperus deppeana"
"742c1412-4be9-44c7-89d4-0f27f6090410"	"asu"	NA	"pinal mountains, 3.7 miles south of entrance to tonto nf from claypool, arizona, along forest road 55"	33.588	-111.115	"united states"	"arizona"	"gila county"	NA	NA	"cupressaceae"	"juniperus"	"deppeana"	NA	"juniperus deppeana"
"74508580-d8ac-4270-afad-dbc2fe415009"	"asu"	NA	"chiricahua national monument; northwest corner."	32.0044	-109.356	"united states"	"arizona"	"cochise county"	NA	NA	"cupressaceae"	"juniperus"	"deppeana"	NA	"juniperus deppeana"
"748ea3ec-8046-4417-be08-5a0c67bc5a3f"	"asu"	NA	"sabino canyon, santa catalina mountains."	32.4303	-110.705	"united states"	"arizona"	NA	NA	NA	"cupressaceae"	"juniperus"	"deppeana"	NA	"juniperus deppeana"
"772f2f75-8734-43c1-8021-9b7297799cca"	"asu"	"asu0007035"	"on llanos de perote, just e of perpte near abandoned hospital or factory."	19.5667	-97.2333	"mexico"	"veracruz"	NA	NA	NA	"cupressaceae"	"juniperus"	"deppeana"	NA	"juniperus deppeana"
"78452773-fb81-497a-815b-5b54e2d17d7c"	"asu"	"asu0007102"	"mpio. de el salto. 6.6 km e of la ciudad (about 25 km w of el salto on rte 40)."	23.6965638020897	-105.723752975464	"mexico"	"durango"	NA	NA	1000	"cupressaceae"	"juniperus"	"deppeana"	NA	"juniperus deppeana"
"789176d1-9e64-4bf0-9a56-3f118270ac41"	"asu"	"asu0007134"	"chihuahua: 0.1 km e of km 120 on rt. 16 near pdenernales appx. 20 km.w cuauhtemoc."	28.4	-107.1	"mexico"	"chihuahua"	NA	NA	NA	"cupressaceae"	"juniperus"	"deppeana"	NA	"juniperus deppeana"
"789d95fd-0218-4e54-9045-3c69854de1fb"	"asu"	"asu0007023"	"mountain pass 6-7 mi west of cananea."	30.981589	-110.419309	"mexico"	"sonora"	NA	NA	11400	"cupressaceae"	"juniperus"	"deppeana"	NA	"juniperus deppeana"
"78eb3d18-8db1-49fd-97d0-9556eaa32442"	"asu"	NA	"christopher creek govt. camp ground."	34.31	-111.07	"united states"	"arizona"	"gila county"	NA	200	"cupressaceae"	"juniperus"	"deppeana"	NA	"juniperus deppeana"
"79949e18-6809-4389-976b-03bbf869b772"	"asu"	"asu0007071"	"85 km n. of cd. guerrero (or 26.6 km s of madera) on rt. 16, n of temosachic."	29.19	-108.141389	"mexico"	"chihuahua"	NA	NA	26600	"cupressaceae"	"juniperus"	"deppeana"	NA	"juniperus deppeana"
"79eba1cc-71c5-4d4f-9b9b-5b3c3dbef2d1"	"ny"	"19275"	"in the chisos mountains, big bend national park, at boot springs"	29.2414	-103.3081	"united states"	"texas"	"brewster co."	NA	NA	"cupressaceae"	"juniperus"	"deppeana"	"deppeana"	"juniperus deppeana steud. var. deppeana"
"7ac8e9c6-35af-45ad-b178-4caab571e70e"	"des"	"des00074538"	"16 miles north of bagdad."	34.792	-113.0852	"united states"	"arizona"	"yavapai"	NA	NA	"cupressaceae"	"juniperus"	"deppeana"	"sperryi"	"juniperus deppeana var. sperryi"
"7ad0a7d3-8535-4447-80a5-61d88f3bd758"	"asu"	NA	"florida canyon, santa rita mountains."	31.8258	-110.774	"united states"	"arizona"	NA	NA	NA	"cupressaceae"	"juniperus"	"deppeana"	NA	"juniperus deppeana"
"7b172826-cf6d-403d-b311-ac5e2c96a817"	"asc"	"26816"	"½mi up the west fork of oak creek canyon"	34.912377	-111.726886	"united states"	"arizona"	"coconino county"	NA	NA	"cupressaceae"	"juniperus"	"deppeana"	NA	"juniperus deppeana"
"7b48cd50-6e8d-45b0-81ec-a2aeb513f41f"	"asc"	"asc00106496"	"grapevine canyon approx 4 miles n.w. of mayer. 0.54 miles up canyon from trail 4 trailhead on fr87a."	34.42325	-112.312389	"united states"	"arizona"	"yavapai county"	NA	NA	"cupressaceae"	"juniperus"	"deppeana"	NA	"juniperus deppeana"
"7cad1c74-9e7c-46fc-9821-0425b31b1145"	"asc"	"17535"	"schnebly hill rd."	34.88194	-111.67556	"united states"	"arizona"	"coconino county"	NA	NA	"cupressaceae"	"juniperus"	"deppeana"	NA	"juniperus deppeana"
"7e50029b-72df-4e90-ad90-89972059790a"	"asu"	NA	"chiricahua national monument. pickett park."	32.0044	-109.356	"united states"	"arizona"	"cochise county"	NA	NA	"cupressaceae"	"juniperus"	"deppeana"	NA	"juniperus deppeana"
"7e6a7821-86ea-4058-8727-e2a15646e21b"	"asu"	NA	"road from claypool (near globe) to pinal peak. 9.3 mi south of hwy 60."	33.3333	-110.833	"united states"	"arizona"	"gila county"	NA	NA	"cupressaceae"	"juniperus"	"deppeana"	NA	"juniperus deppeana"
"7fc1ab72-7da4-4793-ad35-89809cec7259"	"asu"	NA	"14 miles northeast of payson, 9 miles west of whispering pines junction of bridge and control road."	34.3597	-111.427	"united states"	"arizona"	"gila county"	NA	NA	"cupressaceae"	"juniperus"	"deppeana"	NA	"juniperus deppeana"
"7fe9f1a7-6600-43c2-bafa-d4d1573f4211"	"uefs"	"128048"	"santa cruz county; coronado national, forest, santa rita moutains, madera canyon."	31.71	-110.870278	"united states"	"arizona"	NA	"santa cruz"	NA	"cupressaceae"	"juniperus"	"deppeana"	NA	"juniperus deppeana"
"807873a5-ad07-41c5-8daa-3ee5f470e5a8"	"ny"	"20703"	"in basin, chisos mountains, big bend national park"	29.2758	-103.3025	"united states"	"texas"	"brewster co."	NA	NA	"cupressaceae"	"juniperus"	"deppeana"	"deppeana"	"juniperus deppeana steud. var. deppeana"
"80a7a2db-58ec-4e50-bfa1-49db42901c7f"	"asc"	"42429"	"coconino national forest, 9 mi sw of parks"	35.127	-111.9757	"united states"	"arizona"	"coconino county"	NA	NA	"cupressaceae"	"juniperus"	"deppeana"	NA	"juniperus deppeana"
"81439224-4cd7-42c9-9bcb-f5b6e1d77816"	"asu"	"asu0007084"	"durango: between km 66 and km 68, w of durango on rt. 40."	23.8856022607298	-105.087447166443	"mexico"	"durango"	NA	NA	5000	"cupressaceae"	"juniperus"	"deppeana"	NA	"juniperus deppeana"
"81fb7903-45d4-4d4a-a247-3b4d0965cbcf"	"asc"	"51262"	"coconino national forest, beaver creek watershed 12, happy jack, az"	34.7742	-111.4902	"united states"	"arizona"	"coconino county"	NA	NA	"cupressaceae"	"juniperus"	"deppeana"	NA	"juniperus deppeana"
"821b3aec-540a-474b-a90c-8232a3aadf7e"	"asu"	NA	"catalina mountains, near rose lake."	32.5	-110.921	"united states"	"arizona"	"pima county"	NA	NA	"cupressaceae"	"juniperus"	"deppeana"	NA	"juniperus deppeana"
"83e5f3cd-dd4a-4989-8aca-66aabad7063e"	"des"	"des00006436"	"santa catalina mts., 1 mile below molina basin picnic area via road."	32.328565	-110.69637	"united states"	"arizona"	"pima"	NA	1274	"cupressaceae"	"juniperus"	"deppeana"	NA	"juniperus deppeana"
"85316ccf-6a2f-41b8-8b0a-dce334e2b460"	"asu"	"asu0007031"	"14.2 miles n of coyote on road to huachinera."	30.872116	-112.457575	"mexico"	"sonora"	NA	NA	23000	"cupressaceae"	"juniperus"	"deppeana"	NA	"juniperus deppeana"
"85a05d2f-6ee4-40d0-ba20-6c6e9d9a8f94"	"asu"	NA	"14 miles northeast of payson, 3 miles west of whispering pines junction of bridge and control road."	34.3826	-111.334	"united states"	"arizona"	"gila county"	NA	NA	"cupressaceae"	"juniperus"	"deppeana"	NA	"juniperus deppeana"
"86639247-20a3-466e-bdfc-ee088e70daec"	"asc"	"47930"	"bill williams mountain lookout rd"	35.19944	-112.20417	"united states"	"arizona"	"coconino county"	NA	NA	"cupressaceae"	"juniperus"	"deppeana"	NA	"juniperus deppeana"
"86fc9790-df64-44cd-9978-190b961ce0da"	"uconn"	"conn00101987"	"mount lemmon"	32.37441	-110.6903	"united states"	"arizona"	"pima county"	"tucson"	5000	"cupressaceae"	"juniperus"	"deppeana"	NA	"juniperus deppeana steud."
"87027ab7-eea4-4a1d-8c71-b25e50ecc1cf"	"asu"	NA	"peppersauce canyon."	32.53	-110.7	"united states"	"arizona"	"pinal county"	NA	100	"cupressaceae"	"juniperus"	"deppeana"	NA	"juniperus deppeana"
"87998d0d-8393-4033-9818-f7c376c449ff"	"ny"	"19978"	"municipio gómez farías. laguna de babícora, 15 km. al soroeste de san josé de babícora"	29.1527778	-107.83	"mexico"	"chihuahua"	NA	NA	NA	"cupressaceae"	"juniperus"	"deppeana"	"robusta"	"juniperus deppeana var. robusta martínez"
"87abd471-1ce1-43e2-a529-a4335f242c85"	"asu"	"asu0007083"	"mpio. de el salto. 0.5 mile w of town of buenos aires, on rte 40."	23.6638056367783	-105.722444057465	"mexico"	"durango"	NA	NA	500	"cupressaceae"	"juniperus"	"deppeana"	NA	"juniperus deppeana"
"8967beb5-16c9-4d4c-b1d0-b4218ef07064"	"asu"	"asu0007075"	"puebla: 8.7 miles e of town of rio frio, near km 76 on old rt. 190."	19.344208	-98.588999	"mexico"	"puebla"	NA	NA	5000	"cupressaceae"	"juniperus"	"deppeana"	NA	"juniperus deppeana"
"89faaa7f-f468-4df9-9cfc-876fb8791f1c"	"des"	NA	"tonto national forrest, top-of-the-world,  along hwy. 60 ca, 1 mi. w. of  oak flat campground."	33.3094	-111.06047	"united states"	"arizona"	"pinal county"	NA	NA	"cupressaceae"	"juniperus"	"deppeana"	"sperryi"	"juniperus deppeana subsp. sperryi"
"8a5947b9-a9da-4047-9559-4333cfc071a0"	"asu"	NA	"inspiration 7.5' quad. bloody tanks wash, near miami."	33.386	-110.901	"united states"	"arizona"	"pinal county"	NA	NA	"cupressaceae"	"juniperus"	"deppeana"	NA	"juniperus deppeana"
"8a624e92-8b8c-4ef0-8e2c-404dc6484ae9"	"ny"	"40615"	"loop 118, about 0.5km w of turn to mcdonald observatory"	30.68	-104.12	"united states"	"texas"	"jeff davis co."	NA	NA	"cupressaceae"	"juniperus"	"deppeana"	NA	"juniperus deppeana steud."
"8a84d194-e911-4bea-b090-3c5e4b210023"	"asc"	"747"	"oak creek canyon, nr indian gardens"	34.912377	-111.726886	"united states"	"arizona"	"coconino county"	NA	NA	"cupressaceae"	"juniperus"	"deppeana"	NA	"juniperus deppeana"
"8ab61103-66b0-4789-b4ca-0b7776d982f9"	"asu"	NA	"pinal mountains, south-central arizona, south of the town of globe. at junction of fs roads 651 and 651b."	33.2822	-110.821	"united states"	"arizona"	"gila county"	NA	NA	"cupressaceae"	"juniperus"	"deppeana"	NA	"juniperus deppeana"
"8bb61cc4-07d6-4eb0-8298-cf3ca7f3af41"	"asu"	NA	"10 mi e. bonita stocton pass. pinaleno mountains"	32.5896	-109.796	"united states"	"arizona"	"graham county"	NA	NA	"cupressaceae"	"juniperus"	"deppeana"	NA	"juniperus deppeana"
"8bdcdbf8-2391-4c36-a5b2-e44b69ca3edf"	"asu"	NA	"catalina highway between tucson and mount lemmon. between mile markers 11 and 12."	32.5	-110.921	"united states"	"arizona"	"pima county"	NA	NA	"cupressaceae"	"juniperus"	"deppeana"	NA	"juniperus deppeana"
"8c102b78-cec1-4d7a-8ed6-371b546c8c59"	"asu"	"asu0007110"	"15 km nw of sombrerete at el alamo on rte 45."	23.646489	-103.642877	"mexico"	"zacatecas"	NA	NA	25000	"cupressaceae"	"juniperus"	"deppeana"	NA	"juniperus deppeana"
"8c3a3a51-04f6-4bd7-b704-c1f104d2531b"	"asu"	NA	"landsman camp. central east edge. fsr 277. highly impacted camp in n-s running valley."	32.9691	-110.318	"united states"	"arizona"	"graham county"	NA	NA	"cupressaceae"	"juniperus"	"deppeana"	NA	"juniperus deppeana"
"8c6a2517-3c0b-429f-b372-f3f3c52dff23"	"asc"	"61017"	"stoneman lake, s of flagstaff off i-17 on fr 213, along trail around north side of lake"	35.53333	-111.85	"united states"	"arizona"	"coconino county"	NA	NA	"cupressaceae"	"juniperus"	"deppeana"	NA	"juniperus deppeana"
"8d9b7722-74fb-49cc-9f07-684ba26f628b"	"asu"	"asu0007087"	"2.5 km s of gomez farias, on road to babicora."	29.358827	-107.736204	"mexico"	"chihuahua"	NA	NA	2500	"cupressaceae"	"juniperus"	"deppeana"	NA	"juniperus deppeana"
"8e474e04-539f-45da-a155-d3237074cf30"	"asu"	"asu0007123"	"puebla: 8.7 miles e of town of rio frio, near km 76 on old rt. 190."	19.344208	-98.588999	"mexico"	"puebla"	NA	NA	5000	"cupressaceae"	"juniperus"	"deppeana"	NA	"juniperus deppeana"
"8f66f834-140a-405f-bc72-344cc3177584"	"asc"	"97627"	"rasberry creek trail off of the blue river road"	33.506244	-109.213429	"united states"	"arizona"	"greenlee county"	NA	NA	"cupressaceae"	"juniperus"	"deppeana"	NA	"juniperus deppeana"
"9196445b-61bd-4f93-af45-cebac023469f"	"asu"	NA	"superstition wilderness area. tony ranch trailhead, on forest road 287, ca. 12 mi. from hwy. 60. trail 270."	33.4299	-111.087	"united states"	"arizona"	"pinal county"	NA	NA	"cupressaceae"	"juniperus"	"deppeana"	NA	"juniperus deppeana"
"9203bd99-08d2-4e4a-a9ac-07c522080797"	"ny"	"19212"	"southwestern texas: big bend national park. basin"	29.2758	-103.3025	"united states"	"texas"	"brewster co."	NA	NA	"cupressaceae"	"juniperus"	"deppeana"	"deppeana"	"juniperus deppeana steud. var. deppeana"
"928efdae-71d9-4876-8a50-990378e8c1f8"	"ny"	"158724"	"north edge of mesa el campañero"	28.3736	-109.0333	"mexico"	"sonora"	NA	NA	NA	"cupressaceae"	"juniperus"	"deppeana"	NA	"juniperus deppeana steud."
"92b07d36-cf75-4ed0-b68d-f182094559b5"	"asu"	NA	"copper basin wash."	34.49	-112.58	"united states"	"arizona"	"yavapai county"	NA	200	"cupressaceae"	"juniperus"	"deppeana"	NA	"juniperus deppeana"
"92cf6bd0-a156-44e4-836b-44bad67c1c3f"	"asu"	"asu0007119"	"mpio. de el salto. 6.6 km e of la ciudad (about 25 km w of el salto on rte 40)."	23.6965638020897	-105.723752975464	"mexico"	"durango"	NA	NA	1000	"cupressaceae"	"juniperus"	"deppeana"	NA	"juniperus deppeana"
"92d33c5a-2b58-40df-8c7d-f103854687dd"	"asu"	NA	"chiricahua wilderness area, chiricahua mountains."	31.85	-109.283	"united states"	"arizona"	"cochise county"	NA	NA	"cupressaceae"	"juniperus"	"deppeana"	"pachyphlaea"	"juniperus deppeana var. pachyphlaea"
"92ef11dc-4f6f-4309-838f-d40ba0f9c52e"	"ny"	"19214"	"southwestern texas: big bend national park. near basin"	29.2758	-103.3025	"united states"	"texas"	"brewster co."	NA	NA	"cupressaceae"	"juniperus"	"deppeana"	"deppeana"	"juniperus deppeana steud. var. deppeana"
"9352c813-c263-42e5-8b1c-7b6652c0a51f"	"asu"	"asu0007130"	"on rte 45, 9.6 mi nw of sombrerete."	23.646489	-103.642877	"mexico"	"zacatecas"	NA	NA	25000	"cupressaceae"	"juniperus"	"deppeana"	NA	"juniperus deppeana"
"943845d6-6a30-4abd-9e9b-f4c065a1f1a0"	"asu"	"asu0007033"	"on llanos de perote, just e of perpte near abondoned hospital or factory."	19.5667	-97.2333	"mexico"	"veracruz"	NA	NA	NA	"cupressaceae"	"juniperus"	"deppeana"	NA	"juniperus deppeana"
"946f2882-f482-4f90-8113-410ad60c922a"	"asu"	"asu0007090"	"at n egde of jiminez del teul near km 79 on rte 15, (road from sombrerete)."	23.1667	-104.083	"mexico"	"zacatecas"	NA	NA	NA	"cupressaceae"	"juniperus"	"deppeana"	NA	"juniperus deppeana"
"94cf0ac5-2b77-41d1-a16d-5d558d6e0439"	"asu"	NA	"10 miles e. bonita stocton pass. inaleno mountains"	32.5896	-109.796	"united states"	"arizona"	"graham county"	NA	NA	"cupressaceae"	"juniperus"	"deppeana"	NA	"juniperus deppeana"
"94cf484a-8eae-4b22-b0fc-839f9b17de1d"	"asu"	"asu0007115"	"durango: appx. 1 km s of rt. 40 at hacienda coyotes (appx. 2 km e of el salto)."	23.8526365550773	-105.308632850647	"mexico"	"durango"	NA	NA	5000	"cupressaceae"	"juniperus"	"deppeana"	NA	"juniperus deppeana"
"94f28bd6-fbc9-4be7-9bbe-40dc21092512"	"asu"	"asu0007038"	"chihuahua: 2.6 km n of cd. guerrero on rt. 16 near town dump."	28.55	-107.5	"mexico"	"chihuahua"	NA	NA	NA	"cupressaceae"	"juniperus"	"deppeana"	NA	"juniperus deppeana"
"95db7125-bc76-493a-a9af-f8006c510f1c"	"asu"	"asu0007018"	"0.4 mi s of san antonio atzitzintla ca. 6 mi ne of esperanza. small hills s of pico de orizaba. se-facing rocky slopes."	18.857725	-97.373564	"mexico"	"puebla"	NA	NA	25000	"cupressaceae"	"juniperus"	"deppeana"	NA	"juniperus deppeana"
"97c30f52-e4d8-437d-9b7c-1d70f94ed142"	"ny"	"688846"	"apache national forest,  pulloff on sr 261, 3.8 miles s of junction with sr 260."	34.06722222	-109.3530556	"united states"	"arizona"	"apache co."	NA	NA	"cupressaceae"	"juniperus"	"deppeana"	NA	"juniperus deppeana steud."
"97e2f7c5-4031-4fa5-b18f-ee0236f70274"	"asu"	"asu0007141"	"1.8 km s of mina dolores, (just n of chalchihuites), near km 44 on rte 15 (from sombrerete)."	23.476912	-103.882465	"mexico"	"zacatecas"	NA	NA	1000	"cupressaceae"	"juniperus"	"deppeana"	NA	"juniperus deppeana"
"97fd81bd-14f0-4971-9b5f-284ef5fd41da"	"asu"	NA	"ponderosa campground. (payson)."	34.2989	-111.114	"united states"	"arizona"	"gila county"	NA	NA	"cupressaceae"	"juniperus"	"deppeana"	NA	"juniperus deppeana"
"9812dd64-2f72-46fb-9437-d38362a7096b"	"asu"	"asu0007057"	"36.6 km w of nicholas bravo on road from nuevo madera."	28.648791	-106.029726	"mexico"	"chihuahua"	NA	NA	36000	"cupressaceae"	"juniperus"	"deppeana"	NA	"juniperus deppeana"
"987ec64a-5716-4df6-83cf-e0c950f1f903"	"des"	"des00068755"	"apache-sitgreaves national forest.  rasberry creek trail off of the blue river road."	33.506244	-109.213429	"united states"	"arizona"	"greenlee county"	NA	NA	"cupressaceae"	"juniperus"	"deppeana"	NA	"juniperus deppeana"
"98da0b27-bd18-4f98-b1b8-c4b0378262dd"	"asc"	"40113"	"camp junipine, oak creek canyon"	34.912377	-111.726886	"united states"	"arizona"	"coconino county"	NA	NA	"cupressaceae"	"juniperus"	"deppeana"	NA	"juniperus deppeana"
"9907873f-3c9c-444d-b952-3ac59c0cf1de"	"asu"	"asu0007140"	"1.8 km s of mina dolores, (just n of chalchihuites), near km 44 on rte 15 (from sombrerete)."	23.476912	-103.882465	"mexico"	"zacatecas"	NA	NA	1000	"cupressaceae"	"juniperus"	"deppeana"	NA	"juniperus deppeana"
"9932d575-8e6a-4eca-b376-ea0f84644363"	"asu"	NA	"pinal peak, russel road turnoff, 14.9 miles on forest service rd 651 at trailhead marker #198 and ice house canyon turnoff.  pine-oak belt"	33.2926	-110.826	"united states"	"arizona"	"gila county"	NA	NA	"cupressaceae"	"juniperus"	"deppeana"	NA	"juniperus deppeana"
"99c1b31a-1165-4a6c-8c37-1bf85c932f50"	"asc"	"68805"	"walnut canyon national monument; at the confluence of apache and walnut creeks, ca. 50k nnw of prescott; indian peak quadrangle"	34.91979	-112.84408	"united states"	"arizona"	"yavapai county"	NA	NA	"cupressaceae"	"juniperus"	"deppeana"	NA	"juniperus deppeana"
"9ae31d4a-9aaa-4229-b229-17e97ca0abc5"	"asu"	"asu0007072"	"hidalgo: 0.2 mile n of el chico turnoff of rt. 105 or 6.5 miles n of monument plaza of pachuca."	20.116667	-98.733333	"mexico"	"hidalgo"	NA	NA	20000	"cupressaceae"	"juniperus"	"deppeana"	NA	"juniperus deppeana"
"9b00c431-9133-4e53-8f3d-c830037b2537"	"asu"	"asu0007017"	"7.7 mi sw yecora (road to la mesa del campanero). area known locally as el puerto de los huesos"	28.333826	-109.034858	"mexico"	"sonora"	NA	NA	11400	"cupressaceae"	"juniperus"	"deppeana"	NA	"juniperus deppeana"
"9c2fbcab-b256-4433-a389-5960e1883f73"	"asc"	"23317"	"schnebly hill"	34.88194	-111.67556	"united states"	"arizona"	"coconino county"	NA	NA	"cupressaceae"	"juniperus"	"deppeana"	NA	"juniperus deppeana"
"9c697afe-232f-4f67-945f-f62b03a88e8f"	"asu"	"asu0007117"	"durango: appx. 40 km s of el salto, at n edge of large lumber village."	23.4389350220419	-105.368478298187	"mexico"	"durango"	NA	NA	10000	"cupressaceae"	"juniperus"	"deppeana"	NA	"juniperus deppeana"
"9d4a71c4-de08-4b17-a532-54ffcdf5bbdc"	"asu"	NA	"3.1 mi south of hwy 260 on rd. to young, 5.6 mi west on fs 291. at junction with fs 411.  conifer-oak forest adjacent to chaparral."	34.2541	-110.88	"united states"	"arizona"	"gila county"	NA	NA	"cupressaceae"	"juniperus"	"deppeana"	NA	"juniperus deppeana"
"9daa7e2e-af81-4bcb-ae60-80b51583af93"	"ny"	"19211"	"southwestern texas: big bend national park. near basin"	29.2758	-103.3025	"united states"	"texas"	"brewster co."	NA	NA	"cupressaceae"	"juniperus"	"deppeana"	"deppeana"	"juniperus deppeana steud. var. deppeana"
"9e2641a9-9507-49c5-87ff-71e88b9378e3"	"asu"	"asu0007139"	"chihuahua: 0.1 km e of km 120 on rt. 16 near pdenernales appx. 20 km w cuauhtemoc."	28.4	-107.1	"mexico"	"chihuahua"	NA	NA	NA	"cupressaceae"	"juniperus"	"deppeana"	NA	"juniperus deppeana"
"9e4b76d1-a87d-4e95-b0fc-3e8c31530702"	"ny"	"274694"	"6 miles west on portal on fr 42."	31.8994	-109.2236	"united states"	"arizona"	"cochise co."	NA	NA	"cupressaceae"	"juniperus"	"deppeana"	NA	"juniperus deppeana steud."
"a0c87398-0370-4cf1-a5ad-b7aff130b185"	"asu"	NA	"payson, az.  at junction of highway 87 and houston mesa rd."	34.2758	-111.304	"united states"	"arizona"	"coconino county"	NA	NA	"cupressaceae"	"juniperus"	"deppeana"	NA	"juniperus deppeana"
"a0d0d626-1cef-4bfc-b054-505d8b4d1e90"	"des"	"des00036173"	"7 airline miles ese of payson, just n of fsr 371 and 1/4 mi s of fsr 454."	34.211111	-111.229167	"united states"	"arizona"	"gila"	NA	NA	"cupressaceae"	"juniperus"	"deppeana"	NA	"juniperus deppeana"
"a0d10ab9-c090-4976-ab4b-c204efa565cf"	"asu"	"asu0007093"	"at n egde of jiminez del teul near km 79 on rte 15, (road from sombrerete)."	23.1667	-104.083	"mexico"	"zacatecas"	NA	NA	NA	"cupressaceae"	"juniperus"	"deppeana"	NA	"juniperus deppeana"
"a1119e89-1522-43b1-90f9-c3ff9f0a75b3"	"asu"	"asu0007111"	"durango: appx. 36 km s of el salto (or about 4.8 km n of large lumbering village, which is 40 km s of el salto)."	23.4389350220419	-105.368478298187	"mexico"	"durango"	NA	NA	10000	"cupressaceae"	"juniperus"	"deppeana"	NA	"juniperus deppeana"
"a12227ce-e65c-467e-9431-8acb054b65f8"	"asu"	"asu0007101"	"mpio. de el salto. 6.6 km e of la ciudad (about 25 km w of el salto on rte 40)."	23.6965638020897	-105.723752975464	"mexico"	"durango"	NA	NA	1000	"cupressaceae"	"juniperus"	"deppeana"	NA	"juniperus deppeana"
"a4312c34-94fb-4b37-8cc7-2349c50dd349"	"asu"	"asu0007097"	"durango: puerto buenos aires, w of el salto."	23.6740544999078	-105.726006031036	"mexico"	"durango"	NA	NA	500	"cupressaceae"	"juniperus"	"deppeana"	NA	"juniperus deppeana"
"a4fefe33-1ad6-4944-9a41-eebaf8777fef"	"asu"	"asu0007114"	"durango: appx. 1 km s of rt. 40 at hacienda coyotes (appx. 2 km e of el salto)."	23.8526365550773	-105.308632850647	"mexico"	"durango"	NA	NA	5000	"cupressaceae"	"juniperus"	"deppeana"	NA	"juniperus deppeana"
"a5761679-bb0a-42e3-8a55-c9cabe12df07"	"asu"	"asu0007060"	"mpio. de el salto. 6.6 km e of la ciudad (about 25 km w of el salto on rte 40)."	23.6965638020897	-105.723752975464	"mexico"	"durango"	NA	NA	1000	"cupressaceae"	"juniperus"	"deppeana"	NA	"juniperus deppeana"
"a5768108-a072-4421-851c-adc3786003da"	"asc"	"87355"	"aztec ruins national monument, waste areas around buildings and parking lot"	36.8321837604513	-108.000773583496	"united states"	"new mexico"	"san juan county"	NA	NA	"cupressaceae"	"juniperus"	"deppeana"	NA	"juniperus deppeana"
"a5c46072-0896-47f0-a26f-8e1adfa1c150"	"asu"	NA	"parker canyon lake campground."	31.43	-110.45	"united states"	"arizona"	"santa cruz county"	NA	100	"cupressaceae"	"juniperus"	"deppeana"	NA	"juniperus deppeana"
"a5c644fe-1435-4823-9e01-13393e2097c3"	"asu"	NA	"north of prescott."	34.54	-112.468	"united states"	"arizona"	"yavapai county"	NA	NA	"cupressaceae"	"juniperus"	"deppeana"	NA	"juniperus deppeana"
"a7a29040-7f9c-43ac-91f5-5c28c4222948"	"des"	"des00057688"	"tonto national forest. pleasant valley about 1/2 mile north of town limit, 300 m walk west of hwy 288,"	34.116667	-110.916667	"united states"	"arizona"	"gila county"	NA	NA	"cupressaceae"	"juniperus"	"deppeana"	NA	"juniperus deppeana"
"a7d3316d-e98a-410d-8ed5-2ae5849cc376"	"asu"	NA	"fort grant."	32.6228	-109.945	"united states"	"arizona"	"graham county"	NA	NA	"cupressaceae"	"juniperus"	"deppeana"	"pachyphlaea"	"juniperus deppeana var. pachyphlaea"
"a81008dd-ce8f-4f4f-968e-0469f2792645"	"des"	"des00062626"	"apachehi. tonto national forest. red reock spring. along red rock spring trail."	34.367033	-111.397017	"united states"	"arizona"	"gila county"	NA	NA	"cupressaceae"	"juniperus"	"deppeana"	NA	"juniperus deppeana"
"a82a3242-89ae-4d63-ba63-8eb370102c0b"	"asu"	NA	"inspiration 7.5' quad., sycamore spring, west of day peaks, ca. 3 miles northwest of miami, az."	33.4294	-110.936	"united states"	"arizona"	"gila county"	NA	NA	"cupressaceae"	"juniperus"	"deppeana"	NA	"juniperus deppeana"
"aa774ef6-dc6a-4074-8a48-b74d45dbf12a"	"ny"	"1731823"	"16 miles north of bagdad"	34.7961	-113.08214	"united states"	"arizona"	"yavapai co."	NA	NA	"cupressaceae"	"juniperus"	"deppeana"	"sperryi"	"juniperus deppeana f. sperryi (correll) r.p.adams"
"aa87ff71-3139-49bd-baa5-8cda89c4c95c"	"asu"	"asu0007096"	"durango: appx. 27 km w of el salto, near km 121, w of las adjuntas."	23.7333	-105.517	"mexico"	"durango"	NA	NA	NA	"cupressaceae"	"juniperus"	"deppeana"	NA	"juniperus deppeana"
"aaa722e4-dd68-4fcf-bf19-cddbb4154f3f"	"asu"	NA	"galiuro mountains, high creek canyon."	32.5909	-110.278	"united states"	"arizona"	"graham county"	NA	NA	"cupressaceae"	"juniperus"	"deppeana"	NA	"juniperus deppeana"
"aaf3d8d1-f657-4595-ba8f-c59e4f409275"	"uconn"	"conn00101986"	"mount lemmon"	32.37441	-110.69086	"united states"	"arizona"	"pima county"	"tucson"	5000	"cupressaceae"	"juniperus"	"deppeana"	NA	"juniperus deppeana steud."
"abb7024d-2acf-4ab2-aa5d-9ea3832410b0"	"asu"	"asu0007066"	"15 km nw of sombrerete at el alamo on rte 45."	23.646489	-103.642877	"mexico"	"zacatecas"	NA	NA	25000	"cupressaceae"	"juniperus"	"deppeana"	NA	"juniperus deppeana"
"acb6f504-ae88-4150-8c0a-2504470f0c76"	"asu"	NA	"mt. ord.  approximately 5.5 miles east of highway 87 on fs 626 at intersection with fs 27.  approx. 50 feet or so down fs 27 from junction."	33.9269	-111.399	"united states"	"arizona"	"gila"	NA	NA	"cupressaceae"	"juniperus"	"deppeana"	NA	"juniperus deppeana"
"acdeafbe-1c37-4f4b-8e9c-b1ffac19f045"	"asu"	NA	"swift canyon trail, 14 mi from junction with rt. 666 in penaleno mountains"	32.7	-109.77	"united states"	"arizona"	"graham county"	NA	NA	"cupressaceae"	"juniperus"	"deppeana"	NA	"juniperus deppeana"
"ace354ef-a443-4a6e-852a-ca0463ad40e5"	"asu"	"asu0007094"	"at n egde of jiminez del teul near km 79 on rte 15, (road from sombrerete)."	23.1667	-104.083	"mexico"	"zacatecas"	NA	NA	NA	"cupressaceae"	"juniperus"	"deppeana"	NA	"juniperus deppeana"
"ad7436f0-fd71-4360-9780-7980f6f2bfde"	"asc"	"50108"	"cochise stronghold st park, 45 mi se of tucson; cochise trail 50 m beyond mileage sign"	31.650652	-109.375892	"united states"	"arizona"	"cochise county"	NA	NA	"cupressaceae"	"juniperus"	"deppeana"	NA	"juniperus deppeana"
"adf8851e-afc7-4567-a675-a7de8b777c03"	"asu"	NA	"chase creek, north of cifton; along hwy 666."	33.1653	-109.367	"united states"	"arizona"	"greenlee county"	NA	NA	"cupressaceae"	"juniperus"	"deppeana"	NA	"juniperus deppeana"
"ae3ba586-2188-4c46-b22a-4a8f6bdb3cba"	"asu"	"asu0007135"	"chihuahua: 0.1 km e of km 120 on rt. 16 near pdenernales appx. 20 km.w cuauhtemoc."	28.4	-107.1	"mexico"	"chihuahua"	NA	NA	NA	"cupressaceae"	"juniperus"	"deppeana"	NA	"juniperus deppeana"
"ae3bdb86-f62a-4e30-bfa4-fe6c72267b33"	"dbg"	"khd00003191"	NA	31.360254	-110.299732	"united states"	"arizona"	"cochise"	NA	NA	"cupressaceae"	"juniperus"	"deppeana"	NA	"juniperus deppeana"
"b0271c11-6487-4322-beab-444d886e17f0"	"asu"	NA	"santa rita experimental range and wildlife area. east of forest rd. 481."	31.7679	-110.848	"united states"	"arizona"	"pima county"	NA	NA	"cupressaceae"	"juniperus"	"deppeana"	NA	"juniperus deppeana"
"b0358f26-50c1-4f15-8d2f-d6abcd930f72"	"asu"	NA	"mt. ord.  approx. 0.6 miles before top of mt. ord along fs 626."	33.913	-111.401	"united states"	"arizona"	"gila"	NA	NA	"cupressaceae"	"juniperus"	"deppeana"	NA	"juniperus deppeana"
"b06eb442-0a41-4a45-b544-dbd8f6e51f98"	"asu"	NA	"20 miles northeast of tucson, catalina hwy, molina canyon, santa catalina mountains,  juniper-nolina community."	32.3017	-110.712	"united states"	"arizona"	"pima county"	NA	NA	"cupressaceae"	"juniperus"	"deppeana"	NA	"juniperus deppeana"
"b0acbbc9-8b80-47e8-a279-ffdb0b9b6eab"	"asu"	NA	"mingus mountain"	34.69	-112.13	"united states"	"arizona"	"yavapai county"	NA	200	"cupressaceae"	"juniperus"	"deppeana"	NA	"juniperus deppeana"
"b18227d9-63c5-4988-955d-39a2b8d34377"	"des"	"des00002187"	"tex canyon east of limestone mt. chiricahua mts."	31.673761	-109.313896	"united states"	"arizona"	"cochise"	NA	3012	"cupressaceae"	"juniperus"	"deppeana"	NA	"juniperus deppeana"
"b1c85886-80a1-48a3-9ace-c30af67cbc53"	"asu"	NA	"stewart camp in chiricahua mountains."	31.9297	-109.382	"united states"	"arizona"	"cochise county"	NA	NA	"cupressaceae"	"juniperus"	"deppeana"	NA	"juniperus deppeana"
"b25fc367-bfcd-4e90-80f7-df86dc216766"	"asu"	NA	"gardner canyon, near onyx cave."	31.7903	-110.589	"united states"	"arizona"	"pima county"	NA	NA	"cupressaceae"	"juniperus"	"deppeana"	NA	"juniperus deppeana"
"b2746137-b583-4a5e-941b-3dc68a8fc7cb"	"ku"	"357364"	"lake roberts"	33.02718	-108.155	"united states"	"new mexico"	"grant"	NA	NA	"cupressaceae"	"juniperus"	"deppeana"	NA	"juniperus deppeana var. deppeana"
"b352e40c-5ed8-482f-a7cd-c284dfe04ebc"	"ny"	"19264"	"mountain slopes near fort davis"	30.587889	-103.894225	"united states"	"texas"	"jeff davis co."	NA	5000	"cupressaceae"	"juniperus"	"deppeana"	"deppeana"	"juniperus deppeana steud. var. deppeana"
"b357251f-2b20-4bbb-b721-a7038e5e547d"	"ny"	"622282"	"ca. 54 miles sw of big bend national park in the s end of sierra maderas del carmen in cañon del alamo; 0.5 mile ne of rancho san isidro"	28.9	-102.55	"mexico"	"coahuila de zaragoza"	NA	NA	NA	"cupressaceae"	"juniperus"	"deppeana"	"deppeana"	"juniperus deppeana steud. var. deppeana"
"b3a37566-2357-4690-ab45-405c3e466f2e"	"asu"	"asu0007074"	"tlaxcala: 14.2 km n of apizaco on rt. 119."	19.551338	-98.129401	"mexico"	"tlaxcala"	NA	NA	3000	"cupressaceae"	"juniperus"	"deppeana"	NA	"juniperus deppeana"
"b4b86965-5fb7-441d-a1f5-c2fd1dd72e1d"	"asu"	"asu0007029"	"at n egde of jiminez del teul near km 79 on rte 15, (road from sombrerete)."	23.1667	-104.083	"mexico"	"zacatecas"	NA	NA	NA	"cupressaceae"	"juniperus"	"deppeana"	NA	"juniperus deppeana"
"b557dc23-ab8a-475b-a750-060cac541b50"	"asc"	"70898"	"tonto national forest, geronimo camp rd and 440 intersection"	33.83333	-111.41667	"united states"	"arizona"	"gila county"	NA	NA	"cupressaceae"	"juniperus"	"deppeana"	NA	"juniperus deppeana"
"b5f08a93-d007-4bc9-b9d8-c2322102eb6b"	"des"	"des00040856"	"parker canyon lake campground."	31.427986	-110.451427	"united states"	"arizona"	"santa cruz"	NA	1179	"cupressaceae"	"juniperus"	"deppeana"	NA	"juniperus deppeana"
"b6c7a9de-c634-4b6c-aba5-317eb3540ef8"	"asu"	"asu0007061"	"36.3 km w of nicholas bravo on road from nuevo madera."	28.648791	-106.029726	"mexico"	"chihuahua"	NA	NA	36000	"cupressaceae"	"juniperus"	"deppeana"	NA	"juniperus deppeana"
"b77e3aee-946c-4587-b6a1-9a0827f7830c"	"asu"	NA	"camp geronimo"	34.4086	-111.376	"united states"	"arizona"	"gila county"	NA	NA	"cupressaceae"	"juniperus"	"deppeana"	NA	"juniperus deppeana"
"b7af2d65-07cc-4fb2-bd45-8ab9a9f6a0b1"	"asc"	"10537"	"5mi e of prescott clover-leaf, highway 69"	34.54	-112.46778	"united states"	"arizona"	"yavapai county"	NA	NA	"cupressaceae"	"juniperus"	"deppeana"	NA	"juniperus deppeana"
"b83becc4-5da4-421f-8693-4c6b1593db98"	"asu"	NA	"ariz. 160, 9 miles east of pinedale."	34.3074	-110.093	"united states"	"arizona"	"navajo county"	NA	NA	"cupressaceae"	"juniperus"	"deppeana"	NA	"juniperus deppeana"
"b910d81c-6084-4008-b312-c4c216ae7a0a"	"asu"	"asu0059780"	"sierra de bacadehuachi, 16.5 km (by air) ene of bacadehuachi, rincon de guadalupe, arroyo campo los padres (rio riito drainage)"	29.843653	-108.976694	"mexico"	"sonora"	NA	NA	NA	"cupressaceae"	"juniperus"	"deppeana"	"patoniana"	"juniperus deppeana var. patoniana"
"b9b6381f-a94e-4948-992c-ae0221442139"	"asu"	"asu0007056"	"36.3 km w of nicholas bravo on road from nuevo madera."	28.648791	-106.029726	"mexico"	"chihuahua"	NA	NA	36000	"cupressaceae"	"juniperus"	"deppeana"	NA	"juniperus deppeana"
"ba4a9836-3760-44ff-8a2b-324a313cdcfb"	"asu"	"asu0007082"	"mpio. de el salto. 6.6 km e of la ciudad (about 25 km w of el salto on rte 40)."	23.6965638020897	-105.723752975464	"mexico"	"durango"	NA	NA	1000	"cupressaceae"	"juniperus"	"deppeana"	NA	"juniperus deppeana"
"bb2a2325-eaec-4ef1-acf8-8d9c57d8cae6"	"asu"	"asu0007127"	"chihuahua: 7.3 km se of (san geronimo) huejotitan on old dirt road to san francisco del oro."	27.0667	-106.2	"mexico"	"chihuahua"	NA	NA	NA	"cupressaceae"	"juniperus"	"deppeana"	NA	"juniperus deppeana"
"bc10d3a6-5078-4083-a1f4-c58d49564213"	"des"	"des00018612"	"mouth of canyon de santa clara, sierra del nido, west of laguna de encinillas, n of hwy. 45 chihuahua."	29.479544	-106.355568	"mexico"	"chihuahua"	NA	NA	5000	"cupressaceae"	"juniperus"	"deppeana"	NA	"juniperus deppeana"
"bc7814c6-ac24-427a-a5f6-9ff266fee0b1"	"dbg"	"khd00021403"	"1.7 mi sw from the cochise trail eastern trailhead, 10 mi w of hwy 191, cochise stronghold waypoint - 31 55' 15 n 109 58' 2"" w"""	32.048451	-109.941707	"united states"	"arizona"	"cochise county"	NA	9668	"cupressaceae"	"juniperus"	"deppeana"	NA	"juniperus deppeana"
"bc78fb5a-0f32-4394-9a87-a0b50cde860b"	"asu"	NA	"pinaleno mountains shake spring trail."	32.69	-109.863	"united states"	"arizona"	"graham county"	NA	NA	"cupressaceae"	"juniperus"	"deppeana"	NA	"juniperus deppeana"
"bccc4be9-179b-4a77-b9ac-8f5c164560e5"	"asu"	"asu0007106"	"durango: appx. 21.7 km s of el salto on road to pueblo nuevo."	23.783333	-105.366667	"mexico"	"durango"	NA	NA	95000	"cupressaceae"	"juniperus"	"deppeana"	NA	"juniperus deppeana"
"bcdbf288-8718-4960-a004-9d4d7718beb8"	"asu"	NA	"14 miles northeast of payson, 3 miles west of whispering pines junction of bridge and control road."	34.3826	-111.334	"united states"	"arizona"	"gila county"	NA	NA	"cupressaceae"	"juniperus"	"deppeana"	NA	"juniperus deppeana"
"becfea99-79f3-453d-8e68-227b382f72d9"	"asu"	NA	"dragoon mountains, cochise stronghold campground of coronado national forest."	31.925	-109.967	"united states"	"arizona"	"cochise county"	NA	NA	"cupressaceae"	"juniperus"	"deppeana"	NA	"juniperus deppeana"
"bfb0ed42-2d4c-4cf0-9b09-76170d619acb"	"asu"	"asu0007118"	"36.3 km w of nicholas bravo on road from nuevo madera."	28.648791	-106.029726	"mexico"	"chihuahua"	NA	NA	36000	"cupressaceae"	"juniperus"	"deppeana"	NA	"juniperus deppeana"
"c02f9b64-91ec-4acb-8d37-2d4ab160e8bd"	"asu"	NA	"coconino national forest, west clear creek wilderness area, west clear creek, canyon, north rim, buckhorn ranch, in canyon draw into west clear creek, elevation 5800 ft, usgs quad. buckhorn mtn, ariz., usda permit lov0048, bond, r"	34.563396	-111.539375	"united states"	"arizona"	"yavapai"	NA	NA	"cupressaceae"	"juniperus"	"deppeana"	NA	"juniperus deppeana"
"c234ba06-3bb3-409d-91c6-a1113446f0ad"	"asu"	"asu0007124"	"hidalgo: on rt. 105, at el chico turnoff, 10.5 km n of monument plaza of pachuca."	20.116667	-98.733333	"mexico"	"hidalgo"	NA	NA	20000	"cupressaceae"	"juniperus"	"deppeana"	NA	"juniperus deppeana"
"c3237bf6-93e0-4232-91f4-c06f364701cf"	"asc"	"74034"	"coronado national forest, dragoon mts, 12 mi ne from tombstone on f.r. 345;"	31.86666667	-109.966667	"united states"	"arizona"	"cochise county"	NA	NA	"cupressaceae"	"juniperus"	"deppeana"	NA	"juniperus deppeana"
"c3c8e475-57bf-4241-ab65-0a57a065ab84"	"asu"	"asu0007099"	"durango: at km 76, w of durango, on s side of rt. 40."	24.034462	-104.656318	"mexico"	"durango"	NA	NA	75000	"cupressaceae"	"juniperus"	"deppeana"	NA	"juniperus deppeana"
"c4abfb5e-6b4f-449f-9e98-fa78e738db77"	"asu"	NA	"sierra ancha wilderness area, on top of aztec peak east of lookout tower."	33.8048	-110.904	"united states"	"arizona"	"gila county"	NA	NA	"cupressaceae"	"juniperus"	"deppeana"	NA	"juniperus deppeana"
"c4fb896d-2051-4c03-a5b6-c1d59fccc679"	"asu"	"asu0007136"	"10.6 miles w of town square of cuauhtemoc, near casa colorado on rt. 16."	28.407878	-106.876842	"mexico"	"chihuahua"	NA	NA	17000	"cupressaceae"	"juniperus"	"deppeana"	NA	"juniperus deppeana"
"c551128e-bb2f-4769-9193-c5587c0416b1"	"asu"	"asu0007079"	"mpio. de el salto. 0.5 mile w of town of buenos aires, on rte 40."	23.6638056367783	-105.722444057465	"mexico"	"durango"	NA	NA	500	"cupressaceae"	"juniperus"	"deppeana"	NA	"juniperus deppeana"
"c6507ea1-049b-4a1c-8282-531095a5a98b"	"asu"	NA	"payson"	34.2308	-111.324	"united states"	"arizona"	"gila county"	NA	NA	"cupressaceae"	"juniperus"	"deppeana"	NA	"juniperus deppeana"
"c786f067-0ec6-4b74-9aa5-8e82cc89791c"	"asu"	NA	"stone cabin canyon, santa rita mountains."	31.8258	-110.774	"united states"	"arizona"	"pima county"	NA	NA	"cupressaceae"	"juniperus"	"deppeana"	NA	"juniperus deppeana"
"c7baf3b3-e821-4366-a940-d0ed6b8a934f"	"asu"	NA	"christopher creek government camp ground."	34.3152	-111.016	"united states"	"arizona"	"gila county"	NA	NA	"cupressaceae"	"juniperus"	"deppeana"	NA	"juniperus deppeana"
"c80c872c-91ae-46df-89e3-6fe3b01a7716"	"asc"	"56269"	"w slope of old caves crater; doney park"	36.788417	-111.546587	"united states"	"arizona"	"coconino county"	NA	NA	"cupressaceae"	"juniperus"	"deppeana"	NA	"juniperus deppeana"
"c8487b13-3579-4147-aad7-768ca9392f4b"	"ny"	"19213"	"southwestern texas: big bend national park. in and about the basin"	29.2758	-103.3025	"united states"	"texas"	"brewster co."	NA	NA	"cupressaceae"	"juniperus"	"deppeana"	"deppeana"	"juniperus deppeana steud. var. deppeana"
"c859716e-a212-4064-8dff-73f35ae9df8e"	"asu"	"asu0007022"	"mpio. de zempoala. cerro de xihuingo, san gabriel."	19.883333	-98.6	"mexico"	"hidalgo"	NA	NA	5000	"cupressaceae"	"juniperus"	"deppeana"	NA	"juniperus deppeana"
"c8a601dc-17d5-4a01-92c2-66c2a40cdc2c"	"ny"	"19286"	"head of green gulch, chisos mountains, big bend national park"	29.2861	-103.28	"united states"	"texas"	"brewster co."	NA	NA	"cupressaceae"	"juniperus"	"deppeana"	"deppeana"	"juniperus deppeana steud. var. deppeana"
"c8b13f4f-1344-4ec7-90a2-2b6c7164e98a"	"asu"	"asu0007089"	"2.5 km s of gomez farias, on road to babicora."	29.358827	-107.736204	"mexico"	"chihuahua"	NA	NA	2500	"cupressaceae"	"juniperus"	"deppeana"	NA	"juniperus deppeana"
"c8e71241-ec5f-4619-8be9-6ece3110e277"	"asu"	NA	"arivaca-pena blanca road, 13 miles southeast of arivaca."	31.4551	-111.239	"united states"	"arizona"	"santa cruz county"	NA	NA	"cupressaceae"	"juniperus"	"deppeana"	NA	"juniperus deppeana"
"c9678536-8f52-4f98-ac83-b3cbaf6abe0b"	"des"	"des00035112"	"sierra ancha mountains and wilderness, directly east of cold water canyon, just east ca 250 yds, of fsr 203."	33.868816	-110.925636	"united states"	"arizona"	"gila"	NA	20000	"cupressaceae"	"juniperus"	"deppeana"	NA	"juniperus deppeana"
"ca7f17cd-4a8b-4679-9d21-015aa205f756"	"asu"	NA	"vicinity of antelope spring, upper antelope wash in the weaver mountains quad: yarnell 7.5'.  distribution & abundance: uncommon in this area. exposure: se."	34.209	-112.814	"united states"	"arizona"	"yavapai county"	NA	NA	"cupressaceae"	"juniperus"	"deppeana"	NA	"juniperus deppeana"
"ca93a64a-c61c-4656-bf99-377ea7ad280d"	"asu"	NA	"14 miles northeast of payson, 9 miles west of whispering pines junction of bridge and control road."	34.3597	-111.427	"united states"	"arizona"	"gila county"	NA	NA	"cupressaceae"	"juniperus"	"deppeana"	NA	"juniperus deppeana"
"cc03e0bb-42e7-4078-be8c-f60746c81b7c"	"asu"	NA	"ca. 4 mi. n. of morenci on hwy. 666."	33.1575	-109.366	"united states"	"arizona"	"greenlee county"	NA	NA	"cupressaceae"	"juniperus"	"deppeana"	NA	"juniperus deppeana"
"ccfd7b60-f5fc-4066-b0a2-ab6dd58df0ae"	"asc"	"12934"	"sedona, indian head bridge"	34.86972	-111.76028	"united states"	"arizona"	"coconino county"	NA	NA	"cupressaceae"	"juniperus"	"deppeana"	NA	"juniperus deppeana"
"cd3db037-e38f-41ac-bae9-2d97c6087f0c"	"asu"	NA	"pinal peak, russel road turnoff, 14.9 miles along forest service rd # 651at the ice house canyon/trail 198 turnoff. pine-oak belt"	33.2926	-110.826	"united states"	"arizona"	"gila county"	NA	NA	"cupressaceae"	"juniperus"	"deppeana"	NA	"juniperus deppeana"
"cd6f5263-fbc8-4030-bd34-91889afa9921"	"asu"	NA	"wilhoit quadrangle; ca 5 mi southeast of prescott; just north of hwy 89; 1.7km southeast of mt francis"	34.4771246920356	-112.518726244436	"united states"	"arizona"	"yavapai county"	NA	NA	"cupressaceae"	"juniperus"	"deppeana"	NA	"juniperus deppeana"
"cdc33c96-c72b-4453-bb88-5a4f499c9763"	"asu"	"asu0007129"	"on rte 45 at ojo de agua, 21 lm nw of sombrerete."	23.7167	-103.733	"mexico"	"zacatecas"	NA	NA	NA	"cupressaceae"	"juniperus"	"deppeana"	NA	"juniperus deppeana"
"cec78a0c-8059-4eab-be53-a8d7988d3042"	"asc"	"73958"	"coconino national forest, upper west fork of oak creek, 9 mi n of sedona; sw end of howard's pocket along n canyon rim"	35.023889	-111.811944	"united states"	"arizona"	"coconino county"	NA	NA	"cupressaceae"	"juniperus"	"deppeana"	NA	"juniperus deppeana"
"cf620f12-2f43-4c96-81f8-d18b0c0298ef"	"asu"	NA	"4 mi west of portal at southwest research station."	31.9136	-109.209	"united states"	"arizona"	"cochise county"	NA	NA	"cupressaceae"	"juniperus"	"deppeana"	NA	"juniperus deppeana"
"cfa46f80-8cbf-45ae-a152-b2a82db67225"	"asu"	"asu0007133"	"1.8 km s of mina dolores, (just n of chalchihuites), near km 44 on rte 15 (from sombrerete)."	23.476912	-103.882465	"mexico"	"zacatecas"	NA	NA	1000	"cupressaceae"	"juniperus"	"deppeana"	NA	"juniperus deppeana"
"d075b222-a433-48c1-b2e5-7e0f2dd9407e"	"asu"	"asu0007030"	"2 miles n of coyote (coyote is y in road connecting huasabas and huachinera)."	30.872116	-112.457575	"mexico"	"sonora"	NA	NA	5000	"cupressaceae"	"juniperus"	"deppeana"	NA	"juniperus deppeana"
"d0884891-d4e1-4a56-84ba-71e0a8db2a89"	"asu"	"asu0007025"	"sierra madre occidental. mpio. de guerrero. between san pedro and san juanito."	28.552091	-107.482713	"mexico"	"chihuahua"	NA	NA	50000	"cupressaceae"	"juniperus"	"deppeana"	NA	"juniperus deppeana"
"d09080c9-4654-417f-a240-39099d1c7adf"	"asu"	NA	"coronado national forest; santa rita mountains, ~ half-way up smithsonian observatory rd toward mt hopkins, near guest housing turnout"	31.6867	-110.953	"united states"	"arizona"	"santa cruz county"	NA	NA	"cupressaceae"	"juniperus"	"deppeana"	NA	"juniperus deppeana"
"d220c1a1-c412-4907-9963-9cd82bdb820b"	"asu"	"asu0007070"	"85 km n. of cd. guerrero (or 26.6 km s of madera) on rt. 16, n of temosachic."	29.19	-108.141389	"mexico"	"chihuahua"	NA	NA	26600	"cupressaceae"	"juniperus"	"deppeana"	NA	"juniperus deppeana"
"d287aa1a-3020-427e-9e88-6b4932f7b6bf"	"asu"	NA	"big casa blanca canyon. near wash."	31.6675	-110.805	"united states"	"arizona"	"santa cruz county"	NA	NA	"cupressaceae"	"juniperus"	"deppeana"	NA	"juniperus deppeana"
"d2de7c3c-5f67-47dc-bff2-bbb75a3d558a"	"asu"	"asu0007067"	"85 km n. of cd. guerrero (or 26.6 km s of madera) on rt. 16, n of temosachic."	29.19	-108.141389	"mexico"	"chihuahua"	NA	NA	26600	"cupressaceae"	"juniperus"	"deppeana"	NA	"juniperus deppeana"
"d333b447-5b45-4066-ab3d-460ef617a63e"	"asu"	"asu0007027"	"approximately 4 km n of jiminez del teul at sauz (at km 77 on rte 15 from sombrerete)."	23.255115	-103.789486	"mexico"	"zacatecas"	NA	NA	6000	"cupressaceae"	"juniperus"	"deppeana"	NA	"juniperus deppeana"
"d39c551b-e596-44ef-9f82-2d4881946bc3"	"asu"	NA	"0.8 miles west of national forest boundary on deer creek road (caliuro mountains)"	32.671	-110.276	"united states"	"arizona"	"graham county"	NA	NA	"cupressaceae"	"juniperus"	"deppeana"	NA	"juniperus deppeana"
"d39dfe62-bdee-4a7f-9668-5b1f6cc4f0ea"	"asu"	NA	"payson, az.  at junction of highway 87 and houston mesa rd."	34.2758	-111.304	"united states"	"arizona"	"coconino county"	NA	NA	"cupressaceae"	"juniperus"	"deppeana"	NA	"juniperus deppeana"
"d3e4860e-b79f-4cbf-8554-9c456ed2a25f"	"asc"	"87535"	"el morro national monument, next to road that goes up to the watertank above the residences"	35.0338170978475	-108.35059488398	"united states"	"new mexico"	"cibola"	NA	NA	"cupressaceae"	"juniperus"	"deppeana"	NA	"juniperus deppeana"
"d6868dd1-70f3-43b2-bbc5-ee924da5b66e"	"ny"	"1586503"	"16 miles sw of silver city, near where hwy 90 crosses the continental divide."	32.55617	-108.39725	"united states"	"new mexico"	"grant co."	NA	NA	"cupressaceae"	"juniperus"	"deppeana"	"deppeana"	"juniperus deppeana steud. var. deppeana"
"d6c32030-5872-4d18-81b3-d9ee5b6b2c5d"	"asu"	NA	"pinal creek, pinal mountains, pinal peak 7.5'' quad."	33.2879	-110.8	"united states"	"arizona"	"gila county"	NA	NA	"cupressaceae"	"juniperus"	"deppeana"	NA	"juniperus deppeana"
"d6c94e0c-4ea9-40b9-91af-695f6551c9dc"	"des"	"des00047452"	"tonto national forest, head conner canyon."	33.80948	-110.98037	"united states"	"arizona"	"gila county"	NA	NA	"cupressaceae"	"juniperus"	"deppeana"	NA	"juniperus deppeana"
"d767d0c5-328a-45b1-955b-5793c13eea3e"	"asu"	NA	"rim road, 0.2 miles west of ariz. 70."	34.17	-110.01	"united states"	"arizona"	"navajo county"	NA	200	"cupressaceae"	"juniperus"	"deppeana"	NA	"juniperus deppeana"
"d7d7bd22-2192-49df-9fb1-54149ada96cc"	"asc"	"68706"	"ne¼ ne¼ nw¼ sw¼ s. 22; deadman pocket, south of williams; bill williams se quadrangle"	35.00843	-112.06911	"united states"	"arizona"	"coconino county"	NA	NA	"cupressaceae"	"juniperus"	"deppeana"	NA	"juniperus deppeana"
"d81f84c5-6312-48f4-88e9-2dbd9bcdd6b1"	"asu"	"asu0007068"	"85 km n. of cd. guerrero (or 26.6 km s of madera) on rt. 16, n of temosachic."	29.19	-108.141389	"mexico"	"chihuahua"	NA	NA	26600	"cupressaceae"	"juniperus"	"deppeana"	NA	"juniperus deppeana"
"d838a475-5c88-4ab9-8152-e52aa1ee1fe3"	"asu"	NA	"garden canyon, within the ft. huachuca military base, about 2 mi. up from where the dirt road begins at the picnic area."	31.4445	-110.3	"united states"	"arizona"	"cochise county"	NA	NA	"cupressaceae"	"juniperus"	"deppeana"	NA	"juniperus deppeana"
"d887aac4-4e8b-42f2-b69a-40d68dc9624c"	"ucr"	"ucr162050"	"southern coast newport beach, upper newport back bay, near the uci rowing center at shellmaker island"	33.62528	-117.88917	"united states"	"california"	"orange"	NA	1000	"cupressaceae"	"juniperus"	"deppeana"	"pachyphlaea"	"juniperus deppeana var. pachyphlaea"
"d901aa8a-0c82-4534-9504-16bad3904686"	"asu"	NA	"chiricahua national monument. north slope of garfield peak; 1/4 mi west of headquarters area."	32.0044	-109.356	"united states"	"arizona"	"cochise county"	NA	NA	"cupressaceae"	"juniperus"	"deppeana"	NA	"juniperus deppeana"
"d9e0da88-6a69-480d-9bf9-bd040a76a46a"	"asu"	"asu0007122"	"tlaxcala: 14.2 km n of apizaco on rt. 119."	19.551338	-98.129401	"mexico"	"tlaxcala"	NA	NA	3000	"cupressaceae"	"juniperus"	"deppeana"	NA	"juniperus deppeana"
"db3fc910-354d-4ff1-a25f-1c9da67f000f"	"ny"	"19218"	"southwestern texas: big bend national park. near basin"	29.2758	-103.3025	"united states"	"texas"	"brewster co."	NA	NA	"cupressaceae"	"juniperus"	"deppeana"	"deppeana"	"juniperus deppeana steud. var. deppeana"
"dbfc37d5-b0c3-47dc-a3b2-c50f32eec660"	"ny"	"19347"	"jemez springs"	35.768453	-106.69235	"united states"	"new mexico"	"sandoval co."	NA	NA	"cupressaceae"	"juniperus"	"deppeana"	"deppeana"	"juniperus deppeana steud. var. deppeana"
"dc63d8ac-fbd1-4624-b462-3bda433bfcbd"	"asu"	"asu0007062"	"hidalgo: on rt. 105, at el chico turnoff, 10.5 km n of monument plaza of pachuca."	20.116667	-98.733333	"mexico"	"hidalgo"	NA	NA	20000	"cupressaceae"	"juniperus"	"deppeana"	NA	"juniperus deppeana"
"dd857934-53ce-45c9-862a-9a852f9103c1"	"ny"	"19215"	"southwestern texas: big bend national park. in and around the basin"	29.2758	-103.3025	"united states"	"texas"	"brewster co."	NA	NA	"cupressaceae"	"juniperus"	"deppeana"	"deppeana"	"juniperus deppeana steud. var. deppeana"
"dddebd99-937d-44e9-a4ce-ca3863ec77b6"	"asu"	NA	"pinal mountains, south-central arizona, south of the town of globe. along fs road 651."	33.2822	-110.821	"united states"	"arizona"	"gila county"	NA	NA	"cupressaceae"	"juniperus"	"deppeana"	"pachyphlaea"	"juniperus deppeana var. pachyphlaea"
"de45a819-e245-4998-88a7-d715c7da9e9d"	"ku"	"361227"	"ft davis, ca 25 air mi nw, along hwy 118"	30.88239	-104.15078	"united states"	"texas"	"jeff davis"	NA	NA	"cupressaceae"	"juniperus"	"deppeana"	NA	"juniperus deppeana"
"defbbadc-81ce-4e62-9642-166eb064ba16"	"asu"	NA	"chiricahua widerness area, chiricahua mountains. little bald mountain; saulsbury trail."	31.9297	-109.382	"united states"	"arizona"	"cochise county"	NA	NA	"cupressaceae"	"juniperus"	"deppeana"	NA	"juniperus deppeana"
"df45ac4a-f257-41ec-8233-77e0fa4144d5"	"asu"	"asu0007076"	"la dura, 3.0 km east of el kipor on mex 16"	28.4167	-108.583	"mexico"	"sonora"	NA	NA	NA	"cupressaceae"	"juniperus"	"deppeana"	NA	"juniperus deppeana"
"dfbad41f-ed2c-4b2a-bda3-126ad0a6acc5"	"asu"	"asu0007086"	"2.5 km s of gomez farias, on road to babicora."	29.358827	-107.736204	"mexico"	"chihuahua"	NA	NA	2500	"cupressaceae"	"juniperus"	"deppeana"	NA	"juniperus deppeana"
"dffe6424-b238-44fa-8e5d-d67e17ffa8a7"	"asu"	NA	"14 miles northeast of payson, 9 miles west of whispering pines junction of bridge and control road."	34.3597	-111.427	"united states"	"arizona"	"gila county"	NA	NA	"cupressaceae"	"juniperus"	"deppeana"	NA	"juniperus deppeana"
"e06ec5bc-4b6b-43fc-96f4-a16e66cdbc55"	"asu"	NA	"fort grant; 4 miles east"	32.627	-109.947	"united states"	"arizona"	"graham county"	NA	NA	"cupressaceae"	"juniperus"	"deppeana"	NA	"juniperus deppeana"
"e25446fb-645d-4efa-901d-8374329dfb4d"	"asu"	NA	"parker creek experiment station, sierra ancha mountains ( u.s.d.a. forest service # 87480 )"	33.797	-110.969	"united states"	"arizona"	"gila county"	NA	NA	"cupressaceae"	"juniperus"	"deppeana"	NA	"juniperus deppeana"
"e2779b6c-9b96-4bb8-8bc0-9e06184915c3"	"asc"	"8707"	"florida canyon, santa rita mountains"	31.77444	-110.86722	"united states"	"arizona"	"pima county"	NA	NA	"cupressaceae"	"juniperus"	"deppeana"	NA	"juniperus deppeana"
"e2ca268f-7910-4d43-840e-41b27cf25db2"	"asu"	NA	"coronado national forest, pinaleno mountains. near noon creek campground, off rt 366 ca. 3 miles west of junction with rt 191."	32.4014	-109.4738	"united states"	"arizona"	"graham"	NA	NA	"cupressaceae"	"juniperus"	"deppeana"	NA	"juniperus deppeana"
"e3e21e52-66ef-401f-9dd1-7238e0e43c04"	"asu"	NA	"bill williams southeast quadrangle; deadman pocket, south of williams"	35.0084	-112.069	"united states"	"arizona"	"coconino county"	NA	NA	"cupressaceae"	"juniperus"	"deppeana"	NA	"juniperus deppeana"
"e54caadc-0440-4164-969f-5edd101d1e47"	"asu"	"asu0007121"	"tlaxcala: 14.2 km n of apizaco on rt. 119."	19.551338	-98.129401	"mexico"	"tlaxcala"	NA	NA	3000	"cupressaceae"	"juniperus"	"deppeana"	NA	"juniperus deppeana"
"e5ea88be-2e45-4ee0-870f-8e75b34e2210"	"asu"	NA	"pena blanca canyon, 1/2 to 1 mi. s. of (upstream from) creek's entrance into pena blanca lake."	31.3947	-111.085	"united states"	"arizona"	"santa cruz county"	NA	NA	"cupressaceae"	"juniperus"	"deppeana"	NA	"juniperus deppeana"
"e74acc54-c32d-49a0-acb3-99c80082af55"	"des"	"des00030133"	"sierrita mts., vic. of keystone peak."	31.87694	-111.21444	"united states"	"arizona"	"pima"	NA	4360	"cupressaceae"	"juniperus"	"deppeana"	NA	"juniperus deppeana"
"e7a599f4-cc04-4ea5-8a4a-0422c57476a2"	"asu"	"asu0007100"	"durango: puerto buenos aires, w of el salto."	23.6740544999078	-105.726006031036	"mexico"	"durango"	NA	NA	500	"cupressaceae"	"juniperus"	"deppeana"	NA	"juniperus deppeana"
"e7e914a4-ae23-450e-8e3a-c000a0558502"	"asu"	NA	"white mountains, 500 m above strayhorse campgrounds on state highway 666."	33.562	-109.435	"united states"	"arizona"	"greenlee county"	NA	NA	"cupressaceae"	"juniperus"	"deppeana"	NA	"juniperus deppeana"
"e8a41617-c571-45ce-af79-05ede7c8e8d9"	"asu"	NA	"camp geronimo"	34.4086	-111.376	"united states"	"arizona"	"gila county"	NA	NA	"cupressaceae"	"juniperus"	"deppeana"	NA	"juniperus deppeana"
"e906b9c4-7bab-451f-96a8-8843843c01d8"	"asu"	NA	"twin buttes 15' quad., north side of keystone peak, sierrita mountains"	31.88	-111.22	"united states"	"arizona"	"pima county"	NA	100	"cupressaceae"	"juniperus"	"deppeana"	NA	"juniperus deppeana"
"ec7de03d-43b7-4b55-aa2a-1a9aa44e7fa9"	"asu"	"asu0007108"	"durango: appx. 36 km s of el salto (or about 4.8 km, n of large lumbering village, which is 40 km s of el salto)."	23.4389350220419	-105.368478298187	"mexico"	"durango"	NA	NA	10000	"cupressaceae"	"juniperus"	"deppeana"	NA	"juniperus deppeana"
"ed5ced2d-feee-47f5-872d-319085203573"	"asc"	"18940"	"oak creek canyon, 50-yds above slide rock campground"	34.912377	-111.726886	"united states"	"arizona"	"coconino county"	NA	NA	"cupressaceae"	"juniperus"	"deppeana"	NA	"juniperus deppeana"
"ee255cc8-19ec-43d2-947d-b9256663fe6d"	"asu"	NA	"chiricahua national monument, massai point."	32.009	-109.312	"united states"	"arizona"	"cochise county"	NA	NA	"cupressaceae"	"juniperus"	"deppeana"	NA	"juniperus deppeana"
"eec3ae23-26da-4714-83d1-9eddc24a620a"	"asu"	NA	"show low lake area. left of main road towards cabin area."	34.1944	-110.004	"united states"	"arizona"	"navajo county"	NA	NA	"cupressaceae"	"juniperus"	"deppeana"	NA	"juniperus deppeana"
"f0d8577a-a5be-4967-8a51-fc2e473f4351"	"asu"	NA	"southeastern end of behm mesa, north of bagdad. distribution: locally common. association or type: desert grassland. quad: bagdad 15'"	34.6677	-113.101	"united states"	"arizona"	"yavapai county"	NA	NA	"cupressaceae"	"juniperus"	"deppeana"	NA	"juniperus deppeana"
"f214a4b9-fe07-4ae1-9d6f-f1ac79a4feba"	"asc"	"15092"	"turkey creek canyon, chiricahua mountains"	31.868815	-109.373381	"united states"	"arizona"	"cochise county"	NA	NA	"cupressaceae"	"juniperus"	"deppeana"	NA	"juniperus deppeana"
"f3169556-57da-46df-abf5-c6eabd14766f"	"asu"	NA	"ramsey canyon, within the huachuca mountains; located on the north slope."	31.4889	-110.408	"united states"	"arizona"	"cochise county"	NA	NA	"cupressaceae"	"juniperus"	"deppeana"	NA	"juniperus deppeana"
"f3bfa091-c7db-44c9-8686-c88295485c7d"	"asc"	"9583"	"carr canyon rd., huachuca mountains"	31.48889	-110.4075	"united states"	"arizona"	"cochise county"	NA	NA	"cupressaceae"	"juniperus"	"deppeana"	NA	"juniperus deppeana"
"f60ab91a-7712-48fd-b34c-166a723a43c2"	"asu"	"asu0007026"	"14.7 miles nw of sombrerete, near ojo de agua on rte 45."	23.646489	-103.642877	"mexico"	"zacatecas"	NA	NA	25000	"cupressaceae"	"juniperus"	"deppeana"	NA	"juniperus deppeana"
"f938a618-0f54-4bd5-b0db-a532dfaeab36"	"asu"	NA	"santa rita mountains, stone cabin canyon."	31.8258	-110.774	"united states"	"arizona"	"pima county"	NA	NA	"cupressaceae"	"juniperus"	"deppeana"	NA	"juniperus deppeana"
"f9773366-6bf4-46c2-ada2-1f071331dd1c"	"ny"	"17335"	"fort verde"	34.5661	-111.8553	"united states"	"arizona"	NA	NA	1000	"cupressaceae"	"juniperus"	"deppeana"	"deppeana"	"juniperus deppeana steud. var. deppeana"
"fabe7338-df27-41ee-83f9-e84a924cff7b"	"asu"	"asu0007063"	"hidalgo: on rt. 105, at el chico turnoff, 10.5 km n of monument plaza of pachuca."	20.116667	-98.733333	"mexico"	"hidalgo"	NA	NA	20000	"cupressaceae"	"juniperus"	"deppeana"	NA	"juniperus deppeana"
"fba9bd29-cb60-4ee2-9ff7-761800918d9b"	"dbg"	"khd00002540"	NA	31.360254	-110.299732	"united states"	"arizona"	"cochise county"	NA	NA	"cupressaceae"	"juniperus"	"deppeana"	NA	"juniperus deppeana"
"fbdab6fa-d930-4081-bfb3-baca894f6573"	"asu"	NA	"parker canyon lake recreation area."	31.4269	-110.455	"united states"	"arizona"	"cochise county"	NA	NA	"cupressaceae"	"juniperus"	"deppeana"	NA	"juniperus deppeana"
"fc1f7338-4145-48fd-94d1-29e4243d2453"	"asu"	NA	"chiricahua mountains, 0.4 miles north of rustler park."	31.905	-109.277	"united states"	"arizona"	"cochise county"	NA	NA	"cupressaceae"	"juniperus"	"deppeana"	NA	"juniperus deppeana"
"fd1366eb-f83b-4243-8742-27eae56c72de"	"des"	"des00048033"	"coronado national forest, huachuca mountains foothills, along arizona trail and sunnyside canyon trail (117), sunnyside canyon, just west of miller peak wilderness boundary."	31.44352	-110.3999	"united states"	"arizona"	"cochise county"	NA	NA	"cupressaceae"	"juniperus"	"deppeana"	NA	"juniperus deppeana"
"fd1b43f3-acee-4788-bb8d-f96d324a35d4"	"asu"	NA	"entrance to madera canyon recreation area."	31.725	-110.879	"united states"	"arizona"	"pima county"	NA	NA	"cupressaceae"	"juniperus"	"deppeana"	NA	"juniperus deppeana"
"fe6ebb94-9b8c-4d31-b910-55bebd507bce"	"asu"	NA	"4 miles e. of fort grant."	32.6228	-109.876	"united states"	"arizona"	"graham county"	NA	NA	"cupressaceae"	"juniperus"	"deppeana"	NA	"juniperus deppeana"
"fe82f341-ff3c-4201-9eca-6a9f0e643e8c"	"ny"	"19219"	"southwestern texas: big bend national park."	29.25	-103.25	"united states"	"texas"	"brewster co."	NA	NA	"cupressaceae"	"juniperus"	"deppeana"	"deppeana"	"juniperus deppeana steud. var. deppeana"
"ff0425ac-eda8-43f5-81ea-7709448f18d1"	"asu"	"asu0007069"	"85 km n. of cd. guerrero (or 26.6 km s of madera) on rt. 16, n of temosachic."	29.19	-108.141389	"mexico"	"chihuahua"	NA	NA	26600	"cupressaceae"	"juniperus"	"deppeana"	NA	"juniperus deppeana"
"ff8e4c17-43ef-4d4d-88d4-c0e8d91b0b2b"	"des"	"des00048252"	"coconino national forest, ca 2 miles northeast of fsr 303 and trailhead, and north of boundary of walnut canyon national monument along the arizona trail, just west of entry road to monument."	35.18155	-111.5081	"united states"	"arizona"	"coconino county"	NA	NA	"cupressaceae"	"juniperus"	"deppeana"	NA	"juniperus deppeana"
