"006d622f-666d-40b8-900d-102b0a721b60"	"ds"	"ds206562"	"argus mts."	36.1576	-117.4668	"united states"	"california"	"inyo"	NA	25000	"solanaceae"	"lycium"	"pallidum"	NA	"lycium pallidum"
"057922ec-a9b9-4d96-a108-ebaacf3e8265"	"asu"	NA	"1 miles n of peppersauce canyon"	32.53	-110.7	"united states"	"arizona"	"pinal county"	NA	100	"solanaceae"	"lycium"	"pallidum"	"pallidum"	"lycium pallidum var. pallidum"
"05db10cb-8f4e-4710-a302-d1a609027954"	"asc"	"73689"	"canyon de chelly national monument. spider rock overlook;"	36.15528	-109.50833	"united states"	"arizona"	"apache county"	NA	NA	"solanaceae"	"lycium"	"pallidum"	NA	"lycium pallidum"
"07113a10-3627-4725-961f-37a43b0635d0"	"dbg"	"khd00036718"	"bayfield"	37.223647	-107.59706	"united states"	"colorado"	NA	NA	10000	"solanaceae"	"lycium"	"pallidum"	NA	"lycium pallidum"
"07ccaf22-42f3-48b3-b883-ea6657505383"	"asc"	"71424"	"thunderbird lodge"	36.15202	-109.53819	"united states"	"arizona"	"apache county"	NA	NA	"solanaceae"	"lycium"	"pallidum"	NA	"lycium pallidum"
"08acc4e2-f676-4b62-8dcd-e367cfdcf13b"	"uc"	"uc494499"	"5 mi sw blythe"	33.5443	-114.6739	"united states"	"california"	"riverside"	NA	2000	"solanaceae"	"lycium"	"pallidum"	"oligospermum"	"lycium pallidum var. oligospermum"
"08e68aa3-75a6-48ec-8d3f-6f27406e1899"	"asu"	NA	"near chiricahua national monument; ed riggs ranch; ca. 1.5 miles west of cnm boundary and mouth of little pickett canyon"	32.0044	-109.356	"united states"	"arizona"	"cochise county"	NA	NA	"solanaceae"	"lycium"	"pallidum"	"pallidum"	"lycium pallidum var. pallidum"
"0a72a5ea-5c5d-4f67-a8f0-1ab812d5373e"	"rsa"	"rsa793467"	"mecca hills: at hidden spring just off hidden spring canyon, approximately 2.6 air miles south of shaver well, or approx. 5.4 air miles northeast of junction of box canyon road and the coachella canal."	33.58361	-115.90607	"united states"	"california"	"riverside"	NA	NA	"solanaceae"	"lycium"	"pallidum"	"oligospermum"	"lycium pallidum var. oligospermum"
"0ba96a35-31ec-49d4-ad83-bea75a271543"	"cas"	"cas474171"	"3.1 miles east of barstow on united states highway 466"	34.9054	-116.9502	"united states"	"california"	"san bernardino"	NA	1900	"solanaceae"	"lycium"	"pallidum"	"oligospermum"	"lycium pallidum var. oligospermum"
"0c51ffc4-fdb4-4034-bbec-9d9c4deb739e"	"asc"	"8277"	"hopi reservation, near awatobi ruins."	35.723056	-110.277778	"united states"	"arizona"	"navajo county"	NA	NA	"solanaceae"	"lycium"	"pallidum"	"pallidum"	"lycium pallidum var. pallidum"
"0de95440-980a-44e8-a0cf-139160c30e31"	"asu"	NA	"1.6 miles north of skull valley"	34.5285	-112.685	"united states"	"arizona"	"yavapai county"	NA	NA	"solanaceae"	"lycium"	"pallidum"	"pallidum"	"lycium pallidum var. pallidum"
"0e67f69c-81a4-494e-a6bd-8abe20a5bf07"	"des"	"des00039944"	"apache hills, 1 mi. e of the apache mine (5.5 mi sse of hachita)"	31.844	-108.2939	"united states"	"new mexico"	"hidalgo"	NA	969	"solanaceae"	"lycium"	"pallidum"	NA	"lycium pallidum"
"0fdd7910-354c-482f-8f26-8a9301657efe"	"asu"	NA	"aravaipa-bonita; 25.8 miles southwest of us 70"	32.77	-110.24	"united states"	"arizona"	"graham county"	NA	NA	"solanaceae"	"lycium"	"pallidum"	NA	"lycium pallidum"
"101d746c-ecde-4ed2-aab7-1c874b8a613a"	"uc"	"uc303757"	"barstow"	34.897	-117.0228	"united states"	"california"	"san bernardino"	NA	3500	"solanaceae"	"lycium"	"pallidum"	"oligospermum"	"lycium pallidum var. oligospermum"
"102307cc-5ba0-45de-8f33-ab6fe886ea78"	"asc"	"100617"	"115km nw of las vegas, 49km se of beatty"	36.6551	-116.3004	"united states"	"nevada"	"nye county"	NA	NA	"solanaceae"	"lycium"	"pallidum"	"oligospermum"	"lycium pallidum var. oligospermum"
"11436da5-d093-4c4f-acfa-3912fcac5c12"	"asu"	NA	"san pedro valley; 10 miles north of benson"	32.1129	-110.294	"united states"	"arizona"	"cochise county"	NA	NA	"solanaceae"	"lycium"	"pallidum"	"pallidum"	"lycium pallidum var. pallidum"
"11460eff-aaad-495d-b516-b695284c12fd"	"asu"	NA	"cienega lies south of st. david; west of san pedro river; st. peter's spring"	31.8392	-110.327	"united states"	"arizona"	"cochise county"	NA	700	"solanaceae"	"lycium"	"pallidum"	"pallidum"	"lycium pallidum var. pallidum"
"116126f7-71d9-4eeb-a186-5a03f427534a"	"des"	"des00074536"	"se of camp verde, main wash below tent rocks."	34.497472	-111.752722	"united states"	"arizona"	"yavapai county"	NA	NA	"solanaceae"	"lycium"	"pallidum"	NA	"lycium pallidum"
"11de58ad-1b50-4c96-984c-31dac22150d2"	"uvsc"	"3010"	"e slope of beaver dam mountains, ca. 1.5 miles e of hell hole pass;"	37.141	-113.846	"united states"	"utah"	"washington"	NA	900	"solanaceae"	"lycium"	"pallidum"	NA	"lycium pallidum"
"11e74afc-fa52-4ac2-8712-77283e92aaba"	"rsa"	"rsa624354"	"inyo mountains.: eureka valley drainage. marble canyon."	37.1043	-117.886	"united states"	"california"	"inyo"	NA	900	"solanaceae"	"lycium"	"pallidum"	"oligospermum"	"lycium pallidum var. oligospermum"
"121a4d81-edb6-4bf4-9142-7846205bb96f"	"asc"	"79349"	"lower ditch, 1/2 mile north of yucca house national monument."	37.2569944168902	-108.686031752639	"united states"	"colorado"	"montezuma"	NA	NA	"solanaceae"	"lycium"	"pallidum"	NA	"lycium pallidum"
"156cfafb-3cf8-4683-803a-f25c6284c697"	"ny"	"43260"	"9km n of hinkley, on hinkley road"	35.03	-117.18	"united states"	"california"	"san bernardino co."	NA	NA	"solanaceae"	"lycium"	"pallidum"	NA	"lycium pallidum miers"
"16963ea2-b354-4ad1-9ae5-63c3bd317812"	"uvsc"	"8391"	"veyo-gunlock road, ca. 1.5 miles sw of veyo, along a fence line on the e side of the road;"	37.327222	-113.715833	"united states"	"utah"	"washington"	NA	30	"solanaceae"	"lycium"	"pallidum"	NA	"lycium pallidum"
"18b1a273-c1b2-4a90-b224-b82bf9182c39"	"asc"	"7322"	"d.a. ranch, sw of sedona."	34.86972	-111.76028	"united states"	"arizona"	"yavapai county"	NA	NA	"solanaceae"	"lycium"	"pallidum"	"pallidum"	"lycium pallidum var. pallidum"
"19b4e42d-4aaf-492a-8859-4eaebb1f5b9c"	"rsa"	"rsa293411"	"just north of trona along the highway from trona to emigrant junction."	35.8634	-117.3706	"united states"	"california"	"inyo"	NA	10000	"solanaceae"	"lycium"	"pallidum"	"oligospermum"	"lycium pallidum var. oligospermum"
"1b7b5a96-04b9-4225-8329-4ba63760e235"	"ny"	"00951086"	"sand flats east of bluff"	37.282036	-109.510442	"united states"	"utah"	"san juan co."	NA	NA	"solanaceae"	"lycium"	"pallidum"	NA	"lycium pallidum miers"
"1c746f99-c19a-4fb9-9127-44301632938d"	"asc"	"95768"	"about 3 miles west of rio rancho"	35.267833	-106.864333	"united states"	"new mexico"	"sandoval county"	NA	NA	"solanaceae"	"lycium"	"pallidum"	NA	"lycium pallidum"
"1cdfcd01-ab00-4cce-9e04-99a5cb05d20c"	"asc"	"60342"	"site 59, 30 mi se page on page-kaibito highway."	36.600368	-111.088054	"united states"	"arizona"	"coconino county"	NA	NA	"solanaceae"	"lycium"	"pallidum"	NA	"lycium pallidum"
"1e23989f-62ea-4204-9f0c-cb5f889626a4"	"asu"	NA	"arizona strip district; cane springs and immediate vicinity"	36.6509	-113.787	"united states"	"arizona"	"mohave county"	NA	700	"solanaceae"	"lycium"	"pallidum"	NA	"lycium pallidum"
"1ee7acc4-b6ec-47db-ac7e-be4cfe1d6e1b"	"asc"	"12755"	"navajo reservation, lupton."	35.35389	-109.05306	"united states"	"arizona"	"apache county"	NA	NA	"solanaceae"	"lycium"	"pallidum"	"pallidum"	"lycium pallidum var. pallidum"
"1f0a3fc1-a012-494e-b691-bded29642d98"	"ucr"	"ucr48290"	"northern mojave/ great basin desert inyo mts, hills just east of n end saline valley rd, 2.9 mi. n 85&deg; e of bunker hill mine"	36.93278	-117.90111	"united states"	"california"	"inyo"	NA	1000	"solanaceae"	"lycium"	"pallidum"	"oligospermum"	"lycium pallidum var. oligospermum"
"1f9d4604-8a35-4822-9147-db72a08254ed"	"asc"	"19006"	"chavez crossing, 1 mi s sedona."	34.855213	-111.76028	"united states"	"arizona"	"coconino county"	NA	NA	"solanaceae"	"lycium"	"pallidum"	"pallidum"	"lycium pallidum var. pallidum"
"204fbfa2-7c2b-427b-a513-ff2291bcbd01"	"des"	NA	"house rock valley, below and west of house rock spring."	36.798208	-112.057626	"united states"	"arizona"	"coconino county"	NA	NA	"solanaceae"	"lycium"	"pallidum"	NA	"lycium pallidum"
"208761c6-4433-49b0-890e-4ec7e846aa54"	"dbg"	"khd00050000"	"vermejo park ranch: prairie 1/2 air mi s of the vermejo river and 2.0 air mi w of i-25; 3.8 air mi sw of maxwell."	36.506531	-104.60347	"united states"	"new mexico"	"colfax"	NA	NA	"solanaceae"	"lycium"	"pallidum"	NA	"lycium pallidum"
"209de9a1-48af-442b-a200-b323a8c791d1"	"asc"	"asc00105874"	"truxton canyon, se of railroad tracks"	35.443097	-113.615432	"united states"	"arizona"	"mohave county"	NA	NA	"solanaceae"	"lycium"	"pallidum"	NA	"lycium pallidum"
"21dabad6-d521-4d9c-82bc-340211fbe923"	"jeps"	"jeps12198"	"barstow mohave desert"	34.897	-117.0228	"united states"	"california"	"san bernardino"	NA	3500	"solanaceae"	"lycium"	"pallidum"	"oligospermum"	"lycium pallidum var. oligospermum"
"22250b5a-ad28-48c1-a8f3-156598cccfcf"	"asc"	"31130"	"2.5 mi s drake; aps site 2, plot 1,2."	34.945124	-112.37556	"united states"	"arizona"	"yavapai county"	NA	NA	"solanaceae"	"lycium"	"pallidum"	NA	"lycium pallidum"
"2226c8f7-d310-48e7-93bd-7f78cd7cda2b"	"utc"	"utc00234406"	"indian spring area, west of town of indian springs, north of highway and south of nellis range"	36.5736111	-115.8491667	"united states"	"nevada"	"clark"	NA	NA	"solanaceae"	"lycium"	"pallidum"	NA	"lycium pallidum"
"2445b615-b728-43ab-81b6-7030661f0185"	"asc"	"21835"	"highway 279, 1 mi outside cottonwood."	34.73917	-112.00917	"united states"	"arizona"	"yavapai county"	NA	NA	"solanaceae"	"lycium"	"pallidum"	NA	"lycium pallidum"
"265dbaa3-2b79-4691-acad-4d2a998f1b31"	"rsa"	"rsa784977"	"the mecca hills; southeastern section of hills; at mouth of hidden canyon where drainage is blocked by the coachella canal, approximately 2.8 air miles southwest of hidden spring."	33.55563	-115.94303	"united states"	"california"	"riverside"	NA	NA	"solanaceae"	"lycium"	"pallidum"	"oligospermum"	"lycium pallidum var. oligospermum"
"26a05768-b9d0-4188-a6cf-75c2e347c894"	"asu"	NA	"peloncillo mountains; along road to microwave tower; 0.7 miles north of us highway 70; 11.5 airline-miles wnw of duncan, az"	32.7807	-109.296	"united states"	"arizona"	"graham county"	NA	700	"solanaceae"	"lycium"	"pallidum"	"pallidum"	"lycium pallidum var. pallidum"
"275410ee-d44e-4e16-8bae-3ea82004e6bb"	"sbbg"	"sbbg70694"	"garlic spring"	35.229976283787	-116.640862598444	"united states"	"california"	"san bernardino"	NA	1500	"solanaceae"	"lycium"	"pallidum"	NA	"lycium pallidum"
"28344b1e-f8ac-4b8a-9805-6c7fe27e30c0"	"ds"	"ds339295"	"mojave desert, mesa, 3 mi. n.e. of barstow on u.s. highway #91 to yermo"	34.9064	-116.9779	"united states"	"california"	"san bernardino"	NA	800	"solanaceae"	"lycium"	"pallidum"	"oligospermum"	"lycium pallidum var. oligospermum"
"29ecd838-85cb-4211-ab26-b8ae67f611af"	"asc"	"54083"	"sycamore creek"	34.8871	-112.6015	"united states"	"arizona"	"yavapai county"	NA	NA	"solanaceae"	"lycium"	"pallidum"	NA	"lycium pallidum"
"2a637ca4-ac37-40eb-85a3-60a37dd423c5"	"asc"	"2796"	"rainbow end lodge, w of sedona."	34.86972	-111.76028	"united states"	"arizona"	"yavapai county"	NA	NA	"solanaceae"	"lycium"	"pallidum"	"pallidum"	"lycium pallidum var. pallidum"
"2ad65f65-793d-477b-bdbb-4d801b2f287c"	"asc"	"asc00107119"	"co bar ranch, 1.5 miles west of gray mountain under the powerline"	35.746333	-111.496933	"united states"	"arizona"	"coconino"	NA	NA	"solanaceae"	"lycium"	"pallidum"	NA	"lycium pallidum"
"2ae76a12-8b43-44ca-8d7c-90b45493bb81"	"asc"	"84647"	"ca. 0.4 mi. w of cochrane hill."	35.2811	-111.392	"united states"	"arizona"	"coconino county"	NA	NA	"solanaceae"	"lycium"	"pallidum"	NA	"lycium pallidum"
"2b3314c2-cbb2-411f-a757-cf0f05cccdac"	"uc"	"uc494495"	"4 mi n trona"	35.8245	-117.355	"united states"	"california"	"san bernardino"	NA	2000	"solanaceae"	"lycium"	"pallidum"	"oligospermum"	"lycium pallidum var. oligospermum"
"2cbbb368-50ae-4dcc-ad01-61fc2ae2fdde"	"ucr"	"ucr219386"	"northeastern mojave desert pahrump valley, east of the nopah range at calvada springs, charleston view rd. (silver st.), 1.1 mi. south of state line rd."	35.98898	-115.89995	"united states"	"california"	"inyo"	NA	100	"solanaceae"	"lycium"	"pallidum"	NA	"lycium pallidum"
"2cce0216-2afa-4d73-ba41-a47c5da3cc24"	"jeps"	"jeps12197"	"barstow mohave desert"	34.897	-117.0228	"united states"	"california"	"san bernardino"	NA	3500	"solanaceae"	"lycium"	"pallidum"	"oligospermum"	"lycium pallidum var. oligospermum"
"2e236ea1-99ca-4e93-be7e-d0f7141c97f5"	"asc"	"86991"	"4 miles ne of redlands camp"	35.831617	-112.378367	"united states"	"arizona"	"coconino county"	NA	NA	"solanaceae"	"lycium"	"pallidum"	NA	"lycium pallidum"
"2fa09bfa-bd06-4d40-ab8b-829b54d04b06"	"asc"	"95699"	"east side of highway 377 about 16 miles sw of holbrook"	34.699667	-110.293333	"united states"	"arizona"	"navajo county"	NA	NA	"solanaceae"	"lycium"	"pallidum"	NA	"lycium pallidum"
"30181531-c58f-4fb8-a9a3-fdcac6997647"	"enlc"	"enlc01765"	"parashant-grand canyon n.m. blm administered. cottonwood ridge. near rt 1027, ~4.5mi by air south of intersection with rt101."	36.53322	-113.93325	"united states"	"arizona"	"mohave"	NA	NA	"solanaceae"	"lycium"	"pallidum"	NA	"lycium pallidum"
"3234414d-6a1e-444d-a7c3-39a37d835b29"	"asc"	"87993"	"aztec ruins national monument, on mesa"	36.8398436752865	-107.998133514825	"united states"	"new mexico"	"san juan county"	NA	NA	"solanaceae"	"lycium"	"pallidum"	NA	"lycium pallidum"
"32de407b-e936-4e0b-b73e-607eb3aad6ca"	"sjsu"	"sjsu1739"	"s end saline valley (n of panamint valley)"	36.5564	-117.5789	"united states"	"california"	"inyo"	NA	970	"solanaceae"	"lycium"	"pallidum"	"oligospermum"	"lycium pallidum var. oligospermum"
"33c71c2b-5a60-4fbc-8044-b815e2cccedc"	"sbbg"	"sbbg70693"	"ballarat grade"	36.0499488785771	-117.215889868686	"united states"	"california"	"inyo"	NA	NA	"solanaceae"	"lycium"	"pallidum"	NA	"lycium pallidum"
"35862faf-df65-4218-81e1-d3748c4efb04"	"hsc"	"hsc83024"	"w end of calico mtns., nw of calico along yermo cut-off"	34.9694	-116.9211	"united states"	"california"	"san bernardino"	NA	3400	"solanaceae"	"lycium"	"pallidum"	"oligospermum"	"lycium pallidum var. oligospermum"
"36d2431c-b235-4626-8167-4de6915ec9b9"	"asc"	"78108"	"coconino national forest, beaver creek ws, nr mulligan place, 40 mi s flagstaff."	34.7453	-111.5952	"united states"	"arizona"	"yavapai county"	NA	1250	"solanaceae"	"lycium"	"pallidum"	NA	"lycium pallidum"
"38cc14e6-1bba-48be-9cd8-d444d8ee4c59"	"utc"	"utc00264912"	"parashant-grand canyon n.m. blm administered. cottonwood ridge. near rt 1027, ~4.5mi by air south of intersection with rt101."	36.533222	-113.93325	"united states"	"arizona"	"mohave"	NA	25	"solanaceae"	"lycium"	"pallidum"	NA	"lycium pallidum"
"38f8bfc7-dbb0-49c6-abfd-ca4321bd83a1"	"sbbg"	"sbbg6598"	"toll rd, (rd through darwin)"	36.2991	-117.5364	"united states"	"california"	"inyo"	NA	6875	"solanaceae"	"lycium"	"pallidum"	NA	"lycium pallidum"
"390aa500-fc45-48f6-ab44-02ac94a64ebd"	"gmdrc"	"gmdrc4966"	"calico mountains; on west side of range, 5.5 mi. north of i-15 (yermo), 0.9 mi. east of ft irwin rd at strachan rd jct."	34.9784166666667	-116.91065	"united states"	"california"	"san bernardino"	NA	30	"solanaceae"	"lycium"	"pallidum"	"oligospermum"	"lycium pallidum var. oligospermum"
"391ea312-7e63-4694-8da0-0c1130b2c7ff"	"des"	NA	"along highway 9 just outside of rockville."	37.1604	-113.02945	"united states"	"utah"	"washington county"	NA	NA	"solanaceae"	"lycium"	"pallidum"	NA	"lycium pallidum"
"395931e3-7992-4553-8f3b-77b224881626"	"uc"	"uc905670"	"2 mi n emigrant spring (emigrant canyon); death valley national monument, panamint mountains"	36.4556452568876	-117.196695282885	"united states"	"california"	"inyo"	NA	4950	"solanaceae"	"lycium"	"pallidum"	"oligospermum"	"lycium pallidum var. oligospermum"
"3af75c9d-9556-4a41-ac18-4837393d26d6"	"sd"	"sd58513"	"slate range"	35.787	-117.2294	"united states"	"california"	"inyo"	NA	23500	"solanaceae"	"lycium"	"pallidum"	"oligospermum"	"lycium pallidum var. oligospermum"
"3e23aa1b-68e7-4de4-b4ac-33533b26f67f"	"asu"	NA	"4 miles n of cottonwood on route 79"	34.77	-111.94	"united states"	"arizona"	"yavapai county"	NA	100	"solanaceae"	"lycium"	"pallidum"	NA	"lycium pallidum"
"3e68a8eb-5835-49c4-b984-026ff4038f56"	"asu"	NA	"miami, russel canyon road near edge of town"	33.3998	-110.821	"united states"	"arizona"	"gila county"	NA	NA	"solanaceae"	"lycium"	"pallidum"	NA	"lycium pallidum"
"409e2813-fd1f-4c00-a3b5-830e263f6575"	"ds"	"ds628299"	"east of daylight pass, death valley national monument"	36.7921	-116.9288	"united states"	"california"	"inyo"	NA	100	"solanaceae"	"lycium"	"pallidum"	NA	"lycium pallidum"
"40b1704b-67e6-4630-a0a2-366e65eec6ef"	"pom"	"pom118487"	"death valley"	36.4473	-116.8506	"united states"	"california"	"inyo"	NA	69900	"solanaceae"	"lycium"	"pallidum"	"oligospermum"	"lycium pallidum var. oligospermum"
"4122f094-5af3-4a17-aa0f-f787c07cb869"	"asc"	"36519"	"1 mi w ganado."	35.711389	-109.559253	"united states"	"arizona"	"apache county"	NA	NA	"solanaceae"	"lycium"	"pallidum"	"pallidum"	"lycium pallidum var. pallidum"
"41b16042-5133-450f-aa2a-642228619131"	"dbg"	"khd00036721"	"mesa overlooking vogel canyon"	37.748901	-103.477374	"united states"	"colorado"	NA	NA	10000	"solanaceae"	"lycium"	"pallidum"	NA	"lycium pallidum"
"4255668d-9ac7-4c60-a213-a5e43d520401"	"sd"	"sd51018"	"4.5 miles north of barstow on rd. to camp irwin"	34.9673	-117.0157	"united states"	"california"	"san bernardino"	NA	700	"solanaceae"	"lycium"	"pallidum"	"oligospermum"	"lycium pallidum var. oligospermum"
"42e23321-2cba-459c-a1ba-1f64c5e77991"	"cas"	"1128718"	"northeastern mojave desert: pahrump valley, east of the nopah range at calvada springs, charleston view rd. (silver st.), 1.1 mi. south of state line rd. elev. given as 2600 ft."	35.9889833333	-115.89995	"united states"	"california"	"inyo county"	NA	NA	"solanaceae"	"lycium"	"pallidum"	NA	"lycium pallidum  miers"
"436ccca1-01b1-4196-b879-f71092f4d8e8"	"des"	"des00057265"	"freeman road trail, by junction with the other road."	32.873533	-110.891	"united states"	"arizona"	"pinal county"	NA	NA	"solanaceae"	"lycium"	"pallidum"	NA	"lycium pallidum"
"43c2292f-b2f6-44cd-9f32-315d50fd0031"	"utc"	"utc00244746"	"1/4 mile southe of found mesa, cheesebox canyon"	37.6708333	-110.0975	"united states"	"utah"	"san juan"	NA	NA	"solanaceae"	"lycium"	"pallidum"	NA	"lycium pallidum"
"43d4c25d-cbae-4a85-839d-825e9d96231d"	"ucr"	"ucr225603"	"ne mojave desert pahrump valley, south side of hwy 178 near nv state line"	36.16642	-116.10998	"united states"	"california"	"inyo"	NA	100	"solanaceae"	"lycium"	"pallidum"	NA	"lycium pallidum"
"46320dc9-5866-43d9-9c8e-31352c2c3602"	"asc"	"20740"	"soda springs ranch, montezuma well."	34.64917	-111.75167	"united states"	"arizona"	"yavapai county"	NA	NA	"solanaceae"	"lycium"	"pallidum"	"pallidum"	"lycium pallidum var. pallidum"
"4752befa-6a65-49a8-b8d9-0c2589103170"	"asu"	NA	"montezuma well and castle"	34.6492	-111.752	"united states"	"arizona"	"yavapai county"	NA	NA	"solanaceae"	"lycium"	"pallidum"	NA	"lycium pallidum"
"47e359ef-437d-4361-8c76-ea2b4ccbbb79"	"dbg"	"khd00036720"	"hovenweep national monument, near holly ruin."	37.397784	-109.042139	"united states"	"colorado"	"montezuma county"	NA	NA	"solanaceae"	"lycium"	"pallidum"	NA	"lycium pallidum"
"48093e85-5829-46c6-9bbf-3baed776b167"	"ds"	"ds280497"	"mojave desert. no. side of mojave river. 1 1/2 mi. from daggett on road to yermo"	34.8833	-116.887	"united states"	"california"	"san bernardino"	NA	200	"solanaceae"	"lycium"	"pallidum"	"oligospermum"	"lycium pallidum var. oligospermum"
"48a1b299-f8a3-4f39-b3b2-59d3733737e0"	"asu"	NA	"13.5 miles southwest of clifton"	33.1798	-109.86	"united states"	"arizona"	"graham county"	NA	NA	"solanaceae"	"lycium"	"pallidum"	NA	"lycium pallidum"
"4913062f-2a3a-4784-9f1a-a02f4a5dbd78"	"asc"	"89417"	"grand canyon national park, grand wash cliffs, nps-nvmp plot 91006."	35.8825	-114.003056	"united states"	"arizona"	"mohave county"	NA	20000	"solanaceae"	"lycium"	"pallidum"	NA	"lycium pallidum"
"4a907822-31e5-4c96-a361-e79797b6bf82"	"asc"	"64834"	"petrified forest national park, w of old rte 66, 100 m."	35.07907	-109.76349	"united states"	"arizona"	"apache county"	NA	NA	"solanaceae"	"lycium"	"pallidum"	NA	"lycium pallidum"
"4b80617b-cbc7-473b-8268-f51ffb2f5163"	"des"	NA	"las cienegas national conservation area, 100 m n of rd 6903 & ca. 700 m w of cienega creek, n of cieneguita."	31.80176	-110.59643	"united states"	"arizona"	"pima"	NA	NA	"solanaceae"	"lycium"	"pallidum"	NA	"lycium pallidum"
"4c871c99-af5e-4126-a406-2f978cc6e4d9"	"jeps"	"jeps22595"	"on grade w yermo (along u.s. highway 91); mojave desert"	34.9046	-116.9416	"united states"	"california"	"san bernardino"	NA	1600	"solanaceae"	"lycium"	"pallidum"	"oligospermum"	"lycium pallidum var. oligospermum"
"4ca5a13e-c1ff-4814-81de-21d348fb5e2d"	"asc"	"62788"	"pollack ranch rd., or fr 126, s of twin arrows on i-40"	35.157778	-111.2725	"united states"	"arizona"	"coconino county"	NA	NA	"solanaceae"	"lycium"	"pallidum"	NA	"lycium pallidum"
"4ce814ce-f891-4845-9780-34a4e3ec23f4"	"sdsu"	"sdsu11112"	"4.5 miles norht of barstow on raod to cam erwin."	34.9673	-117.0157	"united states"	"california"	"san bernardino"	NA	700	"solanaceae"	"lycium"	"pallidum"	"oligospermum"	"lycium pallidum var. oligospermum"
"4d79433e-8df5-46b4-80b0-7d3db771da07"	"des"	"des00072103"	"vermilion cliffs national monument, paria plateau, sand hills, joe's tank."	36.821035	-111.793239	"united states"	"arizona"	"coconino county"	NA	NA	"solanaceae"	"lycium"	"pallidum"	NA	"lycium pallidum"
"4dbba939-68bb-42b9-9c83-0a868470f27c"	"asu"	NA	"juniper mesa wilderness area; south slope; ca. 2k south of juniper spring"	34.9451	-112.87	"united states"	"arizona"	"yavapai county"	NA	NA	"solanaceae"	"lycium"	"pallidum"	NA	"lycium pallidum"
"4dbbe7a0-f273-4651-a207-5eac13e4c1bb"	"ny"	"00951075"	"mi post 1. w of colorado city on hwy 59"	37.00389	-113.0065	"united states"	"utah"	"washington co."	NA	NA	"solanaceae"	"lycium"	"pallidum"	NA	"lycium pallidum miers"
"4fa72190-d9e9-406f-a044-6ca77f7208dc"	"asu"	NA	"desert wash just northwest of cottonwood hill and southwest of tortilla mountains"	32.8493	-110.964	"united states"	"arizona"	"pinal county"	NA	NA	"solanaceae"	"lycium"	"pallidum"	NA	"lycium pallidum"
"502c77f3-9087-4d27-a0f2-bb7101889da4"	"la"	"la209693"	"yermo"	34.905	-116.8203	"united states"	"california"	"san bernardino"	NA	3500	"solanaceae"	"lycium"	"pallidum"	"oligospermum"	"lycium pallidum var. oligospermum"
"50a5bf32-24da-43cf-acd4-ec2b10544d87"	"jeps"	"jeps26551"	"mule canyon mojave desert, calico mts."	34.9397	-116.8391	"united states"	"california"	"san bernardino"	NA	1600	"solanaceae"	"lycium"	"pallidum"	"oligospermum"	"lycium pallidum var. oligospermum"
"51e8697f-6aaa-44ae-a25b-dbd8f11377ad"	"ds"	"ds577108"	"w. side of daylight pass, death valley nat\'l monument, about 10 mi. from hiway 190"	36.7456	-116.9449	"united states"	"california"	"inyo"	NA	300	"solanaceae"	"lycium"	"pallidum"	"oligospermum"	"lycium pallidum var. oligospermum"
"52b6cd39-45d8-45d5-bd28-98ed7f270ba7"	"des"	"des00075760"	"colorado plateau, kaibab national forest tusayan district, upper basin, 19 km e of grand canyon national park south entrance station on highway 64, 2.25 km se from highway 64 on forest road 310 (coconino rim road), 7.9 km ne on forest road 307, 239 m e on east-facing slope of trash dam tank."	35.9545	-111.886194	"united states"	"arizona"	"coconino county"	NA	30	"solanaceae"	"lycium"	"pallidum"	"pallidum"	"lycium pallidum var. pallidum"
"52f19be3-cb31-486a-bb47-b54d5cba61f5"	"asc"	"95752"	"sw of san ysidro adjacent to the cabezon road 5 miles west of highway 550"	35.492167	-106.849167	"united states"	"new mexico"	"sandoval county"	NA	NA	"solanaceae"	"lycium"	"pallidum"	NA	"lycium pallidum"
"52fd0e04-bfa8-4261-a03d-13cc63c3156d"	"rsa"	"rsa352219"	"keane spring."	36.7452	-116.9014	"united states"	"california"	"inyo"	NA	300	"solanaceae"	"lycium"	"pallidum"	"oligospermum"	"lycium pallidum var. oligospermum"
"53301734-7aff-42a2-889c-f1d4c25486b6"	"asc"	"70647"	"hubbell trading post national historic site, se corner of trading post property.  small population between old road and fence"	35.70316	-109.55724	"united states"	"arizona"	"apache county"	NA	NA	"solanaceae"	"lycium"	"pallidum"	NA	"lycium pallidum"
"53635b97-52b1-4030-9907-e598ecf601e1"	"asu"	NA	"woodruff; near little colorado river"	34.7817	-110.044	"united states"	"arizona"	"navajo county"	NA	NA	"solanaceae"	"lycium"	"pallidum"	"pallidum"	"lycium pallidum var. pallidum"
"536364db-d51b-479c-a5fd-5f2c0fae2b59"	"asc"	"8237"	"sycamore canyon, n side."	34.825037	-111.787846	"united states"	"arizona"	"yavapai county"	NA	NA	"solanaceae"	"lycium"	"pallidum"	"pallidum"	"lycium pallidum var. pallidum"
"546ddfa9-7a18-4729-a6d7-3c6f54f29a66"	"asc"	NA	"el rojo grande ranch, approx. 5 miles wsw of sedona, az"	36.4464557997345	-111.881601590346	"united states"	"arizona"	"yavapai"	NA	NA	"solanaceae"	"lycium"	"pallidum"	NA	"lycium pallidum"
"548d9075-b38a-4e4b-a083-990404fac30e"	"asu"	NA	"cinder cones east of san francisco mountains"	35.3491	-111.497	"united states"	"arizona"	"coconino county"	NA	NA	"solanaceae"	"lycium"	"pallidum"	"pallidum"	"lycium pallidum var. pallidum"
"55682144-8633-4f09-8084-d1d9130b4f2e"	"asc"	"62596"	"coconino national forest along fr 125, on anderson mesa"	35.00028	-111.66667	"united states"	"arizona"	"coconino county"	NA	NA	"solanaceae"	"lycium"	"pallidum"	NA	"lycium pallidum"
"55cc9787-d6b3-4384-aec8-4329d875af0a"	"des"	"des00067798"	"coyote valley, west of coyote wash, northwest of coyote spring, 12s 407498 e, 4090424 n, nad 83/84"	36.955355	-112.039005	"united states"	"arizona"	"coconino county"	NA	NA	"solanaceae"	"lycium"	"pallidum"	NA	"lycium pallidum"
"56fe0a0c-a385-48fd-a38a-62a1c260aa7b"	"asc"	"15799"	"near mcguireville."	34.63806	-111.81639	"united states"	"arizona"	"coconino county"	NA	NA	"solanaceae"	"lycium"	"pallidum"	"pallidum"	"lycium pallidum var. pallidum"
"57875495-0a37-49e4-9dfe-7cdb1783406c"	"asu"	NA	"13.3 miles south of oracle on road to mount lemmon"	32.4178	-110.77	"united states"	"arizona"	"pima county"	NA	NA	"solanaceae"	"lycium"	"pallidum"	"pallidum"	"lycium pallidum var. pallidum"
"586aa587-30fd-4106-ad4d-ee0d65b71985"	"asc"	"103685"	"homolovi state park"	35.068324	-110.644986	"united states"	"arizona"	"navajo"	NA	NA	"solanaceae"	"lycium"	"pallidum"	NA	"lycium pallidum"
"587446e5-9372-4539-aedf-630e3578729f"	"cas"	"589652"	"about 10 miles north and east of trona, mojave desert"	35.8833333333	-117.3333333333	"united states"	"california"	"inyo county"	NA	NA	"solanaceae"	"lycium"	"pallidum"	"oligospermum"	"lycium pallidum var. oligospermum  c.l. hitchc."
"58a8c650-c793-404f-b64c-a37a88385f0f"	"asc"	"98388"	"mathis tank on the twin point arm of the shivwits plateau"	36.0588099888789	-113.626110494475	"united states"	"arizona"	"mohave county"	NA	NA	"solanaceae"	"lycium"	"pallidum"	NA	"lycium pallidum"
"59a9d365-ceb5-41df-8c7e-a1c2f8cd53ea"	"rsa"	"rsa794244"	"mule canyon w/o calico dig"	34.945	-116.8405	"united states"	"california"	"san bernardino"	NA	4200	"solanaceae"	"lycium"	"pallidum"	"oligospermum"	"lycium pallidum var. oligospermum"
"59ad520d-a3a7-4af7-9207-5bcd52687ec1"	"rsa"	"rsa650056"	"gold valley ranch. table top mtns."	35.0899	-115.3976	"united states"	"california"	"riverside"	NA	2420	"solanaceae"	"lycium"	"pallidum"	"oligospermum"	"lycium pallidum var. oligospermum"
"5b06fdae-726c-4864-9850-39c0e6e0e4aa"	"ucr"	"ucr248092"	"sonoran (colorado) desert mecca hills, at hidden spring just off hidden spring canyon, c. 2.6 air miles south of shaver well, or c. 5.4 air miles northeast of junction of box canyon road and the coachella canal"	33.58361	-115.90608	"united states"	"california"	"riverside"	NA	1000	"solanaceae"	"lycium"	"pallidum"	"oligospermum"	"lycium pallidum var. oligospermum"
"5b84327f-7972-45d5-8494-0bb03037940b"	"gmdrc"	"gmdrc6419"	"valley north of waterman hills, south of mud hills, along powerline road, 1.1 mi. west of irwin rd, 0.7 mi. north of fossil beds rd, about 8 miles north of barstow"	34.9992	-117.005933333333	"united states"	"california"	"san bernardino"	NA	30	"solanaceae"	"lycium"	"pallidum"	"oligospermum"	"lycium pallidum var. oligospermum"
"5cc7ef62-843d-486a-98d5-8f9aec14486e"	"asc"	"58842"	"montezuma castle national monument"	34.64889	-111.75722	"united states"	"arizona"	"yavapai county"	NA	NA	"solanaceae"	"lycium"	"pallidum"	NA	"lycium pallidum"
"5d80f401-14ac-4708-afa6-6b362b43e45d"	"sd"	"sd26411"	"eastern mouth of shepherd\'s canyon, argus mts road and grant road"	36.0443	-117.3891	"united states"	"california"	"inyo"	NA	1300	"solanaceae"	"lycium"	"pallidum"	"oligospermum"	"lycium pallidum var. oligospermum"
"5d93ece1-d24e-43a4-b17d-c95ff20e4217"	"asu"	NA	"village of supai; in havasu canyon"	36.3078	-112.761	"united states"	"arizona"	"coconino county"	NA	NA	"solanaceae"	"lycium"	"pallidum"	"pallidum"	"lycium pallidum var. pallidum"
"5e807fa1-ebd1-40bd-83cd-1894cdf0c714"	"jeps"	"jeps17061"	"between death valley and panamint valley (on the w approach to townes pass)"	36.374096	-117.2854	"united states"	"california"	"inyo"	NA	250	"solanaceae"	"lycium"	"pallidum"	"oligospermum"	"lycium pallidum var. oligospermum"
"5fc09d85-5336-4738-ba5f-e1d04a4051ba"	"rsa"	"rsa428580"	"san joaquin valley, near baker field."	35.2819	-118.9192	"united states"	"california"	"kern"	NA	10000	"solanaceae"	"lycium"	"pallidum"	"oligospermum"	"lycium pallidum var. oligospermum"
"600e80d6-5ad0-4e0b-a5a3-990f38f2a260"	"rsa"	"rsa758846"	"death valley nat\'l monument, funeral mountains, keane wonder springs"	36.7452	-116.9014	"united states"	"california"	"inyo"	NA	300	"solanaceae"	"lycium"	"pallidum"	"oligospermum"	"lycium pallidum var. oligospermum"
"61d015d2-2583-4342-8193-ad8d171e50fe"	"asc"	"26566"	"walnut canyon national monument, walnut canyon, e canyon half."	35.16667	-111.50444	"united states"	"arizona"	"coconino county"	NA	NA	"solanaceae"	"lycium"	"pallidum"	NA	"lycium pallidum"
"624b3cf0-3e24-4576-8ec9-0b63f9d497e5"	"asc"	"7524"	"near post office, havasu."	36.238333	-112.689722	"united states"	"arizona"	"coconino county"	NA	5000	"solanaceae"	"lycium"	"pallidum"	"pallidum"	"lycium pallidum var. pallidum"
"63113f8b-82f3-49f5-8125-07702bd49394"	"asu"	NA	"upper san pedro river floodplain, 'charleston-gauge' site just north of charleston road, ~150 m west of river"	31.6271	-110.176	"united states"	"arizona"	"cochise county"	NA	NA	"solanaceae"	"lycium"	"pallidum"	NA	"lycium pallidum"
"6325d28e-1ba1-4ec5-ad66-95384bbbe332"	"jeps"	"jeps12200"	"barstow mohave desert"	34.897	-117.0228	"united states"	"california"	"san bernardino"	NA	3500	"solanaceae"	"lycium"	"pallidum"	"oligospermum"	"lycium pallidum var. oligospermum"
"66530c48-c31b-462d-8d5d-ed4c1c1606f4"	"cas"	"cas145160"	"victorville"	34.537	-117.2938	"united states"	"california"	"san bernardino"	NA	3500	"solanaceae"	"lycium"	"pallidum"	NA	"lycium pallidum"
"66a61f09-9bcf-41e8-a0be-0a09c7b32654"	"asc"	"70646"	"navajo national monument, below inscription house ruin"	36.66934	-110.81801	"united states"	"arizona"	"coconino county"	NA	NA	"solanaceae"	"lycium"	"pallidum"	NA	"lycium pallidum"
"673e2466-e6d9-4212-87b5-74e07b6a6153"	"ny"	"00951081"	"allen canyon, southwest of abajo mountains"	37.6842	-109.6475	"united states"	"utah"	NA	NA	10000	"solanaceae"	"lycium"	"pallidum"	NA	"lycium pallidum miers"
"67ff37f6-9547-4bd1-abb3-5251f7ae4db5"	"asc"	"4274"	"yucca."	34.87222	-114.14861	"united states"	"arizona"	"mohave county"	NA	NA	"solanaceae"	"lycium"	"pallidum"	"pallidum"	"lycium pallidum var. pallidum"
"683afda6-c6dd-4725-8704-c3cd7b6cf1f6"	"rsa"	"rsa286706"	"on bajada in extreme ne extension of range, baout 9 mi. ene of horse thief springs."	35.7857	-115.7287	"united states"	"california"	"san bernardino"	NA	2600	"solanaceae"	"lycium"	"pallidum"	"oligospermum"	"lycium pallidum var. oligospermum"
"68468b0d-d249-41e7-b4cc-be446970aead"	"uc"	"uc1745760"	"ridge e of summit of mule canyon, calico mts."	34.9536	-116.8233	"united states"	"california"	"san bernardino"	NA	1900	"solanaceae"	"lycium"	"pallidum"	"oligospermum"	"lycium pallidum var. oligospermum"
"69faea8c-efc8-4ce4-a5a5-448f6d3191ae"	"uvsc"	"10888"	"highway 191, mile marker 33, road w of highway"	37.389833	-109.517566	"united states"	"utah"	"san juan"	NA	30	"solanaceae"	"lycium"	"pallidum"	NA	"lycium pallidum"
"6c4590a2-7afc-4e41-9265-df49970b7ff5"	"rsa"	"rsa699021"	"2 mi. nw dos palmas."	33.5167	-115.8664	"united states"	"california"	"riverside"	NA	NA	"solanaceae"	"lycium"	"pallidum"	"oligospermum"	"lycium pallidum var. oligospermum"
"6cbe3d42-3243-4dd6-bdae-046f5660b3c6"	"asc"	"91775"	"wet beaver creek wilderness area, ca 1/2 mile east of parking area on north side of wet beaver creek."	34.67815	-111.698583	"united states"	"arizona"	"yavapai county"	NA	NA	"solanaceae"	"lycium"	"pallidum"	NA	"lycium pallidum"
"6e56f86a-65cc-4f77-887c-7f0e749f2262"	"jeps"	"jeps12194"	"barstow mohave desert"	34.897	-117.0228	"united states"	"california"	"san bernardino"	NA	3500	"solanaceae"	"lycium"	"pallidum"	"oligospermum"	"lycium pallidum var. oligospermum"
"6ec20eff-d05a-4e66-8b5a-76c3d20785bf"	"ucr"	"ucr32161"	"northern mojave desert hwy 178 (trona-wildrose cyn.), 1.2 mi north of quarry rd."	35.79222	-117.35528	"united states"	"california"	"san bernardino"	NA	10000	"solanaceae"	"lycium"	"pallidum"	"oligospermum"	"lycium pallidum var. oligospermum"
"6efd4c64-37d2-4431-9aeb-ac29d5a162f8"	"cas"	"cas189758"	"argus mts."	36.1576	-117.4668	"united states"	"california"	"inyo"	NA	25000	"solanaceae"	"lycium"	"pallidum"	NA	"lycium pallidum"
"70621b58-6fd6-498e-a430-a0a2a1887a72"	"asu"	NA	"along san francisco river; ca. 4 miles north of clifton; at ash spring canyon"	33.1138	-109.282	"united states"	"arizona"	"greenlee county"	NA	700	"solanaceae"	"lycium"	"pallidum"	NA	"lycium pallidum"
"7175b222-3ceb-4195-b9f1-6a0f8382effc"	"rsa"	"rsa24724"	"3 miles ne of barstow on hwy 91 to yermo"	34.905	-116.9822	"united states"	"california"	"san bernardino"	NA	130	"solanaceae"	"lycium"	"pallidum"	"oligospermum"	"lycium pallidum var. oligospermum"
"729c03fa-8789-44b1-a316-5de3578cc597"	"rsa"	"rsa4842"	"n side of mojave river, 1.5 miles from daggett on the road to yermo"	34.8847222222222	-116.886111111111	"united states"	"california"	"san bernardino"	NA	NA	"solanaceae"	"lycium"	"pallidum"	"oligospermum"	"lycium pallidum var. oligospermum"
"734aaf8c-ba53-4b6a-b434-18b4b2167f04"	"asc"	"97197"	"west of fredonia, four miles south of highway 389 along road 109"	36.832	-112.675167	"united states"	"arizona"	"mohave county"	NA	NA	"solanaceae"	"lycium"	"pallidum"	NA	"lycium pallidum"
"7351bd69-7e37-470b-a45b-b31983ca8c33"	"cas"	"cas337473"	"scotty\'s castle, death valley"	37.0317	-117.3418	"united states"	"california"	"inyo"	NA	2000	"solanaceae"	"lycium"	"pallidum"	NA	"lycium pallidum"
"7489b37e-a217-4d97-ac2b-6f81fb3dbd27"	"asc"	"91672"	"5 miles west of beatty adjacent to highway 374"	36.861	-116.845167	"united states"	"nevada"	"nye"	NA	NA	"solanaceae"	"lycium"	"pallidum"	"oligospermum"	"lycium pallidum var. oligospermum"
"74a39ff8-6851-4fdc-942d-97337df23129"	"ucr"	"ucr38680"	"mojave desert w end of calico mtns, nw of calico along yermo cut-off"	34.96944	-116.92111	"united states"	"california"	"san bernardino"	NA	10000	"solanaceae"	"lycium"	"pallidum"	"oligospermum"	"lycium pallidum var. oligospermum"
"75b26630-1471-4a24-a402-c3eefa9d8638"	"asu"	NA	"long h ranch; 20 miles northwest of st. johns"	34.8003	-109.407	"united states"	"arizona"	"apache county"	NA	NA	"solanaceae"	"lycium"	"pallidum"	"pallidum"	"lycium pallidum var. pallidum"
"76023cae-e388-46c6-abad-f8c8c071b36c"	"des"	NA	"along old safford road, west side of pumroy canyon."	32.9361	-109.330117	"united states"	"arizona"	"greenlee"	NA	NA	"solanaceae"	"lycium"	"pallidum"	NA	"lycium pallidum"
"7657ab03-9f38-4cf2-9186-5f9752b9e274"	"asc"	"70027"	"approximately 6 miles west of bluff, ut on highway 163 to butler wash exit, then n on main blm dirt road approximately 12 miles, then left on dirt two-track approximately 150 m to edge of comb geologic formation;"	37.38852	-109.63299	"united states"	"utah"	"san juan county"	NA	NA	"solanaceae"	"lycium"	"pallidum"	NA	"lycium pallidum"
"76f3e804-d9d4-4be3-92ca-679b03b4c7c7"	"asc"	"10776"	"1 mi e of valentine, highway 66."	35.387499	-113.639148	"united states"	"arizona"	"mohave county"	NA	NA	"solanaceae"	"lycium"	"pallidum"	"pallidum"	"lycium pallidum var. pallidum"
"7746c86c-205f-4868-b359-e0e524908e2e"	"asc"	"14537"	"navajo reservation, s of ganado."	35.71139	-109.54139	"united states"	"arizona"	"apache county"	NA	NA	"solanaceae"	"lycium"	"pallidum"	"pallidum"	"lycium pallidum var. pallidum"
"7845768d-08fc-4e5d-8450-57baf39898b8"	"ny"	"00951095"	"0.1 road miles w of coyote spring on road to white river valley"	38.0335	-114.85911	"united states"	"nevada"	"lincoln co."	NA	NA	"solanaceae"	"lycium"	"pallidum"	NA	"lycium pallidum miers"
"78baa257-8db9-4db7-ba4e-f4452ab2561c"	"des"	"des00030775"	"ene of valley wells, ca. 4.75 mi ne of trona on trona-wildrose road."	35.7451	-117.339	"united states"	"california"	"inyo"	NA	969	"solanaceae"	"lycium"	"pallidum"	NA	"lycium pallidum"
"78d0b22c-f631-4f6b-8fb9-7b2c6919fd28"	"hsc"	"hsc85183"	"inyo mtns., hills just e of n end saline valley rd., 2.9 mi. n85\'e of bunker hill mine"	36.9357	-117.9006	"united states"	"california"	"inyo"	NA	790	"solanaceae"	"lycium"	"pallidum"	"oligospermum"	"lycium pallidum var. oligospermum"
"79a0ad2c-6949-46b6-8809-c017e0d336b4"	"asc"	"60590"	"cornville quad."	34.7537	-111.9124	"united states"	"arizona"	"yavapai county"	NA	1250	"solanaceae"	"lycium"	"pallidum"	NA	"lycium pallidum"
"79e6f198-3469-4426-a8bd-35a078832ca6"	"hsc"	"hsc45335"	"death valley national monument, s entrance to park on road to shoshone"	36.1948	-116.3681	"united states"	"california"	"inyo"	NA	2350	"solanaceae"	"lycium"	"pallidum"	"oligospermum"	"lycium pallidum var. oligospermum"
"7aa1b5e1-7f92-4054-92aa-1c398ad7a3c4"	"asc"	"5252"	"11 mi sw kayenta."	36.614898	-110.394628	"united states"	"arizona"	"navajo county"	NA	NA	"solanaceae"	"lycium"	"pallidum"	"pallidum"	"lycium pallidum var. pallidum"
"7d0e6983-36a0-40e1-ace1-2a1c3bf6dad9"	"asu"	NA	"e of camp verde"	34.5636	-111.83	"united states"	"arizona"	"yavapai county"	NA	200	"solanaceae"	"lycium"	"pallidum"	"pallidum"	"lycium pallidum var. pallidum"
"7d11ebf8-0409-46f0-8d15-51e1fa2b20dd"	"asc"	"asc00106607"	"colorado plateau, kaibab national forest tusayan district, upper basin, 19 km e of grand canyon national park south entrance station on highway 64, 2.25 km se from highway 64 on forest road 310 (coconino rim road), 7.9 km ne on forest road 307, 239 m e on east-facing slope of trash dam tank."	35.9545	-111.886194	"united states"	"arizona"	"coconino county"	NA	30	"solanaceae"	"lycium"	"pallidum"	"pallidum"	"lycium pallidum var. pallidum"
"7defcac0-b746-4346-b939-f31dfd895b35"	"asc"	"58447"	"iron springs road, skull valley wash, just s of skull valley on way to kirkland, on rocky, steep w-facing slope"	34.405289	-112.732775	"united states"	"arizona"	"yavapai county"	NA	NA	"solanaceae"	"lycium"	"pallidum"	NA	"lycium pallidum"
"7e84b6bc-c7d4-4c20-81b1-2618f02ad134"	"ucd"	"ucd126616"	"inyo county: nevada state highway 58, 0.5 mile east of daylight pass in death valley national monument, near stateline between inyo county, california and nye county, nevada"	36.8467	-117.0745	"united states"	"california"	"inyo"	NA	400	"solanaceae"	"lycium"	"pallidum"	"oligospermum"	"lycium pallidum var. oligospermum"
"7f1a6244-96a0-446d-9ddf-3c7143f16c9a"	"asu"	NA	"pinalena mountains; 10 miles east of bonita stacton pass"	32.5896	-109.796	"united states"	"arizona"	"graham county"	NA	NA	"solanaceae"	"lycium"	"pallidum"	NA	"lycium pallidum"
"8015734a-9142-4122-bfdf-535e0cc4b1b1"	"cas"	"cas380407"	"mojave desert, mesa, 3 mi. n.e. of barstow on u.s. highway #91 to yermo"	34.9064	-116.9779	"united states"	"california"	"san bernardino"	NA	800	"solanaceae"	"lycium"	"pallidum"	"oligospermum"	"lycium pallidum var. oligospermum"
"81f2a89a-80fc-4121-a285-369b5c58e9d5"	"des"	"des00011719"	"10 mi s of rte 399, on tuweap rd."	36.735032	-112.903061	"united states"	"arizona"	"coconino"	NA	5000	"solanaceae"	"lycium"	"pallidum"	NA	"lycium pallidum"
"8239c420-bb75-4ccc-b598-90e58be8217b"	"asc"	"83579"	"hartwell canyon, tnc property"	34.926944	-111.909167	"united states"	"arizona"	"yavapai county"	NA	NA	"solanaceae"	"lycium"	"pallidum"	NA	"lycium pallidum"
"823a1b9f-742e-4d8e-97d6-9ba256d3e8c6"	"asu"	NA	"4 miles north of cottonwood; on route 79"	34.7972	-112.009	"united states"	"arizona"	"yavapai county"	NA	NA	"solanaceae"	"lycium"	"pallidum"	"pallidum"	"lycium pallidum var. pallidum"
"82643977-be76-4317-b84d-0daef6a4251f"	"uc"	"uc1073429"	"1 mi s hinkley station (just e of hinkley valley acres, on route 466)"	34.9217	-117.1977	"united states"	"california"	"san bernardino"	NA	900	"solanaceae"	"lycium"	"pallidum"	"oligospermum"	"lycium pallidum var. oligospermum"
"838ff39e-e210-4b29-82d2-068147de6b52"	"asc"	"90494"	"montezuma"	34.638333	-111.778611	"united states"	"arizona"	"yavapai"	NA	NA	"solanaceae"	"lycium"	"pallidum"	NA	"lycium pallidum"
"83d2b093-6fc6-4137-b3d7-8a586a2ec59a"	"des"	"des00012640"	"cedar mountain, ca. 3 miles south of glen canyon city."	37.032981	-111.669251	"united states"	"utah"	"kane"	NA	1807	"solanaceae"	"lycium"	"pallidum"	NA	"lycium pallidum"
"83f96dc5-f8eb-40a2-b9d0-49bc81289c97"	"rsa"	"rsa290762"	"death valley national monument, panamint mountains: wildrose spring wash toward panamint valley."	36.2611	-117.2145	"united states"	"california"	"inyo"	NA	200	"solanaceae"	"lycium"	"pallidum"	"oligospermum"	"lycium pallidum var. oligospermum"
"84d73b7d-979a-45cd-a063-6696408bff3a"	"asu"	NA	"coconino national forest, yavapai county, arizona, bull pen ranch camp ground and west clear creek wilderness trail head, usfs trail #17 (west clear creek trail), west clear creek flood plain, north side of stream in open meadow under cottonwood / sycamore canopy elevation 3600 ft, usgs quad. walker mtn, ariz., usda permit lov0048, bond, r"	34.5398	-111.704705	"united states"	"arizona"	"yavapai"	NA	NA	"solanaceae"	"lycium"	"pallidum"	NA	"lycium pallidum"
"857fa112-f1d2-4e0b-a4f6-c35dc8e1d2c0"	"sjsu"	"sjsu4229"	"outskirts of barstow"	34.8952	-116.9959	"united states"	"california"	"san bernardino"	NA	5000	"solanaceae"	"lycium"	"pallidum"	"oligospermum"	"lycium pallidum var. oligospermum"
"85aeda69-d290-460c-9d72-ac4a3b1181d4"	"asc"	"5969"	"black mountain, w of black mountain trading post"	36.12	-109.94	"united states"	"arizona"	"apache county"	NA	NA	"solanaceae"	"lycium"	"pallidum"	NA	"lycium pallidum"
"870f340c-fa9e-4b95-98d6-7ead63506275"	"asu"	NA	"coconino national forest, yavapai county, arizona, bull pen ranch camp ground and west clear creek wilderness trail head, usfs trail #17 (west clear creek trail), west clear creek flood plain, north side of stream in open meadow under cottonwood / sycamore canopy elevation 3600 ft, usgs quad. walker mtn, ariz., usda permit lov0048, bond, r"	34.5398	-111.704705	"united states"	"arizona"	"yavapai"	NA	NA	"solanaceae"	"lycium"	"pallidum"	NA	"lycium pallidum"
"883ef6a5-d766-4330-9fcd-69e17a715bb9"	"asu"	NA	"along interstate 17; junction road to montezuma castle"	34.65	-111.833	"united states"	"arizona"	"yavapai county"	NA	NA	"solanaceae"	"lycium"	"pallidum"	"pallidum"	"lycium pallidum var. pallidum"
"89363ce4-f029-407a-9ffd-c53d1d8be797"	"asu"	NA	"bonita creek between midnight canyon and san carlos reservation boundary"	32.9549	-109.531	"united states"	"arizona"	"graham county"	NA	NA	"solanaceae"	"lycium"	"pallidum"	"pallidum"	"lycium pallidum var. pallidum"
"89bcb447-7719-49f8-bf28-18658385f58d"	"des"	"des00010305"	"peloncillo mountains, along road to microwave tower, 0.7 miles north of us 70, 11.5 airline miles west-northwest of duncan."	33.1798	-109.860484	"united states"	"arizona"	"graham"	NA	969	"solanaceae"	"lycium"	"pallidum"	"pallidum"	"lycium pallidum var. pallidum"
"89f7f38f-b466-42a5-98d6-98ea26d11f8e"	"sjsu"	"sjsu3639"	"grapevine springs, w slope grapevine mts, death valley drainage"	37.0241	-117.3911	"united states"	"california"	"inyo"	NA	1146	"solanaceae"	"lycium"	"pallidum"	"oligospermum"	"lycium pallidum var. oligospermum"
"8a2cb583-ad30-4fb1-9af9-98cf9e13df80"	"obi"	"obi33562"	"hwy 178 (trona-wildrose rd), 1.2 mi n of quarry rd"	35.9379	-117.3344	"united states"	"california"	"san bernardino"	NA	500	"solanaceae"	"lycium"	"pallidum"	"oligospermum"	"lycium pallidum var. oligospermum"
"8a72330a-88cc-4cd7-9f53-d608e3ab72e4"	"asc"	"52459"	"1 mi w ganado."	35.711389	-109.559253	"united states"	"arizona"	"apache county"	NA	NA	"solanaceae"	"lycium"	"pallidum"	NA	"lycium pallidum"
"8a7bee55-e8cf-414a-8acb-337fb03e5468"	"ny"	"00951073"	"fort verde"	34.5661	-111.8553	"united states"	"arizona"	NA	NA	1000	"solanaceae"	"lycium"	"pallidum"	NA	"lycium pallidum miers"
"8b312140-2396-4b59-9bca-2156631a2532"	"rsa"	"rsa1211"	"8 mi. w of shoshone."	35.9605	-116.3785	"united states"	"california"	"inyo"	NA	1600	"solanaceae"	"lycium"	"pallidum"	"oligospermum"	"lycium pallidum var. oligospermum"
"8b9ae0a5-88ca-4455-83e3-e1b10a2d3668"	"asu"	NA	"hualapai mountains; along d-w ranch road near pinon pine estates; rattlesnake hill 7.5' quad."	35.1455	-113.907	"united states"	"arizona"	"mohave county"	NA	700	"solanaceae"	"lycium"	"pallidum"	"pallidum"	"lycium pallidum var. pallidum"
"8dc3e660-fffe-4867-acab-fbfaf14133cb"	"rsa"	"rsa24161"	"death valley region, valley to s.e. of nopah range. 9 mi. n. of tule spring."	35.9639	-115.9958	"united states"	"california"	"inyo"	NA	367	"solanaceae"	"lycium"	"pallidum"	"oligospermum"	"lycium pallidum var. oligospermum"
"8dcb58c8-58ba-4316-84ce-bd6f80bf1cb1"	"asc"	"21002"	"1 mi ne of camp verde."	34.573868	-111.841153	"united states"	"arizona"	"yavapai county"	NA	NA	"solanaceae"	"lycium"	"pallidum"	"pallidum"	"lycium pallidum var. pallidum"
"8e2f36a9-b21d-4938-bade-5ca7ca450274"	"ucd"	"ucd126614"	"inyo county: w side of daylight pass, death valley national monument, about 10 miles from highway 190"	36.7499	-116.9376	"united states"	"california"	"inyo"	NA	300	"solanaceae"	"lycium"	"pallidum"	"oligospermum"	"lycium pallidum var. oligospermum"
"8e7bdbe3-f2bd-45ba-9e8d-283100322d93"	"asc"	"5249"	"n of preston mesa, e of gap."	36.36861	-111.20417	"united states"	"arizona"	"coconino county"	NA	NA	"solanaceae"	"lycium"	"pallidum"	"pallidum"	"lycium pallidum var. pallidum"
"8f5b8fef-28d8-4f51-97a5-30fbba32e6b1"	"asu"	NA	"4 miles west of sedona, az"	34.8697	-111.831	"united states"	"arizona"	"yavapai county"	NA	NA	"solanaceae"	"lycium"	"pallidum"	NA	"lycium pallidum"
"8fca8c0d-e0a7-4cda-9d65-b9de442e113a"	"asc"	"77032"	"sedona. s wash on house mt;"	34.74	-111.829167	"united states"	"arizona"	"yavapai county"	NA	NA	"solanaceae"	"lycium"	"pallidum"	NA	"lycium pallidum"
"90648bda-6bfa-407c-8509-3b75b1a0ca97"	"uvsc"	"16892"	"spring canyon, n of bluff;"	37.31495	-109.549522	"united states"	"utah"	"san juan"	NA	NA	"solanaceae"	"lycium"	"pallidum"	NA	"lycium pallidum"
"91ad098a-420b-41c2-95c4-5f0b8c48fda2"	"asc"	"10713"	"e side cottonwood wash, 4 st., cottonwood."	34.705047	-112.913275	"united states"	"arizona"	"yavapai county"	NA	NA	"solanaceae"	"lycium"	"pallidum"	"pallidum"	"lycium pallidum var. pallidum"
"9255fc81-ad12-44f2-9ca7-7c9b5c51d8a8"	"asc"	"60343"	"near site 59, 35 mi se page on page-kaibito highway."	36.548876	-111.023933	"united states"	"arizona"	"coconino county"	NA	NA	"solanaceae"	"lycium"	"pallidum"	NA	"lycium pallidum"
"9292c269-9bc3-4a8e-8279-9e8e3f9adeae"	"asu"	NA	"perkinsville"	34.8953	-112.208	"united states"	"arizona"	"yavapai county"	NA	NA	"solanaceae"	"lycium"	"pallidum"	NA	"lycium pallidum"
"970b1015-2b10-4859-92c3-a54e742ac84f"	"asc"	"89583"	"grand canyon national park; south rim; plateau at headwaters of turquoise canyon and sw of paiute point. nps-nvmp plot 03206. pocket of shrubland in surrounding pinyon-juniper woodland. with forbs erodium, mirabilis, portulaca, sanvitalia."	36.10906	-112.3452	"united states"	"arizona"	"coconino county"	NA	3	"solanaceae"	"lycium"	"pallidum"	NA	"lycium pallidum"
"98db7882-61a5-437f-9917-8576e02c5caf"	"asu"	NA	"lukachukai"	36.4169	-109.228	"united states"	"arizona"	"apache county"	NA	NA	"solanaceae"	"lycium"	"pallidum"	"pallidum"	"lycium pallidum var. pallidum"
"98f45704-a515-40a4-9690-208ef60e44ba"	"asu"	NA	"black rock wash. t6s,r21e,sec17,nw,sw. upstream of junction of holdout canyon and round corral. south of trail."	32.9453	-110.195	"united states"	"arizona"	"graham county"	NA	NA	"solanaceae"	"lycium"	"pallidum"	NA	"lycium pallidum"
"99abb496-e36c-4e33-a83e-f22503f6769d"	"sd"	"sd24665"	"spring in shepherds canyon, argus mts"	36.0435	-117.4176	"united states"	"california"	"inyo"	NA	1250	"solanaceae"	"lycium"	"pallidum"	"oligospermum"	"lycium pallidum var. oligospermum"
"99fa4f88-b9fe-4254-a5ed-c2a39ced8883"	"uvsc"	"14257"	"hills w of the santa clara river, w side of utah highway 8, ca. 2 miles n of gunlock;"	37.311266	-113.738433	"united states"	"utah"	"washington"	NA	30	"solanaceae"	"lycium"	"pallidum"	NA	"lycium pallidum"
"9bb4c966-5ad1-488d-a8a2-faf511ea2ae4"	"ds"	"ds338397"	"emigrant canyon 2 miles n. of emigrant spring, death valley nat\'l monument, panamint mts."	36.4567	-117.2066	"united states"	"california"	"inyo"	NA	500	"solanaceae"	"lycium"	"pallidum"	"oligospermum"	"lycium pallidum var. oligospermum"
"9bc9ae1d-4c45-4f0d-8420-50256fce9bb7"	"ucr"	"ucr121124"	"mojave desert iron mountains, sw of hinkley and c. 10 mi. (air) wsw of barstow, off iron mountain rd."	34.875	-117.23333	"united states"	"california"	"san bernardino"	NA	NA	"solanaceae"	"lycium"	"pallidum"	NA	"lycium pallidum"
"9bdf6159-2e9c-4461-8ea9-df34013247d5"	"asc"	"92082"	"grapevine allotment, coconino nf"	34.872778	-111.238611	"united states"	"arizona"	"coconino"	NA	NA	"solanaceae"	"lycium"	"pallidum"	NA	"lycium pallidum"
"9df00355-ff42-429a-a1e5-26323af5bd70"	"asc"	"73688"	"canyon de chelly national monument. above spring canyon."	36.15528	-109.50833	"united states"	"arizona"	"apache county"	NA	NA	"solanaceae"	"lycium"	"pallidum"	NA	"lycium pallidum"
"9ef5d5b1-5508-45ba-8792-a23a262aab74"	"ds"	"ds345768"	"west base of eagle mountain, 8 mi. s. of death valley junction"	36.203	-116.3772	"united states"	"california"	"inyo"	NA	3375	"solanaceae"	"lycium"	"pallidum"	"oligospermum"	"lycium pallidum var. oligospermum"
"9f1f0ef7-300d-4d05-8348-80c910036d68"	"rsa"	"rsa699023"	"dos palmas"	33.4967	-115.8505	"united states"	"california"	"riverside"	NA	NA	"solanaceae"	"lycium"	"pallidum"	"oligospermum"	"lycium pallidum var. oligospermum"
"9fc3f69f-08d2-42fe-a3ec-28e037548131"	"asc"	"32091"	"highway 79, cottonwood turnoff."	34.73917	-112.00917	"united states"	"arizona"	"yavapai county"	NA	NA	"solanaceae"	"lycium"	"pallidum"	"pallidum"	"lycium pallidum var. pallidum"
"a0b69ac0-6b51-453d-9b6c-8f3d0a39a1ce"	"asc"	"32668"	"5 mi ne ash fork; aps site 1, plot 1."	35.276269	-112.420549	"united states"	"arizona"	"coconino county"	NA	NA	"solanaceae"	"lycium"	"pallidum"	NA	"lycium pallidum"
"a2137af1-d4b1-4af6-8278-a0f8dc600b39"	"asc"	"87420"	"aztec ruins national monument, uplands northwest of the visitor center"	36.8354236615833	-108.006643799388	"united states"	"new mexico"	"san juan county"	NA	NA	"solanaceae"	"lycium"	"pallidum"	NA	"lycium pallidum"
"a29dc539-c2b5-4d37-834b-5602f2aa1df4"	"dbg"	"khd00036719"	"about 3/4 mile e of i 25 on hoehne road (exit 23)."	37.198583	-104.485782	"united states"	"colorado"	"las animas county"	NA	10000	"solanaceae"	"lycium"	"pallidum"	NA	"lycium pallidum"
"a300f342-9164-4455-ac52-56728774f5f9"	"des"	"des00066542"	"kaibab national forest, along fsr 232, 1/2 mile east of fsr 423 and jump up canyon, 12s 362859 e, 4050953 n, nad 83/84"	36.594216	-112.533162	"united states"	"arizona"	"coconino county"	NA	NA	"solanaceae"	"lycium"	"pallidum"	NA	"lycium pallidum"
"a48f3a56-a122-4510-bc41-1bd00b47cee0"	"des"	"des00061677"	"paria canyon, transect rf t10/fr 11, upstream from wrather canyon, 430735 e, 4092929 n, nad 83."	36.979931	-111.778257	"united states"	"arizona"	"coconino county"	NA	500	"solanaceae"	"lycium"	"pallidum"	NA	"lycium pallidum"
"a577d98f-8e65-443b-8627-c15063a3880e"	"hsc"	"hsc21259"	"w side of daylight pass, death valley national monument, 10 mi. from hwy. 190"	36.7499	-116.9376	"united states"	"california"	"inyo"	NA	300	"solanaceae"	"lycium"	"pallidum"	"oligospermum"	"lycium pallidum var. oligospermum"
"a5931aa9-b691-4b98-afa2-e7d086990d85"	"la"	"la209692"	"calico mountains, between barstow and pickhandle pass"	34.9937	-116.9728	"united states"	"california"	"san bernardino"	NA	8000	"solanaceae"	"lycium"	"pallidum"	"oligospermum"	"lycium pallidum var. oligospermum"
"a598665b-2f72-41a5-9ac4-3ab62829790c"	"asc"	"66372"	"ne foothills santa rita mountains, rosemont canyon."	31.8241	-110.737333	"united states"	"arizona"	"pima county"	NA	NA	"solanaceae"	"lycium"	"pallidum"	NA	"lycium pallidum"
"a61a1905-8b7c-4801-b237-87a8e94eedb2"	"asu"	"287722"	"in verde river canyon near headwaters before perennial flows begin; 0.64 mi west of confluence with granite creek; 2miles south of paulden."	34.864868	-112.442734	"united states"	"arizona"	"yavapai county"	NA	NA	"solanaceae"	"lycium"	"pallidum"	NA	"lycium pallidum"
"a6f69368-35b2-4f25-bb55-9f7ad2b1144f"	"asc"	"66917"	"ne prescott, 3.9 km due n of badger mountain, s of granite dells, just s of watson lake, e side granite creek, at kiosk."	34.57418	-112.42818	"united states"	"arizona"	"yavapai county"	NA	NA	"solanaceae"	"lycium"	"pallidum"	"pallidum"	"lycium pallidum var. pallidum"
"a744443f-8df6-433a-808d-125e22b16425"	"asc"	"63347"	"tsegi canyon, 10 mi sw kayenta"	36.68466	-110.5187	"united states"	"arizona"	"navajo county"	NA	NA	"solanaceae"	"lycium"	"pallidum"	NA	"lycium pallidum"
"a753f542-90e0-48f4-8acd-ba4706774f02"	"uvsc"	"4207"	"shivwits reservation road, about 2 miles n of boundry."	37.150003	-113.01667	"united states"	"utah"	"washington"	NA	1800	"solanaceae"	"lycium"	"pallidum"	NA	"lycium pallidum"
"a7ac2527-d50a-4b72-9df9-93ca28c86791"	"asc"	"1839"	"oak creek canyon; above jordan's at flume."	34.912377	-111.726886	"united states"	"arizona"	"coconino county"	NA	NA	"solanaceae"	"lycium"	"pallidum"	"pallidum"	"lycium pallidum var. pallidum"
"a7ee343c-a0b9-45d9-85c5-437df908da84"	"chsc"	"chsc35871"	"ca. 15 air mi. nw of barstow along powerline rd. near water valley in mojave desert"	35.07	-117.180277777778	"united states"	"california"	"san bernardino"	NA	4950	"solanaceae"	"lycium"	"pallidum"	"oligospermum"	"lycium pallidum var. oligospermum"
"a82be464-4b6c-4b64-b810-0509d3b7aefc"	"asu"	NA	"grand canyon area; 0.5 miles below mooney falls"	36.2555	-112.707	"united states"	"arizona"	"coconino county"	NA	NA	"solanaceae"	"lycium"	"pallidum"	NA	"lycium pallidum"
"a8532851-bfb7-4a4b-a398-80a5cc807e2b"	"rsa"	"rsa278367"	"ca 6 air miles nne of barstow, ca 0.1 mile w of fort irwin road along fossil bed road."	34.9847	-117.0003	"united states"	"california"	"san bernardino"	NA	700	"solanaceae"	"lycium"	"pallidum"	"oligospermum"	"lycium pallidum var. oligospermum"
"a8f4d250-c141-455d-86a4-cb2c5d2d1447"	"ds"	"ds589652"	"about 10 miles north and east of trona, mojave desert"	35.8833333333	-117.3333333333	"united states"	"california"	"inyo"	NA	NA	"solanaceae"	"lycium"	"pallidum"	"oligospermum"	"lycium pallidum var. oligospermum"
"aada2785-4589-44bb-ba8c-93f223d7f0bb"	"ucr"	"ucr4610"	"northern mojave desert 51 mi south of stove pipe wells, near ballarat, panamint valley"	36.0475	-117.28167	"united states"	"california"	"inyo"	NA	10000	"solanaceae"	"lycium"	"pallidum"	NA	"lycium pallidum"
"ac46427f-4613-47e2-aacb-f79ea22a9a03"	"asc"	"58118"	"montezuma castle national monument, 400-500m ne of nw boundary fence corner"	34.61667	-111.83333	"united states"	"arizona"	"yavapai county"	NA	NA	"solanaceae"	"lycium"	"pallidum"	NA	"lycium pallidum"
"ac601c7a-d6af-4418-9686-7ba23216f140"	"rsa"	"rsa668192"	"9km n of hinkley on hinkley road."	35.0333333333333	-117.183333333333	"united states"	"california"	"san bernardino"	NA	NA	"solanaceae"	"lycium"	"pallidum"	"oligospermum"	"lycium pallidum var. oligospermum"
"aeaa4c53-d039-464d-8332-4b8badd9b254"	"dbg"	"khd00036723"	"mesa verde national park"	37.231391	-108.478523	"united states"	"colorado"	"montezuma county"	NA	10000	"solanaceae"	"lycium"	"pallidum"	NA	"lycium pallidum"
"af7b33e9-7127-448b-b34e-31ad84d44996"	"des"	"des00041570"	"northeastern foothills of santa rita mountains, rosemont canyon."	31.8241	-110.737333	"united states"	"arizona"	"pima"	NA	NA	"solanaceae"	"lycium"	"pallidum"	NA	"lycium pallidum"
"afc1f6ce-227e-4d8e-ba4a-d182391e94bb"	"rsa"	"rsa743881"	"northeast of barstow, just south of irwin road along dirt powerline road, bajada just west of mitchell range."	34.9383143309084	-117.025040482754	"united states"	"california"	"san bernardino"	NA	NA	"solanaceae"	"lycium"	"pallidum"	"oligospermum"	"lycium pallidum var. oligospermum"
"b0b9f122-d0e0-49ab-8189-47fab972f994"	"ny"	"1260071"	"one mile east of cottonwood, along rocking chair road"	34.7378	-111.9958	"united states"	"arizona"	"yavapai co."	NA	NA	"solanaceae"	"lycium"	"pallidum"	NA	"lycium pallidum miers"
"b1c61a59-c3a0-4ee2-9024-717cf9d60be1"	"pom"	"pom184076"	"4 miles north of trona, mohave desert."	35.8245	-117.355	"united states"	"california"	"san bernardino"	NA	2000	"solanaceae"	"lycium"	"pallidum"	"oligospermum"	"lycium pallidum var. oligospermum"
"b384b9b1-dbf4-4599-970f-5814dd4c6b9a"	"asc"	"87503"	"el morro national monument, along the east side of the south boundary"	35.0302473310596	-108.331534306242	"united states"	"new mexico"	"cibola"	NA	NA	"solanaceae"	"lycium"	"pallidum"	NA	"lycium pallidum"
"b415f10f-4a9c-42f3-94a9-2eeb5e884fc8"	"jeps"	"jeps23024"	"along rd. from trona to wildrose canyon (along grade over the slate range, at w. end panamint valley); slate range, panamint valley"	35.9602	-117.3351	"united states"	"california"	"inyo"	NA	1000	"solanaceae"	"lycium"	"pallidum"	"oligospermum"	"lycium pallidum var. oligospermum"
"b633d68b-4cdc-4e21-a0f0-001dfd9e7a8d"	"sd"	"sd42445"	"mojave desert, mesa, 3 mi. ne of barstow on us highway #91 to yermo"	34.9064	-116.9779	"united states"	"california"	"san bernardino"	NA	800	"solanaceae"	"lycium"	"pallidum"	"oligospermum"	"lycium pallidum var. oligospermum"
"b73ad3d8-5857-4889-b957-b46957758d9d"	"asc"	NA	"nw of flagstaff off highway 180, red mountain geologic area"	35.53333	-111.86667	"united states"	"arizona"	"coconino county"	NA	NA	"solanaceae"	"lycium"	"pallidum"	NA	"lycium pallidum"
"b7c08623-f7a7-46d4-837b-3e82a922f702"	"des"	"des00059308"	"wet beaver creek wilderness area, ca 1/2 mile east of parking area on north side of wet beaver creek."	34.67815	-111.698583	"united states"	"arizona"	"yavapai"	NA	NA	"solanaceae"	"lycium"	"pallidum"	NA	"lycium pallidum"
"b8fb0f84-9719-49f3-b4a1-74aa7eac7da4"	"utc"	"utc00189907"	".5 miles n of route 163 on road up comb wash (which leaves route 163 about 8.2 miles w of bluff)."	37.2163906	-109.7053995	"united states"	"utah"	"san juan"	NA	NA	"solanaceae"	"lycium"	"pallidum"	NA	"lycium pallidum"
"b94f818c-b2c5-412e-9712-8b8aece89903"	"asu"	NA	"paymaster tank; san carlos indian reservaiton"	33.3833	-110.1	"united states"	"arizona"	"graham county"	NA	NA	"solanaceae"	"lycium"	"pallidum"	NA	"lycium pallidum"
"b995763a-1918-4171-8469-73e5f0b2ea16"	"chsc"	"chsc1920"	"daggett in mohave desert"	34.8627777777778	-116.884722222222	"united states"	"california"	"san bernardino"	NA	1650	"solanaceae"	"lycium"	"pallidum"	"oligospermum"	"lycium pallidum var. oligospermum"
"bc00ec5b-d288-4f33-840c-c93377dccc9c"	"ucr"	"ucr226656"	"mojave desert calico mountains, on west side of range, 5.5 miles north of hwy i-15 (yermo), 0.9 miles east of fort irwin road at its junction with strachan road"	34.97842	-116.91065	"united states"	"california"	"san bernardino"	NA	1000	"solanaceae"	"lycium"	"pallidum"	"oligospermum"	"lycium pallidum var. oligospermum"
"bc62b7b0-8268-4440-8166-fd2647ad624e"	"ds"	"ds286985"	"near summit of grade between barstow and yermo on u.s. highway #91. mojave desert"	34.9064	-116.9564	"united states"	"california"	"san bernardino"	NA	800	"solanaceae"	"lycium"	"pallidum"	"oligospermum"	"lycium pallidum var. oligospermum"
"bd9436e1-2b05-495a-aa02-2096f8e543ec"	"asu"	NA	"globe,  near edge south of town"	33.3541	-110.8	"united states"	"arizona"	"gila county"	NA	NA	"solanaceae"	"lycium"	"pallidum"	NA	"lycium pallidum"
"bdf15700-7f7a-49f4-9e69-ca121e4bcfb5"	"asu"	NA	"outskirts of globe, az"	33.3942	-110.786	"united states"	"arizona"	"gila county"	NA	NA	"solanaceae"	"lycium"	"pallidum"	"pallidum"	"lycium pallidum var. pallidum"
"be3cd35e-305b-4f08-9a05-0508c0069f4b"	"des"	"des00057519"	"freeman road trailhead."	32.871233	-110.88325	"united states"	"arizona"	"pinal county"	NA	NA	"solanaceae"	"lycium"	"pallidum"	NA	"lycium pallidum"
"beb01700-f96c-430e-a758-44884232a66d"	"jeps"	"jeps12201"	"barstow mohave desert"	34.897	-117.0228	"united states"	"california"	"san bernardino"	NA	3500	"solanaceae"	"lycium"	"pallidum"	"oligospermum"	"lycium pallidum var. oligospermum"
"beed69f1-6a95-4fb8-ac8e-42b1e93193a1"	"cas"	"cas232111"	"road from darwin to death valley, panamint mt. grade"	36.3982	-117.2801	"united states"	"california"	"inyo"	NA	8500	"solanaceae"	"lycium"	"pallidum"	NA	"lycium pallidum"
"bf70caa3-c74e-407a-bcec-cefb33620473"	"utc"	"utc00184825"	"owl creek canyon, nevill's arch."	37.4541667	-109.7747222	"united states"	"utah"	"san juan"	NA	NA	"solanaceae"	"lycium"	"pallidum"	NA	"lycium pallidum"
"c0a74b43-ae62-480c-8be6-c376ec8e52b0"	"asu"	NA	"16 miles east of fredonia"	36.9452	-112.236	"united states"	"arizona"	"coconino county"	NA	NA	"solanaceae"	"lycium"	"pallidum"	NA	"lycium pallidum"
"c13443a6-471a-4cc1-84bd-d85b3b6d220c"	"jeps"	"jeps12413"	"ne of barstow (in the calico wash); mohave desert, calico wash"	34.9496	-116.9256	"united states"	"california"	"san bernardino"	NA	5000	"solanaceae"	"lycium"	"pallidum"	"oligospermum"	"lycium pallidum var. oligospermum"
"c149ccc1-5f1a-4da9-929e-dbab931f989f"	"asc"	"84803"	"vicinity of red mountain trailhead.  ca. 0.3 mi. w of hwy 180 and ca. 0.25 mi. ne of the lower flanks of red mountain."	35.53729	-111.85783	"united states"	"arizona"	"coconino county"	NA	NA	"solanaceae"	"lycium"	"pallidum"	NA	"lycium pallidum"
"c2b28673-9d78-4d9c-b840-e28f8b09b8a7"	"jeps"	"jeps12191"	"mohave desert, barstow barstow; mohave desert, barstow"	34.897	-117.0228	"united states"	"california"	"san bernardino"	NA	3500	"solanaceae"	"lycium"	"pallidum"	"oligospermum"	"lycium pallidum var. oligospermum"
"c3637535-8bef-48b8-8af3-9d5585bf7cce"	"asu"	NA	"ca. 40 miles (by air) south of kingman, t15 n, r15w, section 9 (sw 1/4 of nw1/4)"	35.1894	-114.052	"united states"	"arizona"	"mohave county"	NA	NA	"solanaceae"	"lycium"	"pallidum"	NA	"lycium pallidum"
"c41670e9-4556-4b43-9a11-92c87e0440fb"	"jeps"	"jeps12196"	"barstow mohave desert"	34.897	-117.0228	"united states"	"california"	"san bernardino"	NA	3500	"solanaceae"	"lycium"	"pallidum"	"oligospermum"	"lycium pallidum var. oligospermum"
"c5b351ca-0eb7-4a43-b4b6-42426869c2b7"	"cas"	"cas349260"	"emigrant canyon, w miles n. of emigrant spring, death valley nat\'l monument, panamint mts."	36.4567	-117.2066	"united states"	"california"	"inyo"	NA	500	"solanaceae"	"lycium"	"pallidum"	"oligospermum"	"lycium pallidum var. oligospermum"
"c6ea46c5-e28e-4c07-9c3f-ab32f7c8cc81"	"ds"	"ds79174"	"barstow"	34.897	-117.0228	"united states"	"california"	"san bernardino"	NA	3500	"solanaceae"	"lycium"	"pallidum"	NA	"lycium pallidum"
"c70836cc-64a9-4c0d-ad75-962baa88c8b6"	"des"	"67192"	"vermilion cliffs, attwo mile south spring, 12s 405744 e, 4075362 n nad 83/84."	36.819426	-112.05683	"united states"	"arizona"	"coconino county"	NA	NA	"solanaceae"	"lycium"	"pallidum"	NA	"lycium pallidum"
"c840bad7-7826-47cf-8037-8cd97c95a1e0"	"asu"	NA	"whetstone mountains; 10.5 miles south of interstate 10 on az highway 90; then 1.9 miles west on french joe canyon road (jeep trail); e-most hill south of road"	31.8102	-110.377	"united states"	"arizona"	"cochise county"	NA	700	"solanaceae"	"lycium"	"pallidum"	NA	"lycium pallidum"
"c88f71d6-6fe6-48ba-bc42-a02510860bc0"	"rsa"	"rsa24232"	"n side of mojave river 1.5 mi. from daggett on rd. yermo."	34.8833	-116.887	"united states"	"california"	"san bernardino"	NA	200	"solanaceae"	"lycium"	"pallidum"	"oligospermum"	"lycium pallidum var. oligospermum"
"c8c98452-0736-4393-9751-7e7b2fd5eccf"	"rsa"	"rsa699022"	"dos palmas"	33.4967	-115.8505	"united states"	"california"	"riverside"	NA	NA	"solanaceae"	"lycium"	"pallidum"	"oligospermum"	"lycium pallidum var. oligospermum"
"cab5c167-b994-4d5f-94ba-022779ebe2b5"	"ucr"	"ucr89408"	"mojave desert western mojave desert, c. 5 miles west of barstow on hwy 58"	34.91667	-117.16667	"united states"	"california"	"san bernardino"	NA	NA	"solanaceae"	"lycium"	"pallidum"	"oligospermum"	"lycium pallidum var. oligospermum"
"cbd57849-9d29-41b3-9a78-9353c06c1bb6"	"asu"	NA	"near big bug creek; 0.5 miles south of mayer"	34.4003	-112.235	"united states"	"arizona"	"yavapai county"	NA	NA	"solanaceae"	"lycium"	"pallidum"	"pallidum"	"lycium pallidum var. pallidum"
"cde7b680-3502-4966-85e7-f49f281ef0e0"	"cas"	"cas1128718"	"northeastern mojave desert: pahrump valley, east of the nopah range at calvada springs, charleston view rd. (silver st.), 1.1 mi. south of state line rd. elev. given as 2600 ft."	35.9889833333	-115.89995	"united states"	"california"	"inyo"	NA	NA	"solanaceae"	"lycium"	"pallidum"	NA	"lycium pallidum"
"ce673c73-2755-4a57-83e1-10d5b8a82f59"	"utc"	"utc00237930"	"chiricahua mountains; portal road 0.1 mi se of portal."	31.9138889	-109.1	"united states"	"arizona"	"cochise"	NA	NA	"solanaceae"	"lycium"	"pallidum"	NA	"lycium pallidum"
"cf4e3026-e858-44c0-b4d2-89c4fe21e39a"	"rsa"	"rsa387847b"	"inyo mountains. low hills just e of n end of saline valley rd, 2.9 mi n85&deg;e of bunker hill mine, saline valley drainage."	36.9302777777778	-117.896666666667	"united states"	"california"	"inyo"	NA	NA	"solanaceae"	"lycium"	"pallidum"	"oligospermum"	"lycium pallidum var. oligospermum"
"cf8c14cd-acdd-44da-a49c-4f82e09806d0"	"asc"	"46776"	"15 mi s of rocky springs"	33.74	-111.484	"united states"	"arizona"	"maricopa county"	NA	NA	"solanaceae"	"lycium"	"pallidum"	NA	"lycium pallidum"
"d0b7d1f6-d6ae-4982-bb6c-a9a9587cd27d"	"asu"	NA	"chiricahua national monument; northwest corner of cnm"	32.0044	-109.356	"united states"	"arizona"	"cochise county"	NA	NA	"solanaceae"	"lycium"	"pallidum"	"pallidum"	"lycium pallidum var. pallidum"
"d0c8092e-a3b6-4015-ac5e-bd606dab1489"	"asu"	NA	"woodruff; near river bed"	34.7814	-110.043	"united states"	"arizona"	"navajo county"	NA	NA	"solanaceae"	"lycium"	"pallidum"	"pallidum"	"lycium pallidum var. pallidum"
"d1537bdb-9327-4295-ba5b-9c31a9b34bf2"	"des"	"des00061636"	"grand canyon national park, south bass trail, on esplanade."	36.200696	-112.374808	"united states"	"arizona"	"coconino county"	NA	NA	"solanaceae"	"lycium"	"pallidum"	NA	"lycium pallidum"
"d1b2580b-5f36-42cc-ae2d-67ec215075cd"	"ds"	"ds281013"	"tule holes valley, 9 miles north of tule hole, between nopah and kingston ranges, mojave desert"	35.9333	-116.0045	"united states"	"california"	"inyo"	NA	5000	"solanaceae"	"lycium"	"pallidum"	"oligospermum"	"lycium pallidum var. oligospermum"
"d1c09638-27d9-4d51-a7ab-60444ad23bad"	"jeps"	"jeps12192"	"barstow mohave desert"	34.897	-117.0228	"united states"	"california"	"san bernardino"	NA	3500	"solanaceae"	"lycium"	"pallidum"	"oligospermum"	"lycium pallidum var. oligospermum"
"d2a4490c-fca4-4ddc-9704-bc59e14f35e6"	"asc"	"8188"	"boynton canyon pass, nw of sedona."	34.825976	-111.786964	"united states"	"arizona"	"yavapai county"	NA	NA	"solanaceae"	"lycium"	"pallidum"	"pallidum"	"lycium pallidum var. pallidum"
"d2da8ca6-6084-427c-8bce-4a1aa119e208"	"uvsc"	"13175"	"sitla study site, foothills se of the virgin river & sw of atkinville wash, n side of dirt road ca. 1 mile w of the i-15 inspection station;"	37.01988	-113.63583	"united states"	"utah"	"washington"	NA	30	"solanaceae"	"lycium"	"pallidum"	NA	"lycium pallidum"
"d36b70af-cf05-47d0-aed3-9d2c04b7702b"	"asu"	NA	"upper san pedro river floodplain; st. david site ~2 miles south of curtiss flat rd., several hundred meters east of san pedro"	31.818	-110.214	"united states"	"arizona"	"cochise county"	NA	NA	"solanaceae"	"lycium"	"pallidum"	NA	"lycium pallidum"
"d52b95ba-ed91-4890-962d-da57506532a5"	"asc"	"89111"	"rrsp, eagle's nest trail"	34.811417	-111.829139	"united states"	"arizona"	"yavapai county"	NA	NA	"solanaceae"	"lycium"	"pallidum"	NA	"lycium pallidum"
"d53b60ac-192c-47ee-9dd3-ecd7c4984312"	"jeps"	"jeps12188"	"slate range"	35.787	-117.2294	"united states"	"california"	"inyo"	NA	23500	"solanaceae"	"lycium"	"pallidum"	"oligospermum"	"lycium pallidum var. oligospermum"
"d5404f5b-0f97-4948-aa2f-99f60f9fe895"	"ny"	"00951077"	"2.5 air mi nw of fry canyon store on n side of white canyon."	37.77	-110.18	"united states"	"utah"	"san juan co."	NA	NA	"solanaceae"	"lycium"	"pallidum"	NA	"lycium pallidum miers"
"d5869739-e768-4a78-b656-dc4140b196ec"	"ny"	"00951080"	"ca. 2 miles south of highway 12, hole-in-the-rock road"	37.69	-111.5	"united states"	"utah"	"garfield co."	NA	NA	"solanaceae"	"lycium"	"pallidum"	NA	"lycium pallidum miers"
"d78b9fd6-9e42-4876-85dd-dee65f3fdbd5"	"ny"	"00951084"	"petrified forest sector, ca. 2 miles north of rockville"	37.02	-113.04	"united states"	"utah"	"washington co."	NA	NA	"solanaceae"	"lycium"	"pallidum"	NA	"lycium pallidum miers"
"d78f5562-0596-4063-8b2f-0b5f2d7c9a3b"	"asc"	"100232"	"grand canyon national park, south bass trail, on esplanade."	36.200696	-112.374808	"united states"	"arizona"	"coconino county"	NA	NA	"solanaceae"	"lycium"	"pallidum"	NA	"lycium pallidum"
"d7ab4e3e-4635-4120-ab79-27c54daa522a"	"uc"	"uc457341"	"argus mts."	36.1576	-117.4668	"united states"	"california"	"inyo"	NA	25000	"solanaceae"	"lycium"	"pallidum"	"oligospermum"	"lycium pallidum var. oligospermum"
"d7f0ec10-78e1-4932-bc1b-346c94f35842"	"dbg"	"khd00036716"	"bayfield"	37.223647	-107.59706	"united states"	"colorado"	NA	NA	10000	"solanaceae"	"lycium"	"pallidum"	NA	"lycium pallidum"
"d90be9a2-424b-4b6d-9e23-ca5cd0b3a03b"	"uc"	"uc303756"	"barstow mohave desert"	34.897	-117.0228	"united states"	"california"	"san bernardino"	NA	3500	"solanaceae"	"lycium"	"pallidum"	"oligospermum"	"lycium pallidum var. oligospermum"
"daa5ad34-66fa-4712-8a5a-9dd364bfc5e1"	"asu"	NA	"white mountain apache reservation; white river; south of ft. apache"	33.7876	-110.001	"united states"	"arizona"	"navajo county"	NA	NA	"solanaceae"	"lycium"	"pallidum"	"pallidum"	"lycium pallidum var. pallidum"
"dce14cc2-1d9c-4ff7-94e9-936f498b181c"	"jeps"	"jeps12193"	"daggett mohave desert"	34.8621	-116.8852	"united states"	"california"	"san bernardino"	NA	1600	"solanaceae"	"lycium"	"pallidum"	"oligospermum"	"lycium pallidum var. oligospermum"
"dd6f13ea-93ec-4f35-81ee-7d7d4c1335d2"	"asu"	NA	"tonto national forest; pinal creek; 6 miles west of miami, az"	33.4657	-110.851	"united states"	"arizona"	"gila county"	NA	NA	"solanaceae"	"lycium"	"pallidum"	"pallidum"	"lycium pallidum var. pallidum"
"de73f7b3-f2bd-4121-bbfd-6eac68d185c5"	"ny"	"00951093"	"ca 7 mi w of beatti [beatty]"	36.85	-116.81481	"united states"	"nevada"	"nye co."	NA	NA	"solanaceae"	"lycium"	"pallidum"	NA	"lycium pallidum miers"
"dfad511c-1673-4a23-9ca1-5ec25fe99b2e"	"asc"	"15859"	"holbrook."	34.90222	-110.1575	"united states"	"arizona"	"navajo county"	NA	NA	"solanaceae"	"lycium"	"pallidum"	"pallidum"	"lycium pallidum var. pallidum"
"e181cf83-0140-484f-97b6-331e2770ef3a"	"des"	"des00044948"	"pearce; dragoon mts.; east drainage slope; middle march canyon w of middle march rd."	31.882849	-109.948968	"united states"	"arizona"	"cochise"	NA	3036	"solanaceae"	"lycium"	"pallidum"	NA	"lycium pallidum"
"e1a23d4b-8dbc-426c-8614-263c1b8db042"	"des"	"des00010344"	"city of rocks, 11.5 airline miles southeast of hurley."	32.5977	-107.9671	"united states"	"new mexico"	"grant"	NA	969	"solanaceae"	"lycium"	"pallidum"	"pallidum"	"lycium pallidum var. pallidum"
"e473ede9-11c7-4814-ab2a-2275c3a70020"	"cas"	"cas527320"	"daylight pass area"	36.7887	-116.9314	"united states"	"california"	"inyo"	NA	300	"solanaceae"	"lycium"	"pallidum"	"oligospermum"	"lycium pallidum var. oligospermum"
"e4a70fd9-69d2-4073-90ba-0198dd878548"	"jeps"	"jeps12190"	"barstow"	34.897	-117.0228	"united states"	"california"	"san bernardino"	NA	3500	"solanaceae"	"lycium"	"pallidum"	"oligospermum"	"lycium pallidum var. oligospermum"
"e7cfb916-89ce-49f7-8bdd-a32067a3e05a"	"rsa"	"rsa261600"	"inyo mountains.: eureka valley drainage. marble canyon."	37.1043	-117.886	"united states"	"california"	"inyo"	NA	900	"solanaceae"	"lycium"	"pallidum"	"oligospermum"	"lycium pallidum var. oligospermum"
"e851a526-b67b-4bef-9923-fb29e940604c"	"dbg"	"khd00036717"	"bayfield"	37.223647	-107.59706	"united states"	"colorado"	NA	NA	10000	"solanaceae"	"lycium"	"pallidum"	NA	"lycium pallidum"
"e8aa7fa9-23a4-4a26-a524-2eff4af593a5"	"asc"	"7528"	"supai village, havasu."	36.23694	-112.68833	"united states"	"arizona"	"coconino county"	NA	NA	"solanaceae"	"lycium"	"pallidum"	"pallidum"	"lycium pallidum var. pallidum"
"e8b33217-5652-4446-b7c0-8fe5224e548a"	"cas"	"cas380406"	"9 miles north of tule springs, valley to s.e. of nopah range, death valley region"	35.9333	-116.0045	"united states"	"california"	"inyo"	NA	5000	"solanaceae"	"lycium"	"pallidum"	"oligospermum"	"lycium pallidum var. oligospermum"
"e8ece74d-8fb5-4210-b641-65faeb0b4dc2"	"uc"	"uc1535129"	"2.9 mi n 85 degrees e bunker hill mine (low hills just e of n end of saline valley rd, saline valley drainage); inyo mountains, saline valley"	36.9317315830401	-117.904317584422	"united states"	"california"	"inyo"	NA	825	"solanaceae"	"lycium"	"pallidum"	"oligospermum"	"lycium pallidum var. oligospermum"
"e97b1e53-ab90-4772-8cc8-b9255bbd8cd0"	"sbbg"	"sbbg6595"	"boundry cyn, death valley"	36.7472	-116.9399	"united states"	"california"	"inyo"	NA	5000	"solanaceae"	"lycium"	"pallidum"	NA	"lycium pallidum"
"e9a8c5a9-5689-4dbd-8b97-5080d10b4aa6"	"des"	"des00045169"	"grand canyon np: dripping springs trail, at dripping springs"	36.068333	-112.265	"united states"	"arizona"	"coconino"	NA	NA	"solanaceae"	"lycium"	"pallidum"	"pallidum"	"lycium pallidum var. pallidum"
"ed0fc9f1-c587-43bb-9dbf-3792d2c6844a"	"dbg"	"khd00036722"	"on road 52; 13.5 miles n of junction of road 52 and highway 350."	37.374187	-104.474364	"united states"	"colorado"	"las animas county"	NA	NA	"solanaceae"	"lycium"	"pallidum"	NA	"lycium pallidum"
"edd2e587-dfc3-4eb9-9f33-45166eb3ca4d"	"ucr"	"ucr41702"	"northern mojave desert slate range, c. 14 mi north of trona on trona-wildrose road"	35.95639	-117.33194	"united states"	"california"	"inyo"	NA	1000	"solanaceae"	"lycium"	"pallidum"	NA	"lycium pallidum"
"ee0b73d1-1717-4412-ba29-cedc117b71c9"	"asu"	NA	"paradise; east side of the chiricahuas mountains"	31.5922	-109.24	"united states"	"arizona"	"cochise county"	NA	NA	"solanaceae"	"lycium"	"pallidum"	"pallidum"	"lycium pallidum var. pallidum"
"effc4b12-ed4d-47b8-84e3-94ef4ec51412"	"utc"	"utc00220252"	"amargosa desert/ south end of bullfrog hills  rte. 374  about 3 road miles west of us 95 junction in beatty."	36.8913889	-116.8030556	"united states"	"nevada"	"nye"	NA	NA	"solanaceae"	"lycium"	"pallidum"	NA	"lycium pallidum"
"f03cd7bc-56df-4519-aa72-da0793654ab7"	"asu"	NA	"dragoon mountains, rd. to cochise stronghold campground of coronado national forest. ca. 10 mi west of hwy. 666."	31.925	-109.967	"united states"	"arizona"	"cochise county"	NA	NA	"solanaceae"	"lycium"	"pallidum"	NA	"lycium pallidum"
"f0be9245-a3e9-440c-9098-89f79963d75e"	"asu"	NA	"galiuro mountains; bass canyon on muleshoe ranch; ca. 25 miles northwest of willcox; winchester mountains 15' quad.. (sections 29, 31, 32)"	32.3611	-110.225	"united states"	"arizona"	"cochise county"	NA	700	"solanaceae"	"lycium"	"pallidum"	"pallidum"	"lycium pallidum var. pallidum"
"f2280d1b-f4ff-4a23-b58d-f88e9dcbbfc3"	"ucd"	"ucd126615"	"inyo county: nevada-california border, daylight pass, highway 58, death valley national monument"	36.7887	-116.9314	"united states"	"california"	"inyo"	NA	300	"solanaceae"	"lycium"	"pallidum"	"oligospermum"	"lycium pallidum var. oligospermum"
"f312aa35-bfa9-4d3d-8bd3-d4f035fce043"	"dbg"	"khd00036715"	"pinyon canyon maneuver site, taylor arroyo drainage, near burson camp; in short side canyon leading to taylor arroyo from s. ca. 3 mi. above its mouth in purgatoire canyon"	37.407771	-103.877968	"united states"	"colorado"	"las animas county"	NA	NA	"solanaceae"	"lycium"	"pallidum"	NA	"lycium pallidum"
"f3d2d968-050a-4521-b75b-692fd02a8d32"	"sd"	"sd51233"	"4.5 miles north of barstow on road to camp irwin"	34.9673	-117.0157	"united states"	"california"	"san bernardino"	NA	700	"solanaceae"	"lycium"	"pallidum"	"oligospermum"	"lycium pallidum var. oligospermum"
"f480f8bd-0937-4c3c-82eb-53783dd27353"	"asu"	NA	"bottofm of walnut canyon"	35.2019	-111.423	"united states"	"arizona"	"coconino county"	NA	NA	"solanaceae"	"lycium"	"pallidum"	NA	"lycium pallidum"
"f49376db-f8c5-474b-ac89-1c80e121d0bc"	"cas"	"cas994423"	"on bajada in extreme ne extension of range, about 9 mi. ene of horse thief springs, kingston range"	35.8277	-115.7458	"united states"	"california"	"inyo"	NA	4200	"solanaceae"	"lycium"	"pallidum"	"oligospermum"	"lycium pallidum var. oligospermum"
"f518b71a-f944-4eb0-90b9-7c32c170b401"	"dbg"	"khd00031276"	"mesa overlooking vogel canyon"	37.749039	-103.481787	"united states"	"colorado"	"otero county"	NA	10000	"solanaceae"	"lycium"	"pallidum"	NA	"lycium pallidum"
"f53b7205-a1c4-4530-bbbe-0c9350f216ae"	"des"	"des00007298"	"dirt road connecting rte 69 and rte 89a, 3 mi north of dewey."	34.564641	-112.287595	"united states"	"arizona"	"yavapai"	NA	3036	"solanaceae"	"lycium"	"pallidum"	NA	"lycium pallidum"
"f6ce809f-720a-4c7a-af08-6492ee554838"	"asc"	"68772"	"700m wnw of the confluence of apache and walnut creeks, ca. 50k nnw of prescott; indian peak quadrangle"	34.92286	-112.84962	"united states"	"arizona"	"yavapai county"	NA	NA	"solanaceae"	"lycium"	"pallidum"	NA	"lycium pallidum"
"f772ad37-6ee4-4f75-b70e-3c82d64ea5fc"	"asu"	NA	"pearce; dragoon mountains; e-draining slope; middle march canyon west of middle march road"	31.9394	-109.981	"united states"	"arizona"	"cochise county"	NA	NA	"solanaceae"	"lycium"	"pallidum"	NA	"lycium pallidum"
"f7be9677-0d3a-4149-93a0-52f5a4ab835d"	"ucr"	"ucr90702"	"western mojave desert iron mountain, c. 15 air mi west of barstow, between hinckley road and harper lake road"	34.87	-117.23667	"united states"	"california"	"san bernardino"	NA	1000	"solanaceae"	"lycium"	"pallidum"	NA	"lycium pallidum"
"f80397ae-ed2f-48f4-b7c5-88170edf3651"	"des"	"des00049048"	"along arizona trail, ca 3.4 miles north of freeman road and trailhead, the trailhead ca 2.4 miles east of hayden ranch road and 19.3 miles from junction of highway 79 and freeman road."	32.8993	-110.9231	"united states"	"arizona"	"pinal county"	NA	NA	"solanaceae"	"lycium"	"pallidum"	NA	"lycium pallidum"
"f82db550-f967-4926-9654-88c8b607fa40"	"asu"	NA	"4.5 miles northeast of st. johns on route 666; then west on gravel road 0.5 miles; st. johns north 7.5' quad."	34.5489	-109.36	"united states"	"arizona"	"apache county"	NA	700	"solanaceae"	"lycium"	"pallidum"	NA	"lycium pallidum"
"f862e439-479e-4e57-95f1-3ecc0409f502"	"asu"	NA	"upper san pedro river floodplain, st. david ~3 miles south of curtis flat turnoff, near banks of old irrigation ditch"	31.8184	-110.214	"united states"	"arizona"	"cochise county"	NA	NA	"solanaceae"	"lycium"	"pallidum"	NA	"lycium pallidum"
"f88d84b0-038d-48a3-8a74-77e34bc35b67"	"pom"	"pom292854"	"mojave desert; hills 5 miles west of yermo. alt; 2400 ft."	34.901	-116.9156	"united states"	"california"	"san bernardino"	NA	1000	"solanaceae"	"lycium"	"pallidum"	"oligospermum"	"lycium pallidum var. oligospermum"
"fa2078bc-c8b4-4efa-a993-e1dc1a23e753"	"jeps"	"jeps12195"	"barstow mohave desert"	34.897	-117.0228	"united states"	"california"	"san bernardino"	NA	3500	"solanaceae"	"lycium"	"pallidum"	"oligospermum"	"lycium pallidum var. oligospermum"
"fb04b8f4-efa5-40ea-8ea7-40317aa70fbd"	"asc"	"34333"	"highway i-40, ca. 1 mi w of buffalo ranch rd exit; 40 mi e flagstaff."	36.470829	-111.966365	"united states"	"arizona"	"coconino county"	NA	NA	"solanaceae"	"lycium"	"pallidum"	NA	"lycium pallidum"
"fbdcbfae-76f5-414b-852f-701d18d71f1e"	"ds"	"ds120842"	"barstow"	34.897	-117.0228	"united states"	"california"	"san bernardino"	NA	3500	"solanaceae"	"lycium"	"pallidum"	NA	"lycium pallidum"
"fc3a3a30-e3ee-4e9f-b356-ea05ac36bae3"	"asu"	NA	"pinaleno mountains; stockton pass"	32.6408	-109.843	"united states"	"arizona"	"graham county"	NA	NA	"solanaceae"	"lycium"	"pallidum"	NA	"lycium pallidum"
"fdc1a726-a9f3-44ad-b206-fbe80eec46a7"	"asu"	NA	"black rock. t5s,r21e,sec34,sw,sw."	32.9545	-110.18	"united states"	"arizona"	"graham county"	NA	NA	"solanaceae"	"lycium"	"pallidum"	NA	"lycium pallidum"
"feb22b2e-c000-40eb-9973-18875fd69128"	"asc"	"5251"	"20 mi sw kayenta."	36.522418	-110.509777	"united states"	"arizona"	"navajo county"	NA	NA	"solanaceae"	"lycium"	"pallidum"	NA	"lycium pallidum"
"ff9d54cc-c2fc-42b9-9d83-3271e354ae21"	"asc"	"96315"	"prescott national forest: just e of ariz hwy 89, ca 4 air mi n of paulden; ca 20 air mi s of ash fork."	34.9347	-112.4317	"united states"	"arizona"	"yavapai"	NA	NA	"solanaceae"	"lycium"	"pallidum"	"pallidum"	"lycium pallidum var. pallidum"
"ffb25f66-a413-423d-b0eb-fdcde89c275a"	"des"	"des00055223"	"approximately 6 miles west of bluff, ut on hwy 163 to butler wash exit, then n on main blm dirt road approximately 12 miles, then left on dirt two-track approximately 150 m to edge of comb geologic formation."	37.388514	-109.632994	"united states"	"utah"	"san juan county"	NA	NA	"solanaceae"	"lycium"	"pallidum"	NA	"lycium pallidum"
