"04be93fb-9812-43cd-a361-7da269bdeb60"	"ny"	"425760"	"near casas grandes"	30.3753	-107.94831	"mexico"	"chihuahua"	"casas grandes"	NA	NA	"asteraceae"	"parthenium"	"incanum"	NA	"parthenium incanum humb., bonpl. & kunth"
"095901bf-7fd4-48b3-97ff-434fedc145c3"	"ny"	"425776"	"el chorro"	25.3844	-100.7875	"mexico"	"coahuila"	"arteaga"	NA	NA	"asteraceae"	"parthenium"	"incanum"	NA	"parthenium incanum humb., bonpl. & kunth"
"0bc1591a-cb6e-40a9-8903-4f8c55dd5749"	"des"	"des00070904"	"grand canyon national park, along south kaibab trail in upper switchbacks of red wall break."	36.081171	-112.090658	"united states"	"arizona"	"coconino"	NA	1000	"asteraceae"	"parthenium"	"incanum"	NA	"parthenium incanum"
"0bd556eb-b85e-43a7-a6fb-039bd0248843"	"asu"	NA	"mule mountains. bisbee. gold gulch canyon"	31.4	-109.86	"united states"	"arizona"	"cochise county"	NA	NA	"asteraceae"	"parthenium"	"incanum"	NA	"parthenium incanum"
"0be3081f-7042-440d-bcee-59d55c166918"	"des"	"des00005302"	"franklin mts., el paso, west slope bajada of the franklin mts., 1.6 air mi. e of the middle member of the three sisters hills, 1/4 mile ne from the 7300 block of westwind."	31.866667	-106.541667	"united states"	"texas"	"el paso"	NA	NA	"asteraceae"	"parthenium"	"incanum"	NA	"parthenium incanum"
"0c6df1e0-0f05-41af-8ceb-fe8d90818b6e"	"asu"	NA	"kanab canyon; above kanab creek; along ranger trail 41, below jensen canyon"	36.5946	-112.623	"united states"	"arizona"	"coconino county"	NA	NA	"asteraceae"	"parthenium"	"incanum"	NA	"parthenium incanum"
"0d288944-c734-4b0f-a985-5f6b444c0aa9"	"asu"	NA	"rafael draw, where it meets the verde river at mormon pocket; ca. 9.6mi nw of clarkdale."	34.890465	-112.140602	"united states"	"arizona"	"yavapai county"	NA	NA	"asteraceae"	"parthenium"	"incanum"	NA	"parthenium incanum"
"0d73032d-fdc2-417d-b686-85740fa6d85e"	"asc"	"54130"	"sycamore canyon wilderness area, ca. 1 km ssw of parsons springs"	34.89555	-112.0671	"united states"	"arizona"	"yavapai county"	NA	NA	"asteraceae"	"parthenium"	"incanum"	NA	"parthenium incanum"
"0fb5d5b7-191f-46ec-83bc-4da9bf7a3f5e"	"des"	"des00036266"	"sangta cataline mountains, south flank, esperero trail (no. 525), ca 1.5 - 2 miles north of trailhead."	32.345	-110.832	"united states"	"arizona"	"pima county"	NA	NA	"asteraceae"	"parthenium"	"incanum"	NA	"parthenium incanum"
"0fd2e68b-d0d5-4f93-862e-fcecae66ca8d"	"asu"	NA	"dripping springs mtns; vicinity of steamboat mtn; kearney 7.5' quad"	33.0977	-110.869	"united states"	"arizona"	"pinal county"	NA	700	"asteraceae"	"parthenium"	"incanum"	NA	"parthenium incanum"
"0febd9aa-41c4-4eb2-ac7a-b0c936eb9ff4"	"des"	"des00027241"	"0.75 mile nw of six-mile crossing of burro creek."	34.582158	-113.481436	"united states"	"arizona"	"mohave county"	NA	969	"asteraceae"	"parthenium"	"incanum"	NA	"parthenium incanum"
"1043685c-6cea-4a6a-b7d6-2963edac7583"	"des"	"des00049441"	"kanab canyon wilderness area, kwagunt hollow, below jumpup - nail no. 8 trail."	36.50333	-112.5503	"united states"	"arizona"	"coconino county"	NA	NA	"asteraceae"	"parthenium"	"incanum"	NA	"parthenium incanum"
"119821a1-b574-4cda-812b-b2d84ec559db"	"des"	"des00021742"	"on northeast facing foothills of florida mtns."	32.147583	-107.605889	"united states"	"new mexico"	"luna county"	NA	NA	"asteraceae"	"parthenium"	"incanum"	NA	"parthenium incanum"
"12f3fcfd-f848-4b94-bd6a-b5c861a46bcf"	"asu"	NA	"jump up canyon; across from where kwagunt hollow enters jump up"	36.5098	-112.586	"united states"	"arizona"	"coconino county"	NA	NA	"asteraceae"	"parthenium"	"incanum"	NA	"parthenium incanum"
"13ba6f4a-78f7-42d0-a263-47b5b2f1d02d"	"asc"	"9789"	"kingman, below bus station"	35.18944	-114.05222	"united states"	"arizona"	"mohave county"	NA	NA	"asteraceae"	"parthenium"	"incanum"	NA	"parthenium incanum"
"14ed308c-4556-44e1-a42d-f90202c856f0"	"asu"	NA	"us 70; nw of bylas; 9.5 miles se of jct az 8 [?]"	33.22	-110.22	"united states"	"arizona"	"gila county"	NA	100	"asteraceae"	"parthenium"	"incanum"	NA	"parthenium incanum"
"15655f36-26aa-40e2-b1f9-5d81a807e595"	"asc"	"79526"	"2 mi ne of montezuma well"	34.669684	-111.726731	"united states"	"arizona"	"yavapai county"	NA	NA	"asteraceae"	"parthenium"	"incanum"	NA	"parthenium incanum"
"158f57c6-6da2-474a-a3df-23a0982e2fe6"	"asu"	NA	"along az 92; 5.4 miles e of jctn with hereford road, ca 3.5 miles w of bisbee"	31.383	-110.068	"united states"	"arizona"	"cochise county"	NA	NA	"asteraceae"	"parthenium"	"incanum"	NA	"parthenium incanum"
"1629308e-d837-4ac4-ae4e-c1d43f2c60e9"	"asc"	"22565"	"15 mi e of chino valley"	34.757213	-112.188199	"united states"	"arizona"	"yavapai county"	NA	NA	"asteraceae"	"parthenium"	"incanum"	NA	"parthenium incanum"
"16c286f8-3fff-4ed4-ac66-e6faa0c4d57f"	"des"	"des00063641"	"tombstone, i-10 to highway 80/benson exit, south on hwy 80 to tombstone, allen road and 11th street, south on gravel road past parson's rest at wash."	31.709333	-110.059778	"united states"	"arizona"	"cochise county"	NA	NA	"asteraceae"	"parthenium"	"incanum"	NA	"parthenium incanum"
"19f162e7-1795-47d5-bbfc-d8f0f19c2ff1"	"asc"	"14156"	"highway 80, 10 mi nw of bisbee"	31.550637	-110.048084	"united states"	"arizona"	"cochise county"	NA	NA	"asteraceae"	"parthenium"	"incanum"	NA	"parthenium incanum"
"1c8c81d5-a484-47eb-a370-ac8c1e88616f"	"asu"	NA	"san bernardino ranch; 18 miles e of douglas"	31.357	-109.263	"united states"	"arizona"	"cochise county"	NA	NA	"asteraceae"	"parthenium"	"incanum"	NA	"parthenium incanum"
"1fd3672c-7193-4840-9f3e-eb3a95694020"	"uvsc"	"5279"	"3 miles n of castle cliff."	37.076666	-113.891111	"united states"	"utah"	"washington"	NA	1800	"asteraceae"	"parthenium"	"incanum"	NA	"parthenium incanum"
"2015ff88-c5c0-4e18-b38a-3d2db86e7e33"	"des"	"des00069668"	"ne of cottonwood, adjacent to wash at se boundary of verde valley botanical area."	34.746944	-111.985917	"united states"	"arizona"	"yavapai county"	NA	NA	"asteraceae"	"parthenium"	"incanum"	NA	"parthenium incanum"
"216cc094-6d7c-4496-8895-d7568ad8f0a3"	"asu"	NA	"base of hurricane rim"	36.7088	-113.266	"united states"	"arizona"	"mohave county"	NA	700	"asteraceae"	"parthenium"	"incanum"	NA	"parthenium incanum"
"21706ea4-cd3e-4188-9efe-e16f461bad06"	"asc"	"87296"	"red rock state park, side road opposite entrance station"	34.817889	-111.831389	"united states"	"arizona"	"yavapai county"	NA	NA	"asteraceae"	"parthenium"	"incanum"	NA	"parthenium incanum"
"22368514-328c-4eec-a2b8-1142fc2a14c1"	"asu"	NA	"2 miles ne of montezuma well"	34.65	-111.75	"united states"	"arizona"	"yavapai county"	NA	200	"asteraceae"	"parthenium"	"incanum"	NA	"parthenium incanum"
"228c8aa8-f509-4a63-ac86-7631ddc0f309"	"des"	"des00055993"	"tonto national forest, south facing side of drainage north of fs road 1530 south of lime creek on calcareous soil; rocky area."	33.984361	-111.728778	"united states"	"arizona"	"maricopa county"	NA	NA	"asteraceae"	"parthenium"	"incanum"	NA	"parthenium incanum"
"239e939c-cab9-45cb-bfeb-356645237504"	"des"	"des00055427"	"17.8 mi. south of concepcion del oro on hwy 54; just north of km post 212; zacatecas"	24.377222	-106.388333	"mexico"	"baja california"	NA	NA	NA	"asteraceae"	"parthenium"	"incanum"	NA	"parthenium incanum"
"257ccb30-3121-42ca-971e-524502fe7b43"	"ny"	"425768"	"cuesta de texquedo"	20.6139	-99.3328	"mexico"	"hidalgo"	"zimapan"	NA	NA	"asteraceae"	"parthenium"	"incanum"	NA	"parthenium incanum humb., bonpl. & kunth"
"25874c26-4388-4361-ad08-8fb5bb8b76d7"	"asc"	"45254"	"creek under midgely bridge, 1.5 mi n of sedona"	34.871	-111.75774	"united states"	"arizona"	"coconino county"	NA	NA	"asteraceae"	"parthenium"	"incanum"	NA	"parthenium incanum"
"26892045-4a20-4a07-a739-955b5ce9fd0d"	"asu"	NA	"mu 317"	33.688	-110.884	"united states"	"arizona"	"gila county"	NA	700	"asteraceae"	"parthenium"	"incanum"	NA	"parthenium incanum"
"271ca9df-8281-4211-bde8-ac2abb21e81a"	"ny"	"425771"	"paila"	25.6503	-102.1461	"mexico"	"coahuila"	"parras"	NA	NA	"asteraceae"	"parthenium"	"incanum"	NA	"parthenium incanum humb., bonpl. & kunth"
"2773b151-e093-42d0-ab5a-6e83c424c56b"	"asu"	NA	".2 mile w of the superior tunnel"	33.29	-111.11	"united states"	"arizona"	"pinal county"	NA	100	"asteraceae"	"parthenium"	"incanum"	NA	"parthenium incanum"
"28befbc4-1ee9-441d-a4e5-ff6ac382adfe"	"ny"	"368406"	"1 km al s de matehuala, por la carr. que va hacia  san luis potosí"	23.6365	-100.64358	"mexico"	"san luis potosí"	"matehuala"	NA	NA	"asteraceae"	"parthenium"	"incanum"	NA	"parthenium incanum humb., bonpl. & kunth"
"2bfebaed-ea61-4ea3-804a-5854f2f75464"	"ny"	"368403"	"sierra juárez, s side of sierra juárez"	31.6425	-106.5311	"mexico"	"chihuahua"	"juarez"	NA	NA	"asteraceae"	"parthenium"	"incanum"	NA	"parthenium incanum humb., bonpl. & kunth"
"2c4a877f-a7db-493f-9b29-d683343bae52"	"des"	"des00058470"	"grand canyon national park. clear creek drainage, westernmost northern tributary to the east arm of clear creek."	36.1178105207723	-111.990722372495	"united states"	"arizona"	"coconino county"	NA	NA	"asteraceae"	"parthenium"	"incanum"	NA	"parthenium incanum"
"2c61c104-037f-4cf9-8513-547cf056182b"	"des"	"des00039185"	"apache hills, 4.5 air mi. s of hachita at the w end of the apache hills."	31.852722	-108.301444	"united states"	"new mexico"	"hidalgo county"	NA	NA	"asteraceae"	"parthenium"	"incanum"	NA	"parthenium incanum"
"2d2a925f-5639-4e53-94e2-e8961278d37e"	"des"	"des00032233"	"tonto national forest, ne side of chalk mountain."	34.035028	-111.709139	"united states"	"arizona"	"yavapai county"	NA	NA	"asteraceae"	"parthenium"	"incanum"	NA	"parthenium incanum"
"2d62e29a-e421-492e-816b-9089706d278e"	"asu"	NA	"santa rita mtns; vicinity of helvetia; sahuarita 15' quad"	31.8682	-110.799	"united states"	"arizona"	"pima county"	NA	700	"asteraceae"	"parthenium"	"incanum"	NA	"parthenium incanum"
"2f8c28fa-5c5a-4d55-a68d-8bbe75ad8d21"	"asu"	NA	"s of montezuma pass parking lot; along yaqui ridge trail"	31.3386	-110.28	"united states"	"arizona"	"cochise county"	NA	NA	"asteraceae"	"parthenium"	"incanum"	NA	"parthenium incanum"
"2fa13d1b-2240-4c5a-8801-a662c504a8f6"	"asc"	"50679"	"verde valley; ca. 1.5 mi ne of cottonwood in dead horse ranch st park"	34.75595	-112.01334	"united states"	"arizona"	"yavapai county"	NA	NA	"asteraceae"	"parthenium"	"incanum"	NA	"parthenium incanum"
"30fcb561-12f6-44af-a664-d874d05f58fd"	"des"	"des00041506"	"fort huachuca."	31.553089	-110.34831	"united states"	"arizona"	"cochise county"	NA	802	"asteraceae"	"parthenium"	"incanum"	NA	"parthenium incanum"
"31753937-e69b-4310-8881-3a3d7a97d340"	"asu"	NA	"4.9 miles southwest of state highway 89a (sedona) on state highway 179"	34.8194	-111.822	"united states"	"arizona"	"yavapai county"	NA	NA	"asteraceae"	"parthenium"	"incanum"	NA	"parthenium incanum"
"332fb65d-2a06-4d2a-82c6-15f104ff97f7"	"lsu"	"lsu00065407"	"south side of loop 375. 4 miles east of canutillo. 11 miles nnw of el paso. canutillo tx-nm quad."	31.905	-106.537	"united states"	"texas"	"el paso county"	NA	NA	"asteraceae"	"parthenium"	"incanum"	NA	"parthenium incanum"
"337ff246-ba3a-4242-bb93-6037b855b38d"	"asu"	NA	"2 miles ne of portal"	31.93	-109.123	"united states"	"arizona"	"cochise county"	NA	NA	"asteraceae"	"parthenium"	"incanum"	NA	"parthenium incanum"
"33c491d3-31f4-400a-9897-8043ff09b6c6"	"asu"	"asu0027030"	"2 miles ne of el morrion on chihuahua hwy 16. bajada of sa. morrion."	28.984445	-105.567109	"mexico"	"chihuahua"	NA	NA	3250	"asteraceae"	"parthenium"	"incanum"	NA	"parthenium incanum"
"357c672c-39a3-4959-b9de-9963a5a16954"	"asu"	"asu0027031"	"cuatro ciénegas basin. 5.3 mi nw of los fresnos."	26.703022	-101.897401	"mexico"	"coahuila"	NA	NA	80000	"asteraceae"	"parthenium"	"incanum"	NA	"parthenium incanum"
"359c5da2-2390-495a-acd8-4dbe9f9e482e"	"asu"	"asu0027017"	"mpio. de candela. ejido misión de guadalupe, cerro de providencias, rincón del faustino candela."	26.9536	-100.672	"mexico"	"coahuila"	NA	NA	NA	"asteraceae"	"parthenium"	"incanum"	NA	"parthenium incanum"
"35f2879f-6983-4f4c-a321-094e88ab6e7c"	"ny"	"1742479"	"foot of beaver dam mountains 16 miles wsw of st. george"	37.02	-113.87	"united states"	"utah"	"washington co."	NA	NA	"asteraceae"	"parthenium"	"incanum"	NA	"parthenium incanum humb., bonpl. & kunth"
"3637c1b2-46cc-4b7c-bde1-7cd6e55e85ed"	"asu"	NA	"us 70 at calva rest stop"	33.19	-110.18	"united states"	"arizona"	"graham county"	NA	100	"asteraceae"	"parthenium"	"incanum"	NA	"parthenium incanum"
"36df6bce-d80d-4088-9468-90e355541f0f"	"des"	"des00001684"	"west end of tunnel. queen creek, canyon, superior."	33.304158	-111.083575	"united states"	"arizona"	"pinal county"	NA	NA	"asteraceae"	"parthenium"	"incanum"	NA	"parthenium incanum"
"37252957-6dc3-41c4-99e4-41cce8502ed1"	"asu"	NA	"upper san pedro river floodplain, at the top of the middle butte adjecent to  st. david cienega, just southeast of the wetland."	31.8396	-110.221	"united states"	"arizona"	"cochise county"	NA	NA	"asteraceae"	"parthenium"	"incanum"	NA	"parthenium incanum"
"376d9202-21b9-426d-83b4-a131cd9db530"	"asu"	NA	"coconino national forest, bull pen ranch camp ground and west clear creek wilderness, trail head, west clear creek flood plain, north side of stream in open meadow under cottonwood / sycamore canopy elevation 3600 ft, usgs quad. walker mtn, ariz. usda permit lov0048, bond, r"	34.523002	-111.721172	"united states"	"arizona"	"yavapai"	NA	NA	"asteraceae"	"parthenium"	"incanum"	NA	"parthenium incanum"
"386ba9ad-adbd-48ec-b5e0-12d60c3bf8d8"	"ny"	"1742509"	"grand canyon national park, ca. 1-1/4 miles nw (as raven flies) of bright angel creek, above and to west of phantom creek"	36.1206	-112.115	"united states"	"arizona"	"coconino co."	NA	NA	"asteraceae"	"parthenium"	"incanum"	NA	"parthenium incanum humb., bonpl. & kunth"
"388790fc-5be2-4f48-87d5-e70cfadfcbf0"	"des"	"des00002976"	"along rte. 10, 0.4 mi s of sahuarita rd."	31.983	-110.694	"united states"	"arizona"	"pima county"	NA	NA	"asteraceae"	"parthenium"	"incanum"	NA	"parthenium incanum"
"38ecec63-e7af-43df-bd8b-5371a7ce7ec5"	"asu"	NA	"lower pickett canyon"	32.024	-109.377	"united states"	"arizona"	"cochise county"	NA	NA	"asteraceae"	"parthenium"	"incanum"	NA	"parthenium incanum"
"394540ab-655b-42e3-9ec5-ec7ce6ed0bdc"	"asu"	NA	"cienega creek floodplain downstream of the cienega creek preserve"	32.0392	-110.686	"united states"	"arizona"	"pima county"	NA	NA	"asteraceae"	"parthenium"	"incanum"	NA	"parthenium incanum"
"39780cf5-05dd-44b0-b1b0-aabbfe5a4a50"	"asu"	NA	"ca 1 1/4 miles nw (as raven flies) of bright angel creek; above and to the w of phantom creek"	36.1206	-112.115	"united states"	"arizona"	"coconino county"	NA	NA	"asteraceae"	"parthenium"	"incanum"	NA	"parthenium incanum"
"39c8ef94-491d-460c-aeaf-8abbcc02b0ad"	"ny"	"425773"	"san lázaro; near the northern entrance of el puerto de san lázaro"	26.295	-101.3572	"mexico"	"coahuila"	"castaños"	NA	NA	"asteraceae"	"parthenium"	"incanum"	NA	"parthenium incanum humb., bonpl. & kunth"
"3a0f6a84-5dd3-49f5-a608-cf803f094f50"	"asu"	"asu0027038"	"road from aramberri to la escondida, 6.8 km e of jct with hwy at la escondida."	24.1	-99.8667	"mexico"	"nuevo leon"	NA	NA	NA	"asteraceae"	"parthenium"	"incanum"	NA	"parthenium incanum"
"3a495030-c05b-436f-9367-c38bdf84db24"	"ny"	"425753"	"cañada el diente, sierra de la paila"	26.15	-101.5	"mexico"	"coahuila"	"ramos arizpe"	NA	NA	"asteraceae"	"parthenium"	"incanum"	NA	"parthenium incanum humb., bonpl. & kunth"
"3bc86b0e-a40b-4143-b608-eeff3cccb091"	"ny"	"425763"	"2.3 mi nw of ejido el potosí, ca. 12 mi n of san roberto junction"	24.85	-100.33	"mexico"	"nuevo león"	"galeana"	NA	NA	"asteraceae"	"parthenium"	"incanum"	NA	"parthenium incanum humb., bonpl. & kunth"
"3bddd88d-26f2-47d5-9993-d7dea8af7e5d"	"asu"	NA	"along rte 10; 0.4 mile s of sahuarita road"	32.1	-110.84	"united states"	"arizona"	"pima county"	NA	100	"asteraceae"	"parthenium"	"incanum"	NA	"parthenium incanum"
"3e90bd75-a9cd-4ec6-a411-a146f7b4864c"	"asc"	"90828"	"el rojo grande ranch, approx. 5 miles wsw of sedona, az"	34.8486182507749	-111.870232542724	"united states"	"arizona"	"yavapai"	NA	NA	"asteraceae"	"parthenium"	"incanum"	NA	"parthenium incanum"
"3f0081df-953c-4b43-85b0-81100c3b17d2"	"asu"	"asu0027023"	"6 km e of mapimi on limestone cerro."	25.8554292593734	-103.794751167297	"mexico"	"durango"	NA	NA	500	"asteraceae"	"parthenium"	"incanum"	NA	"parthenium incanum"
"3f184aff-4050-4495-a72d-02d4f2cb19d4"	"des"	"des00053597"	"grand canyon national park, along clear creek trail, just above tapeats formation break."	36.10758	-112.0696	"united states"	"arizona"	"coconino county"	NA	NA	"asteraceae"	"parthenium"	"incanum"	NA	"parthenium incanum"
"3faf08e8-10da-466a-adbb-61158dfa1d2c"	"ny"	"368402"	"14 mi s of san roberto along hwy 57"	24.5111	-100.2822	"mexico"	"nuevo león"	NA	NA	NA	"asteraceae"	"parthenium"	"incanum"	NA	"parthenium incanum humb., bonpl. & kunth"
"3fccc4c0-b707-4cea-b160-6350bfe0e65f"	"asc"	"36239"	"parashant canyon"	36.3456	-113.4589	"united states"	"arizona"	"mohave county"	NA	1250	"asteraceae"	"parthenium"	"incanum"	NA	"parthenium incanum"
"4067b227-22cf-4154-ac75-25eb718baece"	"asu"	"asu0027018"	"35 km n of jct of rio grande and fresnillo on hwy 45."	23.549497	-103.183085	"mexico"	"zacatecas"	NA	NA	2000	"asteraceae"	"parthenium"	"incanum"	NA	"parthenium incanum"
"40cf6081-0e1d-4c73-b031-f89d0a61c18a"	"asu"	NA	"copper butte; e of walnut canyon, n of gila river"	33.1555	-111.056	"united states"	"arizona"	"pinal county"	NA	700	"asteraceae"	"parthenium"	"incanum"	NA	"parthenium incanum"
"4119fc09-2535-4405-a18a-447df9ea6353"	"des"	"des00064378"	"sanup plateau northwest of diamond peak."	35.7986259754939	-113.367794319439	"united states"	"arizona"	"mohave county"	NA	NA	"asteraceae"	"parthenium"	"incanum"	NA	"parthenium incanum"
"41af294c-7894-46ee-8523-029c55eaaded"	"des"	"des00042382"	"kanab canyon, above kanab creek, kanab creek wilderness area, along ranger trail 41, below jensen canyon."	36.594567	-112.6234	"united states"	"arizona"	"coconino county"	NA	NA	"asteraceae"	"parthenium"	"incanum"	NA	"parthenium incanum"
"421c1941-e056-4054-887a-aff34890ebc3"	"ny"	"368405"	"ca. 21 km e of san luis potosí"	22.15	-100.78	"mexico"	"san luis potosí"	NA	NA	NA	"asteraceae"	"parthenium"	"incanum"	NA	"parthenium incanum humb., bonpl. & kunth"
"429e6e4f-e6c9-4039-84d8-b0e4a2a9b7de"	"asc"	"66856"	"exit 293 off i-17, ca. 8 mi w on fr 119 to fr 119a, tall ridge to sw of intersection"	34.69278	-111.8649	"united states"	"arizona"	"yavapai county"	NA	NA	"asteraceae"	"parthenium"	"incanum"	NA	"parthenium incanum"
"436fe41c-52fc-4bb9-ba7e-5cd48491b04e"	"uconn"	"conn00122146"	"mpio. chihuahua. 26 km. al s. de la cd. sobre la carretera que va hacia torreón, coah. matorral abierto de prosopis con bouteloua ssp."	28.61861	-106.08888	"mexico"	"mexico"	"chihuahua"	"chihuahua"	5000	"asteraceae"	"parthenium"	"incanum"	NA	"parthenium incanum kunth"
"44372150-d694-4319-875e-2c98f96cd3c4"	"asu"	NA	"black canyon of the verde river; ca. 8km n of clarkdale"	34.842117	-112.055298	"united states"	"arizona"	"yavapai county"	NA	NA	"asteraceae"	"parthenium"	"incanum"	NA	"parthenium incanum"
"464a3069-68f3-4bdc-acce-c5299630ecb0"	"asc"	"61466"	"grand canyon national park, colorado river mile 52.9l"	36.3	-111.86667	"united states"	"arizona"	"coconino county"	NA	NA	"asteraceae"	"parthenium"	"incanum"	NA	"parthenium incanum"
"46f30b78-722d-4f8b-b646-af6fefdf29c0"	"des"	"des00012173"	"rt. 82, 22 mi. w of sierra vista."	31.737861	-110.553056	"united states"	"arizona"	"santa cruz county"	NA	NA	"asteraceae"	"parthenium"	"incanum"	NA	"parthenium incanum"
"4705c1d2-3b94-46b3-a8be-c884bfa6de11"	"des"	"des00062486"	"jumpup canyon, at intersection with kwagunt hollow."	36.51	-112.587222	"united states"	"arizona"	"coconino county"	NA	NA	"asteraceae"	"parthenium"	"incanum"	NA	"parthenium incanum"
"48a8a0de-8a46-4b81-8c19-5030e75a9317"	"asu"	NA	"6 air miles e of camp verde along fsr 618, ca 100m nw of jct to bull pen rd; walker mtn"	34.5467	-111.751	"united states"	"arizona"	"yavapai county"	NA	NA	"asteraceae"	"parthenium"	"incanum"	NA	"parthenium incanum"
"4a21c2c2-95a4-4a43-99fd-eb4210bc7636"	"ny"	"425780"	"estación de catorce, sierra madre oriental"	23.6869	-100.9833	"mexico"	"san luis potosí"	"catorce"	NA	NA	"asteraceae"	"parthenium"	"incanum"	NA	"parthenium incanum humb., bonpl. & kunth"
"4bcc05dc-c163-426d-a5c8-ca8759e14a72"	"asu"	NA	"hwy 80, 10 miles nw of bisbee"	31.547	-109.85	"united states"	"arizona"	"cochise county"	NA	NA	"asteraceae"	"parthenium"	"incanum"	NA	"parthenium incanum"
"4c23aa9a-259a-4178-ad7a-e6d1c22f6299"	"asu"	NA	"smelter wash; n of san manuel, ne of santa catalina mtns; w side of san pedro river valley"	32.6362	-110.662	"united states"	"arizona"	"pinal county"	NA	700	"asteraceae"	"parthenium"	"incanum"	NA	"parthenium incanum"
"4ccf4db3-475f-4326-a503-cabfe53749e9"	"asc"	"73025"	"navajo nation, east rim little colorado river gorge, west of hellhole bend"	35.96262	-111.66101	"united states"	"arizona"	"coconino county"	NA	NA	"asteraceae"	"parthenium"	"incanum"	NA	"parthenium incanum"
"4dc2cbb9-1b0e-40ad-8e3b-6a1e6a4f4e84"	"ny"	"425761"	"el oro to guanarevi"	26.05339	-105.69683	"mexico"	"durango"	"el oro"	NA	NA	"asteraceae"	"parthenium"	"incanum"	NA	"parthenium incanum humb., bonpl. & kunth"
"4e47ff60-1533-485e-994d-d442f94b1815"	"asc"	"35160"	"cedar pocket"	36.9539	-113.8029	"united states"	"arizona"	"mohave county"	NA	1250	"asteraceae"	"parthenium"	"incanum"	NA	"parthenium incanum"
"4f0a8386-bb5f-438a-8582-8acf1120ed7e"	"uvsc"	"14796"	"beaver dam mountains, castle cliff wash, castle cliff vicinity, along old highway 91."	37.065053	-113.888228	"united states"	"utah"	"washington"	NA	30	"asteraceae"	"parthenium"	"incanum"	NA	"parthenium incanum"
"50c66695-6ff4-40f1-a85d-d215cd11f809"	"asu"	"asu0027026"	"mpio. de galeana. 2.3 mi nw of ejido el potosi, ca. 12 mi n of san roberto junction."	24.85	-100.333	"mexico"	"nuevo leon"	NA	NA	NA	"asteraceae"	"parthenium"	"incanum"	NA	"parthenium incanum"
"50d3d994-23dc-4e49-a543-e3e0376f1d57"	"asu"	"asu0027024"	"ca. 58 mi s juarez, nnw base of rancho de la rancheria mt."	31.0333	-106.367	"mexico"	"chihuahua"	NA	NA	NA	"asteraceae"	"parthenium"	"incanum"	NA	"parthenium incanum"
"512493e4-8100-47d4-893e-f06bb3021eb3"	"ny"	"425770"	"between hermosa y miquihuana"	23.60036	-99.70886	"mexico"	"tamaulipas"	"miquihuana"	NA	NA	"asteraceae"	"parthenium"	"incanum"	NA	"parthenium incanum humb., bonpl. & kunth"
"520a701a-3d57-4595-a5f6-39de9fcbc209"	"des"	"des00069048"	"verde valley east of camp verde; cottonwood basin off fr 500."	34.48899	-111.76886	"united states"	"arizona"	"yavapai county"	NA	NA	"asteraceae"	"parthenium"	"incanum"	NA	"parthenium incanum"
"579cf7c9-48ad-4a9b-9ef4-aadc6c11a17f"	"asc"	"93234"	"jumpup canyon, at intersection with kwagunt hollow."	36.51	-112.587222	"united states"	"arizona"	"coconino county"	NA	NA	"asteraceae"	"parthenium"	"incanum"	NA	"parthenium incanum"
"5af73bba-cb50-457c-8002-621bdfafd019"	"ny"	"425772"	"15 km w of concepción del oro, just on coahuila-zacatecas border"	24.74	-101.49	"mexico"	"zacatecas"	"mazapil"	NA	NA	"asteraceae"	"parthenium"	"incanum"	NA	"parthenium incanum humb., bonpl. & kunth"
"5b0e006b-93ba-4ed7-b8d4-5379fd5add40"	"asu"	NA	"along unumbered dirt road leading down to the verde river; ca. 1.6km s of sycamore canyon/verde river confluence and 9km n of clarkdale."	34.851501	-112.070503	"united states"	"arizona"	"yavapai county"	NA	NA	"asteraceae"	"parthenium"	"incanum"	NA	"parthenium incanum"
"5c3bb9bf-5c78-4565-8273-dd4c1aa5e5f3"	"asc"	"17145"	"montezuma well"	34.64917	-111.75167	"united states"	"arizona"	"yavapai county"	NA	NA	"asteraceae"	"parthenium"	"incanum"	NA	"parthenium incanum"
"5e5226c3-8b5d-45c7-aead-159892066515"	"des"	"des00060258"	"grand canyon national park, just downstream from mouth of 75-mile canyon."	36.050278	-111.901944	"united states"	"arizona"	"coconino county"	NA	NA	"asteraceae"	"parthenium"	"incanum"	NA	"parthenium incanum"
"5ed91104-cfbb-428a-b4c8-2eb12606dd70"	"asu"	"asu0027020"	"6 km ne of concepcion del oro on hwy 54 towards saltillo."	24.671606	-101.374555	"mexico"	"zacatecas"	NA	NA	3000	"asteraceae"	"parthenium"	"incanum"	NA	"parthenium incanum"
"604ff1ec-681c-4372-95a6-7eaab3b17647"	"asu"	"asu0027016"	"17.8 mi (28.6 km) s of concepción del oro on hwy 54, just north of km post 212."	24.4722	-101.433	"mexico"	"zacatecas"	NA	NA	NA	"asteraceae"	"parthenium"	"incanum"	NA	"parthenium incanum"
"6139735a-ba0c-4233-8b4e-d92f870ffb40"	"ny"	"425755"	"8 km ne of estacion otto, above la mina san josé"	25.11106	-103.22297	"mexico"	"coahuila"	"torreón"	NA	NA	"asteraceae"	"parthenium"	"incanum"	NA	"parthenium incanum humb., bonpl. & kunth"
"621f3b8f-4562-4939-b06f-153721714327"	"asu"	NA	"vail"	32.09	-110.7	"united states"	"arizona"	"pima county"	NA	100	"asteraceae"	"parthenium"	"incanum"	NA	"parthenium incanum"
"638abce0-6266-4737-a832-d6f774e1735d"	"asu"	NA	"little pickett canyon"	32.024	-109.377	"united states"	"arizona"	"cochise county"	NA	NA	"asteraceae"	"parthenium"	"incanum"	NA	"parthenium incanum"
"6524c964-37e7-4cd5-9c0e-bc716e174b5a"	"asu"	"asu0027025"	"between 10 and 20 mi s of santo domingo in the sierra del carmen."	28.62793	-100.50293	"mexico"	"coahuila"	NA	NA	30000	"asteraceae"	"parthenium"	"incanum"	NA	"parthenium incanum"
"65d37f39-e062-403c-a638-b5206258848f"	"kstc"	"26048"	"capote canyon, 8 mi ne of candelaria"	30.22042	-104.59004	"united states"	"texas"	"presidio"	NA	NA	"asteraceae"	"parthenium"	"incanum"	NA	"parthenium incanum"
"669969dd-9079-42c0-b79c-f9ce0dc50243"	"ny"	"02065937"	"2miles sw of cottonwood at the intersection of quail springs ranch rd and quail run."	34.68869	-112.02394	"united states"	"arizona"	"yavapai co."	NA	NA	"asteraceae"	"parthenium"	"incanum"	NA	"parthenium incanum humb., bonpl. & kunth"
"69036b01-b473-4d30-8736-9960c11a8098"	"asc"	"80833"	"grand canyon national park, clear creek drainage, westernmost horthern tributary to the east arm of clear creek."	36.11601	-111.99	"united states"	"arizona"	"coconino county"	NA	NA	"asteraceae"	"parthenium"	"incanum"	NA	"parthenium incanum"
"6baabd3f-2718-40a5-bbce-70ba087488de"	"asc"	"95520"	"beaver dam mountains along cedar pockets rd. 1.7 miles north of i-17"	36.966	-113.803	"united states"	"arizona"	"mohave county"	NA	NA	"asteraceae"	"parthenium"	"incanum"	NA	"parthenium incanum"
"6c842a2e-beba-44fb-bfb0-d82033b6b6a9"	"asc"	NA	"sw of sedona on upper red rock crossing road"	34.55306	-111.20667	"united states"	"arizona"	"coconino county"	NA	NA	"asteraceae"	"parthenium"	"incanum"	NA	"parthenium incanum"
"6edb81af-c534-4d11-82f1-670875fe6b5f"	"asu"	NA	"malpais mesa ne 7.5' quad; vicinity hwy 96, ca 3 miles se of santa maria river"	34.4653	-113.014	"united states"	"arizona"	"yavapai county"	NA	700	"asteraceae"	"parthenium"	"incanum"	NA	"parthenium incanum"
"70f680a3-2bc4-4bf4-a0e3-d59c0dda35d4"	"asu"	"asu0058878"	"camp"	31.24	-109.61	"mexico"	"sonora"	NA	NA	NA	"asteraceae"	"parthenium"	"incanum"	NA	"parthenium incanum"
"71284dec-5015-41af-990c-8a475c0fea71"	"asu"	NA	"whitlock mountains, foothills southeast side."	32.561586	-109.385158	"united states"	"arizona"	"graham county"	NA	NA	"asteraceae"	"parthenium"	"incanum"	NA	"parthenium incanum"
"73777b99-137d-4018-b880-1b9afdf432d7"	"uvsc"	"14813"	"western slope of beaver dam mountains, castle cliff vicinity, e side of old highway 91;"	37.064414	-113.887767	"united states"	"utah"	"washington"	NA	30	"asteraceae"	"parthenium"	"incanum"	NA	"parthenium incanum"
"76613da7-62f2-4fad-8487-22629b9b6b66"	"des"	"des00045284"	"hill four 11th brigade signal corps site, 4.5 km nw of the confluence of the san pedro and graveyard gulch, 7 km sw of fairbank."	31.661734	-110.229972	"united states"	"arizona"	"cochise county"	NA	1000	"asteraceae"	"parthenium"	"incanum"	NA	"parthenium incanum"
"76acf2e2-f8e0-4f8f-8d65-4da20911dc4e"	"asc"	"4032"	"montezuma well"	34.64917	-111.75167	"united states"	"arizona"	"yavapai county"	NA	NA	"asteraceae"	"parthenium"	"incanum"	NA	"parthenium incanum"
"76e48b29-78e7-4d05-82fe-947685a14e2f"	"ny"	"425758"	"ixmiquilpan"	20.4822	-99.2186	"mexico"	"hidalgo"	"ixmiquilpan"	NA	NA	"asteraceae"	"parthenium"	"incanum"	NA	"parthenium incanum humb., bonpl. & kunth"
"76ec718c-dfb4-4e00-96e1-421adacedadb"	"ny"	"368400"	"sierra de moscos (sierra de palomas in geological reports), southern part"	31.6167	-107.9833	"mexico"	"chihuahua"	NA	NA	NA	"asteraceae"	"parthenium"	"incanum"	NA	"parthenium incanum humb., bonpl. & kunth"
"7852ae82-69bd-4a17-a223-ecd40b19daec"	"des"	"des00061838"	"grand canyon national park, royal arch canyon, at royal arch, 12 s 369404 e, 4005926 n, nad 27."	36.1893132561874	-112.453180565783	"united states"	"arizona"	"coconino county"	NA	NA	"asteraceae"	"parthenium"	"incanum"	NA	"parthenium incanum"
"79356444-f57f-4968-9f20-a37bfb003f07"	"des"	"des00054138"	"tonto national forest, north of lime creek on s facing ridge on rocky, calcareous soil."	33.9933	-111.7486	"united states"	"arizona"	"maricopa county"	NA	NA	"asteraceae"	"parthenium"	"incanum"	NA	"parthenium incanum"
"795886f5-bba8-4180-9a66-ff41f477a99e"	"asc"	"asc00106391"	"blye canyon, e of truxton"	35.461069	-113.439119	"united states"	"arizona"	"mohave county"	NA	NA	"asteraceae"	"parthenium"	"incanum"	NA	"parthenium incanum"
"7a9ec0e9-857a-4d06-886a-632b31824ea9"	"ny"	"425754"	"along mex. rte. 30, 17 mi west of mapimi"	25.87253	-104.11128	"mexico"	"durango"	"mapimi"	NA	NA	"asteraceae"	"parthenium"	"incanum"	NA	"parthenium incanum humb., bonpl. & kunth"
"7cd46062-6409-4cf1-bd40-6d9375a62bc9"	"asu"	NA	"san carlos indian reservation; catfish bay area"	33.35	-110.45	"united states"	"arizona"	"gila county"	NA	NA	"asteraceae"	"parthenium"	"incanum"	NA	"parthenium incanum"
"7d2bb675-b48d-4607-a23a-563d80d78e8e"	"des"	"des00012359"	"bajada of sa. morrion, 2 miles northeast of el morrion on chihuahua hwy 16."	29.078056	-105.581944	"mexico"	"chihuahua"	NA	NA	NA	"asteraceae"	"parthenium"	"incanum"	NA	"parthenium incanum"
"7f0efcc7-91b9-4c1f-9823-26185769819f"	"des"	"des00054923"	"armstrong ranch, south of warren"	31.35635	-109.87907	"united states"	"arizona"	"cochise county"	NA	NA	"asteraceae"	"parthenium"	"incanum"	NA	"parthenium incanum"
"7f2e9d10-ed86-4f8a-8523-aed0aa6870e8"	"asu"	"asu0027039"	"rocky slopes at extreme nw end of sierra de san marcos, 0.3 to 1.9 mi se hwy 30 on road 6.2 mi sw jct hwy 30 and rr s of cuatro ciénegas."	26.8833	-102.133	"mexico"	"coahuila"	NA	NA	NA	"asteraceae"	"parthenium"	"incanum"	NA	"parthenium incanum"
"81d24a5d-c02c-41ab-a407-f714ad315b2a"	"asu"	NA	"packrat hillside; 13.9km e of diamond bar ranch"	35.9	-113.933	"united states"	"arizona"	"mohave county"	NA	NA	"asteraceae"	"parthenium"	"incanum"	NA	"parthenium incanum"
"83d1be4a-3544-442d-b114-bb8ae47c89a9"	"ut"	"ut0000588"	"sacramento eis study area"	32.7925	-105.56	"united states"	"new mexico"	"otero"	NA	5239	"asteraceae"	"parthenium"	"incanum"	NA	"parthenium incanum"
"841636a5-9d24-4c97-9469-e98c34533e73"	"des"	"des00068644"	"agua fria national monument; ca. 3.5 km ne of horseshoe ranch & ca. 100 m w of indian creek."	34.2781	-112.04475	"united states"	"arizona"	"yavapai county"	NA	NA	"asteraceae"	"parthenium"	"incanum"	NA	"parthenium incanum"
"8602b862-b90e-4e4f-9cd8-23d3f89e76e0"	"asu"	NA	"tucson mtns; crest of gates pass"	32.2283	-111.106	"united states"	"arizona"	"pima county"	NA	700	"asteraceae"	"parthenium"	"incanum"	NA	"parthenium incanum"
"87210493-2f31-4714-ab10-328fc54dae52"	"asu"	NA	"foothills on e side of cerbat mtns; ca 1 mile s of cane springs ranch headquarters"	35.5829	-114.122	"united states"	"arizona"	"mohave county"	NA	700	"asteraceae"	"parthenium"	"incanum"	NA	"parthenium incanum"
"88336338-79e0-423b-bb07-f6effe05afd4"	"asu"	NA	"2 miles ne of portal"	31.93	-109.123	"united states"	"arizona"	"cochise county"	NA	NA	"asteraceae"	"parthenium"	"incanum"	NA	"parthenium incanum"
"891f1fb3-a21d-4186-8783-191dec872c14"	"asu"	NA	"hualapai peak quad; n end of hualapai mtns; cottonwood canyon; ca 1/2 mile e of cottonwood spring, access from i-40"	35.1019	-113.977	"united states"	"arizona"	"mohave county"	NA	700	"asteraceae"	"parthenium"	"incanum"	NA	"parthenium incanum"
"893b2867-fcfd-4ef6-abb7-9b797c1036b1"	"ny"	"425762"	"san  josé, 5 mi nw of nuevo casas grandes"	30.4417	-107.9542	"mexico"	"chihuahua"	"casas grandes"	NA	NA	"asteraceae"	"parthenium"	"incanum"	NA	"parthenium incanum humb., bonpl. & kunth"
"897fbf5b-c9f1-49fb-8919-4ef733668522"	"ny"	"425777"	"ca. 40 km w of cuatro cienegas"	26.92981	-102.30608	"mexico"	"coahuila"	"cuatrocienegas"	NA	NA	"asteraceae"	"parthenium"	"incanum"	NA	"parthenium incanum humb., bonpl. & kunth"
"89a30ec0-4660-4c4b-a495-3fe5301cd56b"	"des"	"des00038835"	"6 mi. east of santa rita."	32.808333	-107.993333	"united states"	"new mexico"	"grant county"	NA	NA	"asteraceae"	"parthenium"	"incanum"	NA	"parthenium incanum"
"8cce0af2-a45a-406a-ad98-26470868bb24"	"asc"	"80176"	"1 mi. e. of blm rd. 5 on blm rd. 30, on summit of twist hills"	36.6943	-113.446	"united states"	"arizona"	"mohave county"	NA	1250	"asteraceae"	"parthenium"	"incanum"	NA	"parthenium incanum"
"8d72a767-91e7-43e8-b79a-dbaa4858dcbd"	"asu"	"asu0027035"	"mpio. de agua prieta. arroyo gallardo, 8 km e of agua prieta on mex 2."	31.326476	-109.465779	"mexico"	"sonora"	NA	NA	1000	"asteraceae"	"parthenium"	"incanum"	NA	"parthenium incanum"
"8db30456-d0c3-4247-9e3b-71aad3ef36e4"	"kstc"	"26049"	"capote canyon, 8 mi ne of candelaria"	30.22042	-104.59004	"united states"	"texas"	"presidio"	NA	NA	"asteraceae"	"parthenium"	"incanum"	NA	"parthenium incanum"
"8dddd731-41ea-42b3-a467-fb22052e4b9e"	"asc"	"31210"	"15 mi e chino valley, aps site 3"	34.757213	-112.188199	"united states"	"arizona"	"yavapai county"	NA	NA	"asteraceae"	"parthenium"	"incanum"	NA	"parthenium incanum"
"8efa38d4-6152-4ca1-8aa4-8dc036b79340"	"asu"	NA	"empire mtns 15' quad; w side of empire mtns"	31.8682	-110.647	"united states"	"arizona"	"pima county"	NA	700	"asteraceae"	"parthenium"	"incanum"	NA	"parthenium incanum"
"932fdc8f-0d9a-47b2-8471-fccbe1bef484"	"asc"	"93520"	"sanup plateau northwest of diamond peak"	35.7968179981043	-113.367796320063	"united states"	"arizona"	"mohave county"	NA	NA	"asteraceae"	"parthenium"	"incanum"	NA	"parthenium incanum"
"955d1175-6672-4879-9322-bbcd8ea2ee04"	"asu"	"asu0027034"	"mpio. de manuel benavides. la madera."	29.1639	-104.197	"mexico"	"chihuahua"	NA	NA	NA	"asteraceae"	"parthenium"	"incanum"	NA	"parthenium incanum"
"95d39d7e-323d-41a6-ba58-bc6289c74788"	"asc"	"60469"	"page springs quad"	34.7537	-111.9124	"united states"	"arizona"	"yavapai county"	NA	1250	"asteraceae"	"parthenium"	"incanum"	NA	"parthenium incanum"
"96ccbb08-a959-4fc9-8f75-6c95ca17df9b"	"asu"	NA	"cedar pocket"	36.29	-113.44	"united states"	"arizona"	"mohave county"	NA	NA	"asteraceae"	"parthenium"	"incanum"	NA	"parthenium incanum"
"996b84df-4572-45ba-abf3-f4b21fe746fe"	"asu"	NA	"just n of parson spring"	34.9076	-112.051	"united states"	"arizona"	"yavapai county"	NA	NA	"asteraceae"	"parthenium"	"incanum"	NA	"parthenium incanum"
"99a740c4-cede-4360-aeaa-a6eca5823d0a"	"asu"	NA	"w end of tunnel; queen creek canyon; superior"	33.3	-111.1	"united states"	"arizona"	"pinal county"	NA	100	"asteraceae"	"parthenium"	"incanum"	NA	"parthenium incanum"
"9ad16a04-b240-441c-891d-78d39cf8854d"	"des"	"des00070972"	"grand canyon national park, north kaibab trail, south of ribbon falls and north of the box."	36.144012	-112.06408	"united states"	"arizona"	"coconino county"	NA	NA	"asteraceae"	"parthenium"	"incanum"	NA	"parthenium incanum"
"9ad2065c-e5b4-4f25-a061-736e034f588e"	"asu"	NA	"junction of pocum wash, grand wash and hidden canyon"	36.5502	-113.763	"united states"	"arizona"	"mohave county"	NA	700	"asteraceae"	"parthenium"	"incanum"	NA	"parthenium incanum"
"9be27df2-6c48-46e2-b35d-5d8c3f1cfdb6"	"ny"	"1742532"	"trail canyon"	36.29	-113.33	"united states"	"arizona"	"mohave co."	NA	NA	"asteraceae"	"parthenium"	"incanum"	NA	"parthenium incanum humb., bonpl. & kunth"
"9e8c5b85-d874-464a-90b9-72464924b144"	"ny"	"425765"	"cañón de huasteca, near monterrey"	25.57631	-100.41881	"mexico"	"nuevo león"	"santa catarina"	NA	NA	"asteraceae"	"parthenium"	"incanum"	NA	"parthenium incanum humb., bonpl. & kunth"
"a1d3dfef-3188-49fd-8bb0-602bfa1871f0"	"asc"	"7285"	"hualapai trail into havasupai canyon"	36.23694	-112.68833	"united states"	"arizona"	"coconino county"	NA	NA	"asteraceae"	"parthenium"	"incanum"	NA	"parthenium incanum"
"a2ea0432-6ce1-417d-9ff8-3f84ec02dbb7"	"ills"	NA	"roadside at rio grande village, big bend national park. utm zone 13, 698294me; 3229749mn. coordinate datum: nad83/wgs84."	29.1825	-102.9608	"united states"	"texas"	"brewster"	NA	NA	"asteraceae"	"parthenium"	"incanum"	NA	"parthenium incanum"
"a3c4a054-d668-41b0-80cd-58b01a81bccd"	"ny"	"425764"	"8 km al n de vizarrón, el mirador"	20.89725	-99.70922	"mexico"	"querétaro de arteaga"	"cadereyta de montes"	NA	NA	"asteraceae"	"parthenium"	"incanum"	NA	"parthenium incanum humb., bonpl. & kunth"
"a5068d7a-de91-4a8e-b493-81f7df25c329"	"ny"	"425775"	"46 km w of ojinaga on highway to chihuahua city and s. 2 km to the deep canyon río conchos in the sierra de peguis, chih."	29.53	-104.8	"mexico"	"chihuahua"	NA	NA	NA	"asteraceae"	"parthenium"	"incanum"	NA	"parthenium incanum humb., bonpl. & kunth"
"a5ad301c-1652-40ed-b152-870e21f3f52b"	"asu"	"asu0027015"	"mex 40, 1.5 mi w of jct to parras (w of saltillo)."	25.6333	-102.183	"mexico"	"coahuila"	NA	NA	NA	"asteraceae"	"parthenium"	"incanum"	NA	"parthenium incanum"
"a5d74254-31e0-45a7-9495-3a793c6a1eb4"	"asc"	"56557"	"on roadway between the geo. t. geiler farm and us 89a"	34.770278	-112.058056	"united states"	"arizona"	"yavapai county"	NA	NA	"asteraceae"	"parthenium"	"incanum"	NA	"parthenium incanum"
"a5e88751-86aa-4fcf-a2ce-eccc6c250304"	"asu"	"asu0027022"	"45 km ne of concepcion del oro on road to saltillo."	24.920094	-101.100832	"mexico"	"coahuila"	NA	NA	3000	"asteraceae"	"parthenium"	"incanum"	NA	"parthenium incanum"
"a68034a0-f6c6-4ed6-b764-302c34557c45"	"ny"	"425759"	"near ciudad juarez"	31.7311	-106.47	"mexico"	"chihuahua"	NA	NA	NA	"asteraceae"	"parthenium"	"incanum"	NA	"parthenium incanum humb., bonpl. & kunth"
"a6ef9d67-25b8-44c4-87e4-de0083729ee4"	"des"	"des00042188"	"jump up canyon, kanab creek wilderness area, across from where kwagunt hollow enters jump up."	36.50975	-112.586267	"united states"	"arizona"	"coconino county"	NA	NA	"asteraceae"	"parthenium"	"incanum"	NA	"parthenium incanum"
"a71f4f4f-f033-4a02-a0cb-cd0576d26b97"	"asu"	NA	"grayback mtns quad; garyback mtns, 0.2 mile n of bland mine"	34.5389	-113.293	"united states"	"arizona"	"yavapai county"	NA	700	"asteraceae"	"parthenium"	"incanum"	NA	"parthenium incanum"
"a87464ce-273d-4279-9784-907fa422cfa1"	"des"	"des00006143"	"hillside mine, east side of chiricahua mountains."	31.98541	-109.29088	"united states"	"arizona"	"cochise county"	NA	NA	"asteraceae"	"parthenium"	"incanum"	NA	"parthenium incanum"
"ab3a8b70-0254-484f-964c-3a4eae0fbbbb"	"ny"	"1842866"	"two miles north of camp verde near montezuma castle rd."	34.60494	-111.85686	"united states"	"arizona"	"yavapai co."	NA	NA	"asteraceae"	"parthenium"	"incanum"	NA	"parthenium incanum humb., bonpl. & kunth"
"ac9a024b-a76d-402c-804f-79d2b08b7621"	"des"	"des00070978"	"grand canyon national park, along clear creek trail west of sumner wash."	36.106172	-112.079523	"united states"	"arizona"	"coconino county"	NA	NA	"asteraceae"	"parthenium"	"incanum"	NA	"parthenium incanum"
"ace6b1cb-fcdc-414e-8ed9-dd9120427d2d"	"asu"	NA	"san bernardino ranch; 18 miles e of douglas"	31.357	-109.263	"united states"	"arizona"	"cochise county"	NA	NA	"asteraceae"	"parthenium"	"incanum"	NA	"parthenium incanum"
"ad7750ba-3fca-4075-9c93-5aa492bdd866"	"fsu"	"000082800"	NA	23.95106857	-102.5276294	"mexico"	NA	NA	NA	NA	"compositae"	"parthenium"	"incanum"	NA	"parthenium incanum"
"ada9623a-7b1d-4629-9740-04dca1f32e80"	"ny"	"368407"	"puerto san lazaro, 65 km (by map) s of monclova"	26.295	-101.3572	"mexico"	"coahuila"	NA	NA	NA	"asteraceae"	"parthenium"	"incanum"	NA	"parthenium incanum humb., bonpl. & kunth"
"af773fa7-b11a-4f57-9008-e24357027878"	"des"	"des00032223"	"tonto national forest, mazatzal wilderness area, ca 3 mi e of sheep crossing bridge, along willow spring trail."	33.998056	-111.642222	"united states"	"arizona"	"yavapai county"	NA	NA	"asteraceae"	"parthenium"	"incanum"	NA	"parthenium incanum"
"b189d54b-2f69-4559-8fc4-8ca877d232ba"	"asu"	NA	"havasu village; havasupi canyon"	36.31	-112.76	"united states"	"arizona"	"coconino county"	NA	200	"asteraceae"	"parthenium"	"incanum"	NA	"parthenium incanum"
"b2d5000b-b056-4d97-b4ad-b375429e8fd6"	"des"	"des00002981"	"rest stop, east side of rt. 17, 10 mi. north of camp verde."	34.672667	-111.771028	"united states"	"arizona"	"yavapai county"	NA	NA	"asteraceae"	"parthenium"	"incanum"	NA	"parthenium incanum"
"b36c483c-816d-4e0a-8c19-4ca8111be194"	"des"	"des00035102"	"franklin mts., el paso, west slope bajada of the franklin mts., 1.6 air mi. e of the middle member of the three sisters hills, 1/4 mile ne from the 7300 block of westwind."	31.81456	-106.47675	"united states"	"texas"	"el paso county"	NA	NA	"asteraceae"	"parthenium"	"incanum"	NA	"parthenium incanum"
"b4052ae9-786e-4562-9ba8-c0bcd333656d"	"des"	"des00030246"	"copper butte, e of walnut canyon, n of gila river, teapot 7.5' quad."	33.154361	-111.066444	"united states"	"arizona"	"pinal county"	NA	NA	"asteraceae"	"parthenium"	"incanum"	NA	"parthenium incanum"
"b5bafa81-9eac-4e07-a3c0-baa06d1b5996"	"ucs"	"22755"	"trail canyon, grand canyon-parashant"	36.290361	-113.342139	"united states"	"arizona"	NA	"mohave co."	NA	"asteraceae"	"parthenium"	"incanum"	NA	"parthenium incanum"
"bc1e93ae-73c3-4afa-8f01-06ef00d4db7f"	"utc"	"utc00234428"	"mormon mountains north of las vegas"	36.8736111	-114.3694444	"united states"	"nevada"	"lincoln"	NA	NA	"asteraceae"	"parthenium"	"incanum"	NA	"parthenium incanum"
"bd6b3016-ae5f-4067-bef7-6598d682bc74"	"ny"	"1742485"	"grand canyon-parashant national monument; parashant canyon"	36.2725	-113.3337	"united states"	"arizona"	"mohave co."	NA	NA	"asteraceae"	"parthenium"	"incanum"	NA	"parthenium incanum humb., bonpl. & kunth"
"be4e319d-dffe-42e8-9b08-e01eee6079b1"	"asu"	NA	"peloncillo mt foothills; 15 miles ne of safford"	32.8586	-109.684	"united states"	"arizona"	"graham county"	NA	100	"asteraceae"	"parthenium"	"incanum"	NA	"parthenium incanum"
"bf2c7aa1-593a-4f0f-a247-3b0efcb5f5d9"	"asc"	"19332"	"5 mi n of cottonwood, at sycamore canyon mouth"	34.825037	-111.787846	"united states"	"arizona"	"yavapai county"	NA	NA	"asteraceae"	"parthenium"	"incanum"	NA	"parthenium incanum"
"c1990750-fef2-469c-bf68-acdb572df9a0"	"ny"	"368401"	"cañón de las 6 nieves, 3 km (1. 9 mi) s on dirt road from main road running around base of sierra de la paila, ca. 18. 8 km (11. 8 mi) sw of las coloradas, 33. 8 km (21. 1 mi) from hwy 57 to w gate of las coloradas"	26.02	-101.68	"mexico"	"coahuila"	"general cepeda"	NA	NA	"asteraceae"	"parthenium"	"incanum"	NA	"parthenium incanum humb., bonpl. & kunth"
"c1eb6f2b-722c-4b26-9d5c-8438ff576684"	"asu"	"asu0027033"	"san luis potos mpio. de cerritos. zona altiplano, 5 km al e del entronque con carretera 57."	22.6364	-100.583	"mexico"	"san luis potosi"	NA	NA	NA	"asteraceae"	"parthenium"	"incanum"	NA	"parthenium incanum"
"c4185343-dde2-4e50-9db3-a3c3f856bd4c"	"utc"	"utc00238727"	"along blacktop hwy from shivwits to littlefield, castle cliff area."	37.0658333	-113.8877778	"united states"	"utah"	"washington"	NA	NA	"asteraceae"	"parthenium"	"incanum"	NA	"parthenium incanum"
"c50e33f2-b110-4ee5-9585-df8cff285a9b"	"des"	"des00001988"	"near sedona."	34.88551	-111.73959	"united states"	"arizona"	"coconino county"	NA	NA	"asteraceae"	"parthenium"	"incanum"	NA	"parthenium incanum"
"c6ba3881-5725-486a-a67b-cc8cba5561a2"	"asu"	NA	"tonto national forest, north of lime creek on s facing ridge on rocky, limestone soil"	33.9933	-111.7486	"united states"	"arizona"	"maricopa"	NA	NA	"asteraceae"	"parthenium"	"incanum"	NA	"parthenium incanum"
"c6ff1f85-43e0-4bca-8195-7b95b53c206a"	"asu"	NA	"san pedro riparian national conservation area, curtis windmill, ca. 3 miles west of hwy 80"	31.6931	-110.205	"united states"	"arizona"	"cochise county"	NA	NA	"asteraceae"	"parthenium"	"incanum"	NA	"parthenium incanum"
"c7d3d821-3871-47d9-88b3-1315938821ca"	"asu"	"asu0027037"	"ca. 9 mi w of jct road from cuatro ciénegas to ocampo and road to dolores. ca. 2 mi e of rancho."	27.149348	-102.2371	"mexico"	"coahuila"	NA	NA	10000	"asteraceae"	"parthenium"	"incanum"	NA	"parthenium incanum"
"c83f8df3-81ae-4cc5-9033-3c8a8c093946"	"des"	"des00054922"	"east slopes of the chiricahua mountains 8 mi north of portal"	32.019792	-109.198181	"united states"	"arizona"	NA	NA	NA	"asteraceae"	"parthenium"	"incanum"	NA	"parthenium incanum"
"c9f4d61d-6359-4df8-ba72-f2d4d503608b"	"asu"	NA	"dragoon mtns; 1.5 miles nw jct fsr 84 and 795, along 795; pearce 15'"	31.9554	-109.955	"united states"	"arizona"	"cochise county"	NA	700	"asteraceae"	"parthenium"	"incanum"	NA	"parthenium incanum"
"cbcef1ae-d70d-4bb9-b162-ea8dfa89c6ce"	"asc"	"3967"	"ledge beyond mooney fall, havasu"	36.263333	-112.7075	"united states"	"arizona"	"coconino county"	NA	1000	"asteraceae"	"parthenium"	"incanum"	NA	"parthenium incanum"
"cf760eaa-5f8d-4fbb-adfb-d81607cc75ee"	"ny"	"425774"	"sierra de jimulco and up to 3 km n of mina san jose wich is 8 km ne of estacion otto"	25.1083	-103.225	"mexico"	"coahuila"	NA	NA	NA	"asteraceae"	"parthenium"	"incanum"	NA	"parthenium incanum humb., bonpl. & kunth"
"d0524d6d-0fd4-4e89-9171-166e83ca1dc7"	"asu"	NA	"upper san pedro river floodplain, southwest of st. david cienega, ~50 m south of old corral and parking lot of cienega"	31.8457	-110.228	"united states"	"arizona"	"cochise county"	NA	NA	"asteraceae"	"parthenium"	"incanum"	NA	"parthenium incanum"
"d0a38acd-dab4-4033-b238-65cf20d9b6c2"	"des"	"des00000410"	"rincon basin."	32.306151	-110.604823	"united states"	"arizona"	"pima county"	NA	10000	"asteraceae"	"parthenium"	"incanum"	NA	"parthenium incanum"
"d0a9a557-b3d2-4d11-8daa-044acf366903"	"asu"	NA	"just north of junction of hwy 90 and hwy 80."	31.5215	-110.015	"united states"	"arizona"	"cochise county"	NA	NA	"asteraceae"	"parthenium"	"incanum"	NA	"parthenium incanum"
"d3ffa9d6-972e-4d48-9f3f-a0341350c521"	"asu"	"asu0027029"	"mex 16, 30.8 mi ne el morrion k1 121."	28.984445	-105.567109	"mexico"	"chihuahua"	NA	NA	50000	"asteraceae"	"parthenium"	"incanum"	NA	"parthenium incanum"
"d42e8794-a737-4cce-9332-66ff316653a0"	"des"	NA	"grand canyon national park, along south kaibab trail in upper switchbacks of red wall break."	36.081733	-112.088329	"united states"	"arizona"	"coconino county"	NA	NA	"asteraceae"	"parthenium"	"incanum"	NA	"parthenium incanum"
"d4d63dd7-02ff-4069-9dc8-50d3ae567382"	"asu"	"asu0027032"	"mpio. de ceballos. al n del ejido la flor."	26.5254951339087	-104.130735397339	"mexico"	"durango"	NA	NA	1000	"asteraceae"	"parthenium"	"incanum"	NA	"parthenium incanum"
"d5022838-dbfd-4ed4-a277-d24d59da7eff"	"asu"	NA	"2 miles ne of portal"	31.93	-109.123	"united states"	"arizona"	"cochise county"	NA	NA	"asteraceae"	"parthenium"	"incanum"	NA	"parthenium incanum"
"d59bfb1b-7921-4758-8e3c-9bae76a5b0b6"	"ny"	"40601"	"area adjacent to us border patrol airfield, near weather station rd"	29.37	-100.92	"united states"	"texas"	"val verde co."	NA	NA	"asteraceae"	"parthenium"	"incanum"	NA	"parthenium incanum humb., bonpl. & kunth"
"d615426f-66f4-41e0-910b-48560e2a06b8"	"ny"	"1742491"	"trail canyon; grand canyon-parashant natl. monument"	36.269036	-113.319214	"united states"	"arizona"	"mohave co."	NA	NA	"asteraceae"	"parthenium"	"incanum"	NA	"parthenium incanum humb., bonpl. & kunth"
"d724514e-1d03-4c78-8296-5dd5be402e3a"	"asu"	NA	"parashant canyon"	36.3456	-113.459	"united states"	"arizona"	"mohave county"	NA	700	"asteraceae"	"parthenium"	"incanum"	NA	"parthenium incanum"
"d7897872-0b73-49b7-99bf-0f2733eee68c"	"asu"	NA	"2 miles s of rim rock rd on black canyon freeway"	34.63	-111.84	"united states"	"arizona"	"coconino county"	NA	NA	"asteraceae"	"parthenium"	"incanum"	NA	"parthenium incanum"
"d958a907-6184-4fb8-a477-7c380e45e1e8"	"asu"	"asu0027036"	"cuatro ciénegas basin. 5.5 mi s of puerto salada along road to santa tecla."	27	-101.866667	"mexico"	"coahuila"	NA	NA	9000	"asteraceae"	"parthenium"	"incanum"	NA	"parthenium incanum"
"d9efa7aa-70bd-4543-a8ce-955902fee6c0"	"des"	"des00054288"	"near saltillo."	25.433333	-100.983333	"mexico"	"coahuila"	NA	NA	NA	"asteraceae"	"parthenium"	"incanum"	NA	"parthenium incanum"
"db379313-5c3c-4f6f-a736-89935b46a93a"	"asc"	"1848"	"oak creek canyon, above jordan's"	34.912377	-111.726886	"united states"	"arizona"	"coconino county"	NA	NA	"asteraceae"	"parthenium"	"incanum"	NA	"parthenium incanum"
"dc4e79bd-a046-43c6-81d3-36ca51c1d4b4"	"ny"	"425779"	"cerro vega, w of saltillo, sierra madre oriental"	25.42103	-101.09983	"mexico"	"coahuila"	"saltillo"	NA	NA	"asteraceae"	"parthenium"	"incanum"	NA	"parthenium incanum humb., bonpl. & kunth"
"dd145c1f-9ba8-445a-a5c9-1a7af74d2be6"	"asc"	"40396"	"mesa-like ridge n end of dead horse ranch st park nr cottonwood"	34.73917	-112.00917	"united states"	"arizona"	"yavapai county"	NA	NA	"asteraceae"	"parthenium"	"incanum"	NA	"parthenium incanum"
"dfee08ac-c406-449a-b41c-2a71c607b7c0"	"asu"	NA	"north of stafford cabin area"	32.007	-109.358	"united states"	"arizona"	"cochise county"	NA	NA	"asteraceae"	"parthenium"	"incanum"	NA	"parthenium incanum"
"e10ffb08-7328-42b6-8583-b6c720363c56"	"asu"	NA	"tonto national forest, south facing side of drainage north of fs road , south of lime creek ."	33.9844	-111.729	"united states"	"arizona"	"maricopa county"	NA	NA	"asteraceae"	"parthenium"	"incanum"	NA	"parthenium incanum"
"e1a6c040-7232-46dc-aaa8-d50a34cbb54f"	"ny"	"368404"	"15 mi s of ciudad lerdo along road to durango (highway 40)"	25.4189	-103.6439	"mexico"	"durango"	NA	NA	NA	"asteraceae"	"parthenium"	"incanum"	NA	"parthenium incanum humb., bonpl. & kunth"
"e1e7bad9-983a-433a-99ec-84ffdb82624d"	"des"	"des00023628"	"off dirt road going w from hwy 57, ca 75 mi n of saltillo"	26.383333	-101.25	"mexico"	"coahuilla"	NA	NA	NA	"asteraceae"	"parthenium"	"incanum"	NA	"parthenium incanum"
"e21776b9-d5fc-470d-afb9-cae506575abc"	"asc"	"84195"	"hartwell canyon, tnc property, western side slope"	34.924139	-111.910167	"united states"	"arizona"	"yavapai county"	NA	NA	"asteraceae"	"parthenium"	"incanum"	NA	"parthenium incanum"
"e2344a84-b548-467d-b33a-e8fbb00cf340"	"asu"	NA	"rocky canyon in desert grassland area"	34.98	-112	"united states"	"arizona"	"coconino county"	NA	NA	"asteraceae"	"parthenium"	"incanum"	NA	"parthenium incanum"
"e300b2d8-4c53-4dbc-8b7a-34f1282d02df"	"des"	"des00030174"	"santa rita mts., vic. of helvetia; sahuarita 15' qwuad."	31.858444	-110.788	"united states"	"arizona"	"pima county"	NA	NA	"asteraceae"	"parthenium"	"incanum"	NA	"parthenium incanum"
"e4b79580-0486-48a5-b6e8-eedea5d34183"	"ny"	"425756"	"6 km al nw de tasquillo, sobre la  carretera a zimapán"	20.58089	-99.34231	"mexico"	"hidalgo"	"tasquillo"	NA	NA	"asteraceae"	"parthenium"	"incanum"	NA	"parthenium incanum humb., bonpl. & kunth"
"e5b44df5-5456-420c-a3c8-2bbb6416c76d"	"des"	"des00036849"	"grand canyon national park, ca. 1 1/4 miles northwest (as raven flies) of bright angel creek, above and to west of phantom creek."	36.120556	-112.115	"united states"	"arizona"	"coconino county"	NA	NA	"asteraceae"	"parthenium"	"incanum"	NA	"parthenium incanum"
"e727439a-7321-4032-b99f-101f3d77e34d"	"des"	"des00045801"	"tonto national forest, white rocks mesa"	34.283365	-111.517364	"united states"	"arizona"	"gila county"	NA	NA	"asteraceae"	"parthenium"	"incanum"	NA	"parthenium incanum"
"e79b3825-d020-4550-b905-0b8361a3526f"	"des"	"des00000742"	"village area of havasu canyon."	36.23594	-112.68979	"united states"	"arizona"	"coconino county"	NA	NA	"asteraceae"	"parthenium"	"incanum"	NA	"parthenium incanum"
"ee0b019a-6e11-44b1-a6b4-78582f47c245"	"asu"	"asu0027028"	"rd to rancho mesquit. 1.2 mi w of jct road cuatro ciénegas n to ocampo."	27.152689	-102.2371	"mexico"	"coahuila"	NA	NA	25000	"asteraceae"	"parthenium"	"incanum"	NA	"parthenium incanum"
"ee2241ea-9018-4928-9e19-b02d1dbe37ba"	"asu"	NA	"pickett canyon; lower portion"	32.024	-109.377	"united states"	"arizona"	"cochise county"	NA	NA	"asteraceae"	"parthenium"	"incanum"	NA	"parthenium incanum"
"eff78b56-422d-4138-8cd7-6d9164107177"	"ucr"	"ucr33888"	"city of riverside univ. of calif. experimental fields"	33.9625	-117.34167	"united states"	"california"	"riverside"	NA	NA	"unknown"	"parthenium"	"incanum"	NA	"parthenium incanum"
"f01af077-d171-47c1-b1cf-09251f2e181f"	"asu"	"asu0027027"	"mpio. de ocampo. rancho las gallinas, aproximadamente 43 km rumbo a sierra mojada."	27.25	-102.633	"mexico"	"coahuila"	NA	NA	NA	"asteraceae"	"parthenium"	"incanum"	NA	"parthenium incanum"
"f0461cee-e81f-4133-a813-fafc661068b0"	"ny"	"425757"	"22 km ese of la cuesta del plomo on the múzquiz-boquillas highway near the intersection of the highway from v. acuña"	28.6439	-102.305	"mexico"	"coahuila"	NA	NA	NA	"asteraceae"	"parthenium"	"incanum"	NA	"parthenium incanum humb., bonpl. & kunth"
"f1098ffa-8da6-4f5b-b6fa-d14ac591c618"	"asu"	NA	"d hill; ca 4 miles e of jct hwy 80 and 15th st in douglas, along geronimo trail"	31.357	-109.263	"united states"	"arizona"	"cochise county"	NA	NA	"asteraceae"	"parthenium"	"incanum"	NA	"parthenium incanum"
"f10a6cc9-95c8-4afa-bdbc-9eabef56f259"	"asu"	"asu0027021"	"14 km w of nazas towards pinon blanco."	25.216601	-104.239609	"mexico"	"durango"	NA	NA	12805	"asteraceae"	"parthenium"	"incanum"	NA	"parthenium incanum"
"f1439180-07bb-4bd8-a784-774f868bd3e0"	"asc"	"65995"	"grand canyon national park, cove canyon, upper slopes of drainage into burro canyon tributary, tuweep"	36.05556	-112.13889	"united states"	"arizona"	"coconino county"	NA	NA	"asteraceae"	"parthenium"	"incanum"	NA	"parthenium incanum"
"f240eaca-af2c-4b5c-a2c4-99b368a425c0"	"des"	"des00030222"	"dripping springs mtns., vicinity of steamboat mt., kearney 7.5' quad."	33.094167	-110.870667	"united states"	"arizona"	"pinal county"	NA	NA	"asteraceae"	"parthenium"	"incanum"	NA	"parthenium incanum"
"f3244960-e9a1-4388-8b57-64fc681ced02"	"ny"	"1742467"	"castle cliffs"	37.0624	-113.8912	"united states"	"utah"	"washington co."	NA	NA	"asteraceae"	"parthenium"	"incanum"	NA	"parthenium incanum humb., bonpl. & kunth"
"f4e3c7de-e8bb-4aac-9c24-ca16b6688825"	"asu"	NA	"dos cabezas mtns; cooper peak"	32.214	-109.548	"united states"	"arizona"	"cochise county"	NA	NA	"asteraceae"	"parthenium"	"incanum"	NA	"parthenium incanum"
"f5c56c32-768c-40c1-8488-10ea35e1142d"	"ny"	"425778"	"about 16 mi w-sw of jimenez"	27.07106	-105.15606	"mexico"	"chihuahua"	"jimenez"	NA	NA	"asteraceae"	"parthenium"	"incanum"	NA	"parthenium incanum humb., bonpl. & kunth"
"f625f791-092b-4572-a00c-2a449b3eaafa"	"ny"	"425767"	"w from hwy 57, ca. 75 mi n of saltillo"	26.34819	-101.35856	"mexico"	"coahuila"	"saltillo"	NA	NA	"asteraceae"	"parthenium"	"incanum"	NA	"parthenium incanum humb., bonpl. & kunth"
"f66d97a6-a1cb-419c-92d3-4265d8fbe2da"	"des"	"des00038887"	"above gila river valley, redrock."	32.688167	-108.734167	"united states"	"new mexico"	"hidalgo county"	NA	NA	"asteraceae"	"parthenium"	"incanum"	NA	"parthenium incanum"
"fa29d50a-c7e6-4f40-8bdc-98a55ffdba61"	"des"	"des00005525"	"10.0 mi s of cibola creek in shafter."	29.820139	-104.303278	"united states"	"texas"	"presidio county"	NA	NA	"asteraceae"	"parthenium"	"incanum"	NA	"parthenium incanum"
"fa370cf6-1515-47f6-8bd5-ae709ffcd2ea"	"asc"	"50085"	"cerbat mountains, 7 mi n of kingman"	35.29098	-114.05222	"united states"	"arizona"	"mohave county"	NA	NA	"asteraceae"	"parthenium"	"incanum"	NA	"parthenium incanum"
"fbaa78ac-b12d-49ac-9529-21a64bcd8ff0"	"des"	"des00045397"	"arizona trail, coronado national memorial, south of montezuma pass parking lot, along yaqui ridge trail."	31.338617	-110.2796	"united states"	"arizona"	"cochise county"	NA	NA	"asteraceae"	"parthenium"	"incanum"	NA	"parthenium incanum"
"fd7c96f8-bc46-4443-9051-aca2f4c4be93"	"asc"	"50859"	"base of hurricane rim"	36.7088	-113.2664	"united states"	"arizona"	"mohave county"	NA	1250	"asteraceae"	"parthenium"	"incanum"	NA	"parthenium incanum"
"fe28f1e7-76cb-414c-9fae-3c7db8feb8c3"	"asu"	NA	"7k west of the new mexican border; 3.7k north of the mexican border; w-facing rocky limestone slope, vauquelinia scrub"	31.3584	-109.1233	"united states"	"arizona"	"cochise county"	NA	969	"asteraceae"	"parthenium"	"incanum"	NA	"parthenium incanum"
"ff234110-e74f-4998-a73b-a9fcd4d7482c"	"asu"	"asu0027019"	"52 km ne of nieves on road to camacho."	24.252009	-102.712007	"mexico"	"zacatecas"	NA	NA	5000	"asteraceae"	"parthenium"	"incanum"	NA	"parthenium incanum"
"ff5f4e50-f470-41b0-a1ca-b49efa5ceeab"	"uvsc"	"8960"	"castle cliff area, along old highway 91;"	37.065833	-113.887778	"united states"	"utah"	"washington"	NA	30	"asteraceae"	"parthenium"	"incanum"	NA	"parthenium incanum"
