"017adcfc-d216-4800-99fd-62cd047ae3a7"	"ny"	"1043227"	"escudilla mountains, terry flat loop"	33.9004	-109.103817	"united states"	"arizona"	"apache co."	NA	NA	"pinaceae"	"picea"	"engelmannii"	NA	"picea engelmannii parry ex engelm."
"024527e6-61da-4fd1-aeea-f7f9be20c860"	"asu"	NA	"top of escudilla mountain; about 5 miles n of alpine"	33.9206	-109.143	"united states"	"arizona"	"apache county"	NA	NA	"pinaceae"	"picea"	"engelmannii"	NA	"picea engelmannii"
"04a9f91a-617a-496e-934a-1896890aa1d4"	"ku"	"361243"	"salida, 5 mi s"	38.4518	-106.0179	"united states"	"colorado"	"saguache"	NA	NA	"pinaceae"	"picea"	"engelmannii"	NA	"picea engelmannii"
"07a032b6-7a28-4e5c-a4ef-6475358f2af6"	"ny"	"29997"	"natioanl park. near banff"	51.18	-115.57	"canada"	"alberta"	NA	NA	NA	"pinaceae"	"picea"	"engelmannii"	NA	"picea engelmannii parry ex engelm."
"0a1cd71d-4bc0-4b33-86d1-790f19bb527c"	"rsa"	"rsa1846"	"along clark creek"	41.0378	-121.6686	"united states"	"california"	"shasta"	NA	NA	"pinaceae"	"picea"	"engelmannii"	NA	"picea engelmannii"
"0c0800c9-95bf-4493-a16e-702ff516a6bc"	"asc"	"55738"	"105 km nw of kayenta, atop navajo mountain"	37.393472	-111.088137	"united states"	"utah"	"san juan county"	NA	NA	"pinaceae"	"picea"	"engelmannii"	NA	"picea engelmannii"
"0c23cb01-a4b1-4bd2-a943-80309e15818d"	"cas"	"493762"	"siskiyou mountains - horse range creek, salmon mountains. occurring over a wide range including french creek, sugar creek and duck lake creek."	41.3361	-122.93	"united states"	"california"	"siskiyou county"	NA	NA	"pinaceae"	"picea"	"engelmannii"	NA	"picea engelmannii  parry ex engelm."
"0cb0d656-7ee9-4c44-a8cf-fc3177192f05"	"dbg"	"khd00026864"	"windy point and vicinity., pike-san isabel national forest, pikes peak, ruxton creek drainage below moraine l., colorado springs watershed, along trail just e. of ruxton cr. and n. of mouth of seep cr."	38.825899	-104.983734	"united states"	"colorado"	"el paso county"	NA	NA	"pinaceae"	"picea"	"engelmannii"	NA	"picea engelmannii"
"0cd829a6-05d0-47c3-9dce-b1f39d147c05"	"ds"	"ds679684"	"very moist slope and creek bottom along clark creek."	41.0377807617	-121.6686096191	"united states"	"california"	"shasta"	NA	NA	"pinaceae"	"picea"	"engelmannii"	NA	"picea engelmannii"
"0d59b0b0-c379-43b4-af88-c855b6fa873e"	"asu"	NA	"san francisco peaks. campground."	35.36	-111.62	"united states"	"arizona"	"coconino county"	NA	200	"pinaceae"	"picea"	"engelmannii"	NA	"picea engelmannii"
"11defc13-6397-4fc4-90f3-959b31c8bb12"	"asu"	NA	"san francisco peaks. along snow bowl ski run."	35.3306	-111.705	"united states"	"arizona"	"coconino county"	NA	200	"pinaceae"	"picea"	"engelmannii"	NA	"picea engelmannii"
"13443da0-b358-4afc-a5a9-9aefff3e49d3"	"sd"	"sd11873"	"creek bottom and slope along clark creek"	41.0378	-121.6686	"united states"	"california"	"shasta"	NA	NA	"pinaceae"	"picea"	"engelmannii"	NA	"picea engelmannii"
"13b953bf-f272-44be-a6ba-e22f3eed5ce2"	"uvsc"	"14293"	"markagunt plateau, brian head, ca. 0.25 mile ne of the summit on the n side of the summit road;"	37.683066	-112.82595	"united states"	"utah"	"iron"	NA	30	"pinaceae"	"picea"	"engelmannii"	NA	"picea engelmannii"
"14dc4c52-1831-4d40-abaf-d6ee19bb3700"	"ny"	"30100"	"head of pole creek"	42.0219	-105.4272	"united states"	"wyoming"	NA	NA	5000	"pinaceae"	"picea"	"engelmannii"	NA	"picea engelmannii parry ex engelm."
"14eb7299-43cd-4a0b-bc9c-a439afcfad86"	"dbg"	"khd00005451"	"pine-fir forest on co rt 160, 1 mile north of ward"	40.018639	-105.518991	"united states"	"colorado"	"boulder county"	NA	NA	"pinaceae"	"picea"	"engelmannii"	NA	"picea engelmannii"
"15f91153-3b14-47a9-85a0-3b1e06d3e7d5"	"ucd"	"ucd134307"	"siskiyou county: north coast ranges. sugar creek, a tributary of the scott river"	41.3111	-122.901	"united states"	"california"	"siskiyou"	NA	250	"pinaceae"	"picea"	"engelmannii"	NA	"picea engelmannii"
"183bcbcf-2484-4a5d-99c8-4f0f6d9bd7ea"	"asu"	NA	"heliograph point, pinaleno mountains"	32.65	-109.863	"united states"	"arizona"	"graham county"	NA	NA	"pinaceae"	"picea"	"engelmannii"	NA	"picea engelmannii"
"1899aaf6-051b-459f-8d8d-dda372d6be7f"	"asu"	NA	"chiricahua wilderness area; at junction saddle on crest trail near chiricahua peak."	31.8497	-109.289	"united states"	"arizona"	"cochise county"	NA	NA	"pinaceae"	"picea"	"engelmannii"	NA	"picea engelmannii"
"1b36001b-e346-41f0-9724-9e40cea36c64"	"des"	"des00044266"	"chiricahua mountains, chiricahua wilderness area, north side of chiricahua peak, just south of junction with crest trail no. 207 from anita park towrads mormon ridge trail, at trail marker denoting the tree as the ""most southern engelmann spruce in north america'"	32.196107	-109.572067	"united states"	"arizona"	"cochise"	NA	301	"pinaceae"	"picea"	"engelmannii"	NA	"picea engelmannii"
"1bd8afd5-5e70-4c91-8f5a-e43a60e90c34"	"ny"	"759195"	"arapaho national forest: front range: vasquez creek, ca. 3 air miles sse of fraser, ca. 6.5 air miles nnw of berthoud pass."	39.9015	-105.8046	"united states"	"colorado"	"grand co."	NA	NA	"pinaceae"	"picea"	"engelmannii"	"engelmannii"	"picea engelmannii parry ex engelm. var. engelmannii"
"1c933968-ac50-4482-9d9c-c1e1dcc8473e"	"ny"	"10856770"	"santa fe national forest: valles caldera; just sw of ranch headquarters, between vco2 and vc201."	35.855717	-106.527633	"united states"	"new mexico"	"sandoval co."	NA	NA	"pinaceae"	"picea"	"engelmannii"	NA	"picea engelmannii parry ex engelm."
"201ef473-ffee-496f-a400-cc6c2fa6926a"	"ku"	"156894"	"idanha, ca 5 air mi se"	44.647453	-122.002731	"united states"	"oregon"	"linn"	NA	NA	"pinaceae"	"picea"	"engelmannii"	NA	"picea engelmannii"
"202bf501-7687-491b-8ad7-a23acd332675"	"ny"	"201861"	"routt national forest, 2km e of summit lake, on usfs rd 60, buffalo pass"	40.53	-106.67	"united states"	"colorado"	"routt co."	NA	NA	"pinaceae"	"picea"	"engelmannii"	"engelmannii"	"picea engelmannii parry ex engelm. var. engelmannii"
"213bb33d-ea6f-43a0-b1fb-fccebafe1389"	"utc"	"utc00227835"	"cache national forest ; t.w. daniels experimental forest. area near 'doc's meadow.' 5 miles south of us 89 at the summit of logan canyon. turn o"	41.8666667	-111.4833333	"united states"	"utah"	"rich"	NA	NA	"pinaceae"	"picea"	"engelmannii"	NA	"picea engelmannii"
"21cfcf2e-d106-47e1-b44b-8cf259fc092e"	"jeps"	"jeps22771"	"8 mi nw cayton valley (canyon of the s fork of clark creek); shasta national forest, clark creek canyon"	41.115762005358	-121.751423141107	"united states"	"california"	"shasta"	NA	673	"pinaceae"	"picea"	"engelmannii"	NA	"picea engelmannii"
"21f5b9aa-2fc9-4273-a25b-640e5cb08694"	"ny"	"1477231"	"east slope wind river range and vicinity: shale mountain and northerly slope, ca 10 air mi ssw of dubois."	43.56944	-109.69847	"united states"	"wyoming"	"fremont co."	NA	NA	"pinaceae"	"picea"	"engelmannii"	NA	"picea engelmannii parry ex engelm."
"221da38d-53a6-46f0-b63c-777f135e544c"	"cas"	"211840"	"very moist slope and creek bottom along clark creek."	41.0377807617	-121.6686096191	"united states"	"california"	"shasta county"	NA	NA	"pinaceae"	"picea"	"engelmannii"	NA	"picea engelmannii  parry ex engelm."
"24501dc0-e195-41e9-9dc6-788bfa217b60"	"asc"	"42263"	"inner basin, sf pks, 10 mi n of flagstaff, jack smith's cabin."	35.343117	-111.65056	"united states"	"arizona"	"coconino county"	NA	NA	"pinaceae"	"picea"	"engelmannii"	NA	"picea engelmannii"
"257901f3-e270-4774-91e4-e2e89403ef4b"	"ny"	"30131"	"lower slopes along the teanaway creek"	47.33639	-120.95417	"united states"	"washington"	"kittitas co."	NA	NA	"pinaceae"	"picea"	"engelmannii"	NA	"picea engelmannii parry ex engelm."
"27dacc7b-1bcb-46bd-8be2-de4ed51cefd1"	"utc"	"utc00164269"	NA	43.5316667	-111.2575	"united states"	"idaho"	"bonneville"	NA	NA	"pinaceae"	"picea"	"engelmannii"	NA	"picea engelmannii"
"282ec500-c882-46c2-bd13-ad4859c70bba"	"uvsc"	"15829"	"uinta mountains, henry?s fork basin, w shore of dollar lake;"	40.826267	-110.3773	"united states"	"utah"	"summit"	NA	30	"pinaceae"	"picea"	"engelmannii"	NA	"picea engelmannii"
"2881426d-94c2-413b-b432-d92c292dd6ac"	"asc"	NA	"grand canyon natinal park, north rim; near widforss trailhead"	36.223889	-112.065	"united states"	"arizona"	"coconino county"	NA	NA	"pinaceae"	"picea"	"engelmannii"	NA	"picea engelmannii"
"28b9c324-3895-4c7f-ab7f-b011c476a51f"	"uc"	"uc1267075"	"horse range creek siskiyou mountains, salmon mountains"	41.3341	-122.9406	"united states"	"california"	"siskiyou"	NA	168	"pinaceae"	"picea"	"engelmannii"	NA	"picea engelmannii"
"29bb3cea-fe31-4fba-ad73-c4b90b321076"	"rsa"	"rsa31098"	"sugar creek, a tributary of the scott river; t40n r9w s20, mount diablo meridian"	41.3017640760209	-122.908243953192	"united states"	"california"	"siskiyou"	NA	1168	"pinaceae"	"picea"	"engelmannii"	NA	"picea engelmannii"
"2b4a6b3a-ebe3-46c8-8146-8034a87aefe4"	"ku"	"363037"	"grizzly bear ridge, between twin buttes trailhead & oregon-washington state line"	46.0133333	-117.7583333	"united states"	"washington"	"columbia"	NA	NA	"pinaceae"	"picea"	"engelmannii"	NA	"picea engelmannii"
"2ecd2f33-5ba4-4789-905d-9ec73ec8a0ea"	"la"	"la86570"	"lower blake\'s fork of s russian creek (a tributary of salmon river), ca. 7 mi (airline) e of skiskiyou county"	41.2981	-122.992	"united states"	"california"	"siskiyou"	NA	250	"pinaceae"	"picea"	"engelmannii"	NA	"picea engelmannii"
"31b6dfcb-1499-4af4-af7e-8bc9bc6640ec"	"ny"	"30132"	"about 3 miles up the north fork of bridge creek"	47.56139	-120.77861	"united states"	"washington"	"chelan co."	NA	NA	"pinaceae"	"picea"	"engelmannii"	NA	"picea engelmannii parry ex engelm."
"3414aeb9-9c19-4a31-a9bb-ac7b097f6771"	"asc"	"26758"	"s-se facing slope of sw projecting ridge on agassiz pk, 15 mi nw of flagstaff."	35.35177	-111.838841	"united states"	"arizona"	"coconino county"	NA	NA	"pinaceae"	"picea"	"engelmannii"	NA	"picea engelmannii"
"347f156d-3fe0-4032-a5c0-be9b824c6401"	"ny"	"29999"	"in the big bend district"	51.75	-118.33	"canada"	"british columbia"	NA	NA	NA	"pinaceae"	"picea"	"engelmannii"	NA	"picea engelmannii parry ex engelm."
"34bfa3f4-b68f-4bd7-8a21-b9e12753bb0e"	"asu"	NA	"white mountains, 2 mi off state highway 260, on national forest road 113."	34.0029	-109.641	"united states"	"arizona"	"greenlee county"	NA	NA	"pinaceae"	"picea"	"engelmannii"	NA	"picea engelmannii"
"35f9805b-00ee-477f-b302-9884f4b6d45a"	"asu"	NA	"pinaleno mountains at hospital flats picnic area."	32.66	-109.87	"united states"	"arizona"	"graham county"	NA	NA	"pinaceae"	"picea"	"engelmannii"	NA	"picea engelmannii"
"3be33514-25bc-4b58-84e0-3977e457e87a"	"ny"	"688847"	"apache national forest, lee valley recreation area, at junction of fr 116 and fr 409."	33.9283333	-109.4816667	"united states"	"arizona"	"apache co."	NA	NA	"pinaceae"	"picea"	"engelmannii"	NA	"picea engelmannii parry ex engelm."
"3d2a574c-c11f-426e-b443-80d54034819f"	"ny"	"658563"	"at hoosier pass summott. along colorado hwy. 9"	39.3619	-106.0631	"united states"	"colorado"	"summit co."	NA	NA	"pinaceae"	"picea"	"engelmannii"	NA	"picea engelmannii parry ex engelm."
"3e8258d3-bac5-40b4-a1ef-329973c3beb9"	"ku"	"316970"	"west yellowstone, 38 mi n, 3.5 mi w"	45.2158292870635	-111.194484573863	"united states"	"montana"	"gallatin"	NA	NA	"pinaceae"	"picea"	"engelmannii"	NA	"picea engelmannii var. engelmannii"
"3f1ce0ad-5bce-41bf-8839-ff1e68184e01"	"asu"	NA	"heliograph point, pinaleno mountains"	32.65	-109.863	"united states"	"arizona"	"graham county"	NA	NA	"pinaceae"	"picea"	"engelmannii"	NA	"picea engelmannii"
"4179eb1f-16bf-4762-97c9-5bf984c724e3"	"ku"	"308005"	"yampa, ca 14 air mi sw"	39.995075	-107.097856	"united states"	"colorado"	"garfield"	NA	NA	"pinaceae"	"picea"	"engelmannii"	NA	"picea engelmannii"
"4235d2cf-7ed6-474d-81f5-8ab3ac79017d"	"cas"	"cas476856"	"lower blake\'s fork of south russian creek (a tributary of salmon river), ca. 7 miles (airline) east of siskiyou county."	41.2981	-122.992	"united states"	"california"	"siskiyou"	NA	250	"pinaceae"	"picea"	"engelmannii"	NA	"picea engelmannii"
"423f6193-dabc-40c5-95ff-a695de9cb783"	"hsc"	"hsc32579"	"duck lake creek drainage, bulk collection 63"	41.3647	-122.8847	"united states"	"california"	"siskiyou"	NA	432	"pinaceae"	"picea"	"engelmannii"	NA	"picea engelmannii"
"42843e07-50d8-4591-bd97-5f448bcb63cb"	"asu"	NA	"pinaleno mountains at heliograph point."	32.65	-109.863	"united states"	"arizona"	"graham county"	NA	NA	"pinaceae"	"picea"	"engelmannii"	NA	"picea engelmannii"
"47f49285-ca90-417c-a3c5-13aca512bd32"	"ny"	"658564"	"along colordo hwy. 9, city limits of fairplay"	39.2236	-106	"united states"	"colorado"	"park co."	NA	NA	"pinaceae"	"picea"	"engelmannii"	NA	"picea engelmannii parry ex engelm."
"48b06412-13ee-45f0-a6fb-4d83f099a32a"	"asu"	NA	"heliograph point, pinaleno mountains"	32.65	-109.863	"united states"	"arizona"	"graham county"	NA	NA	"pinaceae"	"picea"	"engelmannii"	NA	"picea engelmannii"
"490a1b78-dd4f-43f9-9b6e-809d75495248"	"ny"	"34430"	"glacier national park: glacier crest trail. beside trail"	51.27	-117.48	"canada"	"british columbia"	NA	NA	NA	"pinaceae"	"picea"	"engelmannii"	NA	"picea engelmannii parry ex engelm."
"4a8cfb9d-aefb-417a-bbb7-aceca79b28b0"	"ny"	"579439"	"kitty creek, absorka road and mt. range, 42 miles w of cody"	44.4617	-109.85983	"united states"	"wyoming"	"park co."	NA	NA	"pinaceae"	"picea"	"engelmannii"	NA	"picea engelmannii parry ex engelm."
"4c811eb3-d62e-4287-ae62-9af83b312686"	"asc"	"41932"	"coconino national forest, on mount agassiz near timberline"	35.4057	-111.6924	"united states"	"arizona"	"coconino county"	NA	NA	"pinaceae"	"picea"	"engelmannii"	NA	"picea engelmannii"
"4f86adad-32d6-4dba-85e0-6f9ad57b9662"	"ku"	"361092"	"salida, 5 mi s"	38.4518	-106.0179	"united states"	"colorado"	"saguache"	NA	NA	"pinaceae"	"picea"	"engelmannii"	NA	"picea engelmannii var. engelmannii"
"50faf770-5bcd-43ed-9e63-d1269a3c5e6f"	"des"	"des00070659"	"west of the nature conservancy preserve, north side of fern mountain at edge of meadow."	35.352417	-111.742222	"united states"	"arizona"	"coconino county"	NA	NA	"pinaceae"	"picea"	"engelmannii"	NA	"picea engelmannii"
"52c9f9f5-34ba-40d0-9112-07c5b4fcf03e"	"ny"	"214892"	"nez perce national forest. 25 miles south of grangeville along fs road 221, near peter ready spring. mill creek drainage."	45.68	-116.05	"united states"	"idaho"	"idaho co."	NA	NA	"pinaceae"	"picea"	"engelmannii"	"engelmannii"	"picea engelmannii parry ex engelm. var. engelmannii"
"5837b498-f5da-4c64-92af-b63d64ab0c36"	"cas"	"cas297621"	"very moist slope and creek bottom along clark creek."	41.0377807617	-121.6686096191	"united states"	"california"	"shasta"	NA	NA	"pinaceae"	"picea"	"engelmannii"	NA	"picea engelmannii"
"5ca350da-233c-47d5-a56e-c2b574358591"	"uvsc"	"1113"	"wasatch plateau, skyline drive, high top."	39.150555	-111.485277	"united states"	"utah"	"sanpete"	NA	NA	"pinaceae"	"picea"	"engelmannii"	NA	"picea engelmannii"
"5ca3ae67-7c26-45f7-b2a3-c947d92c4891"	"ku"	"311377"	"trapper's lake lodge, just n of trapper's lake"	40.003617	-107.229639	"united states"	"colorado"	"garfield"	NA	NA	"pinaceae"	"picea"	"engelmannii"	NA	"picea engelmannii"
"64697119-afc2-4156-9f42-2009e245893c"	"uc"	"uc1271685"	"along creek at s edge section 21; quad. 15d3, clark creek"	41.2029824162625	-121.743504610455	"united states"	"california"	"shasta"	NA	825	"pinaceae"	"picea"	"engelmannii"	NA	"picea engelmannii"
"64d2be69-0da8-4bd1-9122-60c6a038109d"	"ny"	"30129"	"bruin point, east of sunnyside"	39.63	-110.33	"united states"	"utah"	"carbon co."	NA	NA	"pinaceae"	"picea"	"engelmannii"	NA	"picea engelmannii parry ex engelm."
"64e5ba48-7bf2-4ffa-942e-d8ab83367ef3"	"des"	"des00012724"	"near montezuma on montezuma road."	39.58111	-105.86667	"united states"	"colorado"	"summit"	NA	500	"pinaceae"	"picea"	"engelmannii"	NA	"picea engelmannii"
"64ff76cf-e7b8-4406-ab4e-ca6638168aa1"	"cas"	"297621"	"very moist slope and creek bottom along clark creek."	41.0377807617	-121.6686096191	"united states"	"california"	"shasta county"	NA	NA	"pinaceae"	"picea"	"engelmannii"	NA	"picea engelmannii  parry ex engelm."
"65f0681f-5b65-46fd-a8d6-4833d5848ac2"	"des"	"des00053903"	"dick and rosemary trelease's lazy t ranch south of highway 14 on webster flat turnoff road about 10 miles. ranch sits along mill creek."	37.528056	-112.859444	"united states"	"utah"	"kane county"	NA	NA	"pinaceae"	"picea"	"engelmannii"	NA	"picea engelmannii"
"6704ce08-0a75-4e9c-8c22-7d510969d553"	"des"	"des00057335"	"kaibab national forest, vicinity of east rim view."	36.407017	-112.0897	"united states"	"arizona"	"coconino county"	NA	NA	"pinaceae"	"picea"	"engelmannii"	NA	"picea engelmannii"
"68ba97a8-cb81-4ee9-a722-943cab3d40a3"	"asc"	"77586"	"navajo nation, navajo mountain summit."	37.0336356398484	-110.869816848199	"united states"	"utah"	"san juan county"	NA	NA	"pinaceae"	"picea"	"engelmannii"	NA	"picea engelmannii"
"68d0cfe3-e33c-4eb6-8af5-cfdec875d012"	"asc"	"5499"	"jack smith springs, inner basin, sf pks."	35.345	-111.64667	"united states"	"arizona"	"coconino county"	NA	NA	"pinaceae"	"picea"	"engelmannii"	NA	"picea engelmannii"
"6f8be355-9acc-4e9d-ba86-d0af0dcd60f4"	"asc"	"15116"	"cima saddle, chiricahua mountains"	31.92972	-109.38167	"united states"	"arizona"	"cochise county"	NA	NA	"pinaceae"	"picea"	"engelmannii"	NA	"picea engelmannii"
"7136b905-a9e6-4a00-b0db-6aedb486514d"	"asu"	NA	"chiricahua wilderness area; at junction saddle on crest trail near chiricahua peak."	31.8497	-109.289	"united states"	"arizona"	"cochise county"	NA	NA	"pinaceae"	"picea"	"engelmannii"	NA	"picea engelmannii"
"71bf567b-f362-4ddb-b8c2-5cc468a431bc"	"asc"	"47516"	"white river apache reservation, mount baldy summit"	33.90616	-109.56401	"united states"	"arizona"	"apache county"	NA	NA	"pinaceae"	"picea"	"engelmannii"	NA	"picea engelmannii"
"752efe2b-9106-4ba1-b2c7-369a4ae4ea89"	"ku"	"117739"	"idanha, ca 5 air mi se"	44.647453	-122.002731	"united states"	"oregon"	"linn"	NA	NA	"pinaceae"	"picea"	"engelmannii"	NA	"picea engelmannii"
"76e1b972-4170-4cbb-8b23-e5c2a6f39be9"	"uvsc"	"6307"	"deep creek mountains, summit of red mountain."	39.800003	-113.933337	"united states"	"utah"	"juab"	NA	1800	"pinaceae"	"picea"	"engelmannii"	NA	"picea engelmannii"
"7aaaabb8-513e-431a-9d6f-1e443c953e2d"	"rsa"	"rsa237208"	"west of statue creek near the point where the music creek logging road makes hairpin turn. the salmon mountains. high lake basins in the vicinity of english peak. marble mountain wilderness area."	41.401055188554	-123.214458112452	"united states"	"california"	"siskiyou"	NA	3491	"pinaceae"	"picea"	"engelmannii"	NA	"picea engelmannii"
"7b589b37-3488-408d-a4d9-d2ba7ccf447a"	"asu"	NA	"1.8 mi below heliograph point; pinaleno mountains"	32.65	-109.863	"united states"	"arizona"	"graham county"	NA	NA	"pinaceae"	"picea"	"engelmannii"	NA	"picea engelmannii"
"7cced580-8c22-4d2e-bed8-c5e2a35bb5cb"	"utc"	"utc00254513"	"snake creek canyon, snake range; on border of wet meadow near stream."	38.918	-114.3648	"united states"	"nevada"	"white pine"	NA	1100	"pinaceae"	"picea"	"engelmannii"	NA	"picea engelmannii"
"80e4afb4-c066-4c7f-a411-1c5c1ae4f1d9"	"utc"	"utc00254508"	"near ridge, west-central cherry creek range, south of taylor canyon, west of mcdermid canyon."	40.133037	-114.884236	"united states"	"nevada"	"elko"	NA	NA	"pinaceae"	"picea"	"engelmannii"	"engelmannii"	"picea engelmannii var. engelmannii"
"848cb0c1-405f-4ffb-8fda-fc164c5b9eeb"	"asu"	NA	"pinaleno mountains near shannan campground."	32.66	-109.863	"united states"	"arizona"	"graham county"	NA	NA	"pinaceae"	"picea"	"engelmannii"	NA	"picea engelmannii"
"867d4edc-28b3-484b-9942-f864b09be001"	"ny"	"30045"	"sangre de cristo mountains, just north of summit of mallette canyon road, 5.4 (2.5 airline) miles north-northwest of red river (town)"	36.73361	-105.4215	"united states"	"new mexico"	"taos co."	NA	NA	"pinaceae"	"picea"	"engelmannii"	NA	"picea engelmannii parry ex engelm."
"88a012b0-9d1b-4f20-a25e-598df91bf0b5"	"asu"	NA	"lee valley recreation area, at junction of fr 116 and fr 409"	33.9284	-109.482	"united states"	"arizona"	"apache county"	NA	NA	"pinaceae"	"picea"	"engelmannii"	NA	"picea engelmannii"
"89fe5975-853e-44ed-83c1-1d21f1b5d60b"	"dbg"	"khd00005450"	"tremont mountain: and east-facing slope at ca. 9400 feet"	39.858544	-105.425904	"united states"	"colorado"	"gilpin county"	NA	NA	"pinaceae"	"picea"	"engelmannii"	NA	"picea engelmannii"
"8eabf621-b604-43ba-8871-7c93cc3dcb49"	"asc"	"40438"	"kendrick pk quad., kendrick pk, along trail #22, trailhead at parking lot end of usfs rd 171a."	35.4049	-111.8343	"united states"	"arizona"	"coconino county"	NA	1250	"pinaceae"	"picea"	"engelmannii"	NA	"picea engelmannii"
"904f0c6a-d30a-40c0-b5e8-a5eee664c294"	"utc"	"utc00272122"	"green basin. ca. 1/2 mi. w of intersection of green basin rd. (fr 421) and fr 405. gb1"	42.248667	-111.57175	"united states"	"idaho"	"bear lake"	NA	NA	"pinaceae"	"picea"	"engelmannii"	NA	"picea engelmannii"
"949ccda5-67cf-4762-9457-7b8a785428e5"	"sbbg"	"sbbg56399"	"sugar crk, a tributary of the scott river"	41.2998640409925	-122.911144059543	"united states"	"california"	"siskiyou"	NA	1168	"pinaceae"	"picea"	"engelmannii"	NA	"picea engelmannii"
"967a2a51-9726-4c44-b3ea-c080f31ae13c"	"ny"	"274685"	"15 miles west of portal on fr 42."	31.9042	-109.2817	"united states"	"arizona"	"cochise co."	NA	NA	"pinaceae"	"picea"	"engelmannii"	NA	"picea engelmannii parry ex engelm."
"97402fb4-0c8b-4543-b505-29acabefc892"	"utc"	"utc00217077"	"boise national forest ; summit lake."	44.65	-115.5833333	"united states"	"idaho"	"valley"	NA	NA	"pinaceae"	"picea"	"engelmannii"	NA	"picea engelmannii"
"98ed2d6b-5768-4ea1-b75c-f6d582f1b9cd"	"uvsc"	"3075"	"highway 150, 25 miles e of kamas, bald mountain trailhead;"	40.689722	-110.911389	"united states"	"utah"	"summit"	NA	1800	"pinaceae"	"picea"	"engelmannii"	NA	"picea engelmannii"
"98fc5328-4f2f-4a89-b600-ccc269005a6a"	"uc"	"uc1313050"	"ca 7 mi (airline) e siskiyou county <border> (creek is tributary of salmon river); lower blake\'s fork of south russian creek"	41.2919923444764	-122.994107275509	"united states"	"california"	"siskiyou"	NA	1118	"pinaceae"	"picea"	"engelmannii"	NA	"picea engelmannii"
"9c329eb4-8b2f-4e35-a90b-945e68a3431c"	"ny"	"30134"	"washington pass"	48.52417	-120.65306	"united states"	"washington"	"chelan co."	NA	NA	"pinaceae"	"picea"	"engelmannii"	NA	"picea engelmannii parry ex engelm."
"9ca51336-041e-4fe0-bf47-78181c4f454a"	"ku"	"362784"	"monticello, ca 1 mi s, 6.5 mi w"	37.84901	-109.46677	"united states"	"utah"	"san juan"	NA	NA	"pinaceae"	"picea"	"engelmannii"	NA	"picea engelmannii"
"9cd81b3b-b43d-42bd-8a3e-e34ddea5c105"	"asu"	NA	"escudilla mountains, terry flat loop"	33.9004	-109.105	"united states"	"arizona"	"apache county"	NA	NA	"pinaceae"	"picea"	"engelmannii"	NA	"picea engelmannii"
"9cefc53d-2446-4d35-9c96-a23fbe9d02a5"	"ds"	"ds493762"	"siskiyou mountains - horse range creek, salmon mountains. occurring over a wide range including french creek, sugar creek and duck lake creek."	41.3361	-122.93	"united states"	"california"	"siskiyou"	NA	1637	"pinaceae"	"picea"	"engelmannii"	NA	"picea engelmannii"
"9e9c0d77-f7dc-43be-ab8c-9dd85ade613e"	"utc"	"utc00248524"	"sawmill canyon, egan range; in landslide chute, alive and reproductive, growing at about a 35 drg angle;"	39.1217	-114.92	"united states"	"nevada"	"white pine"	NA	NA	"pinaceae"	"picea"	"engelmannii"	NA	"picea engelmannii"
"9f405c2e-72bb-4038-960d-29529a59d090"	"asu"	NA	"heliograph point, pinaleno mountains"	32.65	-109.863	"united states"	"arizona"	"graham county"	NA	NA	"pinaceae"	"picea"	"engelmannii"	NA	"picea engelmannii"
"9f488568-4336-47a4-8082-52775c979e31"	"cas"	"cas297453"	"north coast ranges - sugar creek, a tributary of the scott river. mount diablo meridian."	41.3111	-122.901	"united states"	"california"	"siskiyou"	NA	250	"pinaceae"	"picea"	"engelmannii"	NA	"picea engelmannii"
"a1955c61-6555-4ee7-8e61-f4cbd2cbee92"	"asu"	NA	"phelps botanical area, east fork of the little colorado."	33.9297	-109.484	"united states"	"arizona"	"apache county"	NA	NA	"pinaceae"	"picea"	"engelmannii"	NA	"picea engelmannii"
"a1c6f8ab-71c6-4872-af7b-56bda33f0591"	"hsc"	"hsc19112"	"slopes w of south sugar creek"	41.2865	-122.9346	"united states"	"california"	"siskiyou"	NA	641	"pinaceae"	"picea"	"engelmannii"	NA	"picea engelmannii"
"a1c9fdc7-d65b-475f-9d0d-6f35a7bdcb82"	"pom"	"pom220656"	"along clark creek"	41.0378	-121.6686	"united states"	"california"	"shasta"	NA	NA	"pinaceae"	"picea"	"engelmannii"	NA	"picea engelmannii"
"a3be7f7d-a594-42a0-9749-83b486c00b0a"	"cas"	"679684"	"very moist slope and creek bottom along clark creek."	41.0377807617	-121.6686096191	"united states"	"california"	"shasta county"	NA	NA	"pinaceae"	"picea"	"engelmannii"	NA	"picea engelmannii  parry ex engelm."
"a4244e78-6f0a-4842-bbd0-36c467d50928"	"uconn"	"conn00012172"	"university of connecticut campus"	41.80916	-72.25416	"united states"	"connecticut"	"tolland county"	"mansfield, storrs"	20000	"pinaceae"	"picea"	"engelmannii"	NA	"picea engelmannii parry ex engelm."
"a58c04f8-39ad-47ae-a61a-24c84221be11"	"asu"	NA	"flagstaff, san francisco peaks, snow bowl."	35.3333	-111.708	"united states"	"arizona"	"coconino county"	NA	NA	"pinaceae"	"picea"	"engelmannii"	NA	"picea engelmannii"
"a63e230b-618d-4689-995b-ea550a81dfb5"	"dbg"	"khd00026874"	"windy point and vicinity., pike-san isabel national forest, pikes peak, ruxton creek headwaters, along cog railway below windy point stop."	38.818863	-105.014249	"united states"	"colorado"	"el paso county"	NA	NA	"pinaceae"	"picea"	"engelmannii"	NA	"picea engelmannii"
"a73742fa-3498-410c-bdfd-01af851f55ab"	"ucd"	"ucd134308"	"siskiyou county: lower blake\'s fork of south russian creek (a tributary to salmon river), ca. 7 miles (airline) east of siskiyou county"	41.2981	-122.992	"united states"	"california"	"siskiyou"	NA	250	"pinaceae"	"picea"	"engelmannii"	NA	"picea engelmannii"
"a7e3a354-9e19-40ff-b066-2bb725ee0a0f"	"ny"	"658515"	"at hoosier pass summit, along colorado hwy 9"	39.3619	-106.0631	"united states"	"colorado"	"summit co."	NA	NA	"pinaceae"	"picea"	"engelmannii"	NA	"picea engelmannii parry ex engelm."
"ab6bac49-ed6e-4b72-b614-4581461c49c7"	"asu"	NA	"hanagan meadow, near cabins."	33.63917	-109.32824	"united states"	"arizona"	"greenlee"	NA	100	"pinaceae"	"picea"	"engelmannii"	NA	"picea engelmannii"
"ae523445-4cea-4915-bcca-aa32d78b3b59"	"ku"	"351427"	"lyons, ca 3.5 mi s, 9 mi w"	40.1752778	-105.4333333	"united states"	"colorado"	"boulder"	NA	NA	"pinaceae"	"picea"	"engelmannii"	NA	"picea engelmannii"
"af780fd0-9231-4ee3-af7d-789586d10569"	"uc"	"uc484050"	"clark creek"	41.03778	-121.66861	"united states"	"california"	"shasta"	NA	NA	"pinaceae"	"picea"	"engelmannii"	NA	"picea engelmannii"
"b0432d34-402f-47f7-b501-341b496b2374"	"asc"	NA	"grand canyon natinal park, north rim; lower little park"	36.31564	-112.10166	"united states"	"arizona"	"coconino county"	NA	NA	"pinaceae"	"picea"	"engelmannii"	NA	"picea engelmannii"
"b1a5e7ae-fd65-4ff0-a2c2-0861669fdaef"	"ku"	"353294"	"lyons, ca 3.5 mi s, 9 mi w"	40.1752778	-105.4333333	"united states"	"colorado"	"boulder"	NA	NA	"pinaceae"	"picea"	"engelmannii"	NA	"picea engelmannii"
"b230c04d-6a5d-47eb-a262-fcabaaa7fdb2"	"ny"	"335652"	"16 miles due e of ely, summit of cave mountain"	39.1631	-114.6081	"united states"	"nevada"	"white pine co."	NA	NA	"pinaceae"	"picea"	"engelmannii"	NA	"picea engelmannii parry ex engelm."
"b4711d6f-ea88-4ece-9c81-d71d78407051"	"uvsc"	"15331"	"wasatch range, american fork canyon, nw side of tibble fork reservoir, ca. 0.25 mile w of the parking lot."	40.482819	-111.647116	"united states"	"utah"	"utah"	NA	30	"pinaceae"	"picea"	"engelmannii"	NA	"picea engelmannii"
"b4779526-8ffc-46d0-8f68-5514b662e1d6"	"uc"	"uc1001952"	"in creek bed just below sugar creek bridge (high road between french creek and scott river, near callahan); salmon mountains, sugar creek"	41.339	-122.8261	"united states"	"california"	"siskiyou"	NA	400	"pinaceae"	"picea"	"engelmannii"	NA	"picea engelmannii"
"b7d49d6b-e30f-4d22-80a6-e8674a684f05"	"asc"	"40107"	"sf pks."	35.348056	-111.677778	"united states"	"arizona"	"coconino county"	NA	5000	"pinaceae"	"picea"	"engelmannii"	NA	"picea engelmannii"
"bcea4621-d1aa-490e-ba47-353eb6962b19"	"hsc"	"hsc4811"	"above s russian creek on w side."	41.3039	-122.9964	"united states"	"california"	"siskiyou"	NA	750	"pinaceae"	"picea"	"engelmannii"	NA	"picea engelmannii"
"bd43623d-27c5-44bc-a61a-4ed6bc7398bf"	"ku"	"362948"	"black mountain circle, forest road 80 off forest road 3128, ca 10 air mi ene of emigrant state park"	45.6005556	-118.2425	"united states"	"oregon"	"umatilla"	NA	NA	"pinaceae"	"picea"	"engelmannii"	NA	"picea engelmannii"
"c632793c-9e2c-4229-8ad8-63361aff1519"	"pom"	"pom264685"	"sugar creek, a tributary of the scott river; t40n r9w s20, mount diablo meridian"	41.3017640760209	-122.908243953192	"united states"	"california"	"siskiyou"	NA	1168	"pinaceae"	"picea"	"engelmannii"	NA	"picea engelmannii"
"c6b6c865-5c2c-4cd7-bae8-e5089e831e5b"	"des"	"des00071687"	"arizona trail, parallel to highway 67 near demotte park."	36.389017	-112.09575	"united states"	"arizona"	"coconino county"	NA	NA	"pinaceae"	"picea"	"engelmannii"	NA	"picea engelmannii"
"c897d576-b029-4103-850e-c3ff1cd35b5a"	"hsc"	"hsc43428"	"along rd. to duck lakes"	41.3224	-122.9044	"united states"	"california"	"siskiyou"	NA	556	"pinaceae"	"picea"	"engelmannii"	NA	"picea engelmannii"
"c8c6861b-a04d-4e7f-8215-5642e224acb9"	"uc"	"uc665721"	"sugar creek (tributary of scott river) north coast ranges, mount diablo meridian, sugar creek"	41.302	-122.9093	"united states"	"california"	"siskiyou"	NA	NA	"pinaceae"	"picea"	"engelmannii"	NA	"picea engelmannii"
"ccba29ea-9560-4fbc-b9d7-1f809052d01e"	"hsc"	"hsc4809"	"along horse range creek"	41.3341	-122.9406	"united states"	"california"	"siskiyou"	NA	168	"pinaceae"	"picea"	"engelmannii"	NA	"picea engelmannii"
"cf00d277-a2a7-4b3c-9272-c3d679663a34"	"asc"	"5392"	"sf pks."	35.348056	-111.677778	"united states"	"arizona"	"coconino county"	NA	5000	"pinaceae"	"picea"	"engelmannii"	NA	"picea engelmannii"
"cfeba40c-ca21-4cd4-b1ed-52c37e29f872"	"asu"	NA	"san francisco peaks, ca. 6.0 miles north of us route 180 on forest road 516 on ski run"	35.3312	-111.711	"united states"	"arizona"	"coconino county"	NA	NA	"pinaceae"	"picea"	"engelmannii"	NA	"picea engelmannii"
"d47e6be5-dd68-48fa-b289-3d5811918740"	"asu"	NA	"pinaleno mountains at heliograph point."	32.65	-109.863	"united states"	"arizona"	"graham county"	NA	NA	"pinaceae"	"picea"	"engelmannii"	NA	"picea engelmannii"
"d6536f60-e435-45cc-a2a6-55116bd867d6"	"asu"	NA	"heliograph point, pinaleno mountains"	32.65	-109.863	"united states"	"arizona"	"graham county"	NA	NA	"pinaceae"	"picea"	"engelmannii"	NA	"picea engelmannii"
"d71cfce9-eb9d-4562-b854-c78c4d11b5df"	"asc"	"5493"	"inner basin, sf pks."	35.34194	-111.65167	"united states"	"arizona"	"coconino county"	NA	NA	"pinaceae"	"picea"	"engelmannii"	NA	"picea engelmannii"
"d7eddf7d-08d2-45a8-b970-de799cd72a4d"	"asc"	"3878"	"inner basin, sf pks."	35.34194	-111.65167	"united states"	"arizona"	"coconino county"	NA	NA	"pinaceae"	"picea"	"engelmannii"	NA	"picea engelmannii"
"d851c8bb-f6e0-4030-82c6-04dd4245afb3"	"ny"	"1239726"	"pryor mountains: pryor mountain wild horse range: vicinity of penn's cabin and rim of upper layout creek canyon, ca 34 air mi e of bridger"	45.1386	-108.3153	"united states"	"montana"	"carbon co."	NA	NA	"pinaceae"	"picea"	"engelmannii"	"engelmannii"	"picea engelmannii parry ex engelm. var. engelmannii"
"da984428-913e-489c-ad48-8a84119d1064"	"asc"	"56268"	"san francisco peaks, at az snow bowl overlooking parking lot"	35.332	-111.712	"united states"	"arizona"	"coconino county"	NA	NA	"pinaceae"	"picea"	"engelmannii"	NA	"picea engelmannii"
"dc1a91d5-804a-4fac-8280-2980e3ae69ad"	"asu"	NA	"log road south of hawley lake"	33.9839	-109.746	"united states"	"arizona"	"apache county"	NA	NA	"pinaceae"	"picea"	"engelmannii"	NA	"picea engelmannii"
"dd5a760f-bf65-4ea1-b7d1-30f8490ee8df"	"dbg"	"khd00049992"	"vermejo park ranch: ridgeline 2.0 air mi nw of underwood lakes and 1/4 air mi sw of point 11353; exactly on taos-colfax county line."	36.986	-105.22725	"united states"	"new mexico"	"colfax"	NA	3	"pinaceae"	"picea"	"engelmannii"	"engelmannii"	"picea engelmannii var. engelmannii"
"e016ab0f-6546-48cd-955c-99d9dd3f4419"	"asu"	NA	"hannagan meadows."	33.68	-109.31	"united states"	"arizona"	"greenlee county"	NA	NA	"pinaceae"	"picea"	"engelmannii"	NA	"picea engelmannii"
"e37f20d3-ee32-4f78-be8d-80740fad1353"	"dbg"	"khd00026871"	"windy point and vicinity., pike-san isabel national forest, pikes peak, the crater."	38.832964	-105.021763	"united states"	"colorado"	"el paso county"	NA	NA	"pinaceae"	"picea"	"engelmannii"	NA	"picea engelmannii"
"e38fcaff-27f7-4eb4-82c5-27d48a574037"	"uc"	"uc1220342"	"w russian creek; sawyer\'s bar district, blake\'s fork meadow"	41.2919923444764	-122.994107275509	"united states"	"california"	"siskiyou"	NA	1118	"pinaceae"	"picea"	"engelmannii"	NA	"picea engelmannii"
"e51604a1-a813-47bd-a61e-8a1d36f20d39"	"lsu"	"lsu00071394"	"medicine bow national forest side road, 0.25 mile south of wy 70. at battle pass, continental divide. 11 miles wsw of encampment. red mountain quadrangle."	41.1511111	-106.9813889	"united states"	"wyoming"	"carbon county"	NA	NA	"pinaceae"	"picea"	"engelmannii"	NA	"picea engelmannii"
"e55a3520-5a4a-406f-aa48-c79d5437590b"	"asc"	"2721"	"flagstaff, above snow bowl."	35.19806	-111.65056	"united states"	"arizona"	"coconino county"	NA	NA	"pinaceae"	"picea"	"engelmannii"	NA	"picea engelmannii"
"e55b59e3-ae6e-43a9-8081-9d7c964f19aa"	"ds"	"ds211840"	"very moist slope and creek bottom along clark creek."	41.0377807617	-121.6686096191	"united states"	"california"	"shasta"	NA	NA	"pinaceae"	"picea"	"engelmannii"	NA	"picea engelmannii"
"e56d2f3d-230d-4ecc-9936-6bc08c2603f0"	"asu"	NA	"escudilla mountains, adjacent to parking area at escudilla trailhead"	33.9211	-109.115	"united states"	"arizona"	"apache county"	NA	NA	"pinaceae"	"picea"	"engelmannii"	NA	"picea engelmannii"
"e69cfc9c-edc6-46a2-929d-7020d2a15e97"	"utc"	"utc00259928"	"cache national forest: paris canyon; paris ice cave, hilltop above upper entrance to sink and slightly to the west."	42.231906	-111.562411	"united states"	"idaho"	"bear lake"	NA	75	"pinaceae"	"picea"	"engelmannii"	NA	"picea engelmannii"
"e81b2624-83bd-4278-84e6-167bd197af68"	"ds"	"ds585660"	"lower blake\'s fork of south russian creek (a tributary of salmon river), ca. 7 miles (airline) east of siskiyou county."	41.2981	-122.992	"united states"	"california"	"siskiyou"	NA	250	"pinaceae"	"picea"	"engelmannii"	NA	"picea engelmannii"
"edf61d53-b2a7-4ee9-b793-c58a076a1d2a"	"uc"	"uc1220424"	"along clark creek (at edge of sec. 21); quad 15d3, clark creek"	41.1109020614045	-121.744342839345	"united states"	"california"	"shasta"	NA	772	"pinaceae"	"picea"	"engelmannii"	NA	"picea engelmannii"
"ef448780-5a02-45e3-988e-9136f4c325b9"	"ny"	"579446"	"lolo pass"	46.637	-114.55867	"united states"	"idaho"	"missoula co."	NA	NA	"pinaceae"	"picea"	"engelmannii"	NA	"picea engelmannii parry ex engelm."
"f0072038-7af8-46a1-98a2-4c5d1fab21e7"	"ku"	"316450"	"yampa, ca 14 air mi sw"	39.995075	-107.097856	"united states"	"colorado"	"garfield"	NA	NA	"pinaceae"	"picea"	"engelmannii"	NA	"picea engelmannii"
"f2a0fdd9-960b-45a0-ab67-797afdbabfde"	"ds"	"ds309288"	"north coast ranges - sugar creek, a tributary of the scott river. mount diablo meridian."	41.3111	-122.901	"united states"	"california"	"siskiyou"	NA	250	"pinaceae"	"picea"	"engelmannii"	NA	"picea engelmannii"
"f6c0ccec-a9ff-42e9-9863-ba5acb88ea48"	"jeps"	"jeps22770"	"on bank where road crosses french creek (tributary to scott valley); scott valley, french creek"	41.3551	-122.9052	"united states"	"california"	"siskiyou"	NA	NA	"pinaceae"	"picea"	"engelmannii"	NA	"picea engelmannii"
"f76bcd27-ab21-42a1-a48b-2cdfdea6dfbc"	"asc"	"35701"	"coconino national forest, coconino nf., 15 mi n of flagstaff."	35.3612	-111.6928	"united states"	"arizona"	"coconino county"	NA	1250	"pinaceae"	"picea"	"engelmannii"	NA	"picea engelmannii"
"f8bcf673-6a0a-4e91-b2dc-c56e5650fb9f"	"asc"	"40458"	"kendrick peak"	35.40806	-111.85	"united states"	"arizona"	"coconino county"	NA	NA	"pinaceae"	"picea"	"engelmannii"	NA	"picea engelmannii"
"f8fe28bb-da14-4303-83f5-b07be24ab209"	"ku"	"156892"	"ruxton dell"	38.841655	-104.975254	"united states"	"colorado"	"el paso"	NA	NA	"pinaceae"	"picea"	"engelmannii"	NA	"picea engelmannii"
"fa4e8c29-2226-4045-8b1a-bb939dfee8ba"	"ny"	"30135"	"cascade range: bruno mountains, along willamette national forest service road 2234; about 5 airline miles southeast of idanha"	44.65	-122	"united states"	"oregon"	"linn co."	NA	NA	"pinaceae"	"picea"	"engelmannii"	NA	"picea engelmannii parry ex engelm."
"fb2e1a83-e22e-4c89-8235-9e2ff1ce8c2a"	"dbg"	NA	"rio grande national forest, san juan mountains; private property (humphreys ranch) that includes lake humphreys and hay press lake, ca. 6.5 miles s of wagon wheel gap and confluence with rio grande. se of lake humpreys."	37.67644	-106.85358	"united states"	"colorado"	"mineral county"	NA	NA	"pinaceae"	"picea"	"engelmannii"	NA	"picea engelmannii"
"fd538df5-bc7e-470c-84fe-f8f2ed331bb1"	"uvsc"	"11176"	"deep creek mountains, ridge between indian farm canyon & tom's creek canyon."	39.854166	-113.888333	"united states"	"utah"	"juab"	NA	30	"pinaceae"	"picea"	"engelmannii"	NA	"picea engelmannii"
"fd7bcd19-4d02-4e8c-81eb-e14122176083"	"dbg"	"khd00003468"	"20 ft tree blown down by co rt 103 east of warrior mountain picnic ground, arapaho national forest."	39.66994	-105.57106	"united states"	"colorado"	"clear creek county"	NA	10000	"pinaceae"	"picea"	"engelmannii"	NA	"picea engelmannii"
"fd7e8ee8-3823-401c-b110-6c9bd70335a4"	"hsc"	"hsc4810"	"lower slopes of valley near blake\'s fork."	41.2928	-122.9943	"united states"	"california"	"siskiyou"	NA	295	"pinaceae"	"picea"	"engelmannii"	NA	"picea engelmannii"
