"00b50dc8-854a-4654-bc96-3d4fbe173287"	"ny"	"34425"	"chehalis county: hogman"	46.66222	-122.96278	"united states"	"washington"	"lewis co."	NA	NA	"pinaceae"	"picea"	"sitchensis"	NA	"picea sitchensis (bong.) carrière"
"033b4e4b-bc7e-47ae-94d4-87da7880c6ca"	"sbbg"	"sbbg34261"	"near arcata"	40.869849833419	-124.085173069977	"united states"	"california"	"humboldt"	NA	5000	"pinaceae"	"picea"	"sitchensis"	NA	"picea sitchensis"
"06415caf-4d6f-4863-97c0-7fd66a90a39a"	"uam"	"10236"	"quartz hill, subalpine camp area betw. wilson & bakewell arm"	55.34	-130.6	"united states"	"alaska"	NA	NA	3615	"pinaceae"	"picea"	"sitchensis"	NA	"picea sitchensis"
"067de91f-09ea-405e-add7-862a32e86345"	"la"	"la6284"	"prairie creek, redwood grove"	41.3727	-124.0209	"united states"	"california"	"del norte"	NA	14600	"pinaceae"	"picea"	"sitchensis"	NA	"picea sitchensis"
"06b86c79-3c2d-47c7-bfb8-75422d05fce7"	"cas"	"95028"	"crescent city"	41.7575	-124.1977	"united states"	"california"	"del norte county"	NA	NA	"pinaceae"	"picea"	"sitchensis"	NA	"picea sitchensis  (bong.) carrière"
"08ab09f2-f9ef-4371-8a51-71cc3e380db1"	"ucr"	"ucr32234"	"between ferndale & bear river ridge road along mattole road"	40.55472	-124.27333	"united states"	"california"	"humboldt"	NA	10000	"pinaceae"	"picea"	"sitchensis"	NA	"picea sitchensis"
"0b9bbe1c-bc98-4839-b00c-1e7b08e3a901"	"jeps"	"jeps48361"	"noyo"	39.4243508103554	-123.803916638861	"united states"	"california"	"mendocino"	NA	3154	"pinaceae"	"picea"	"sitchensis"	NA	"picea sitchensis"
"0ba17d04-986d-4cf7-a5aa-05054c208c7f"	"pom"	"pom281983"	"dunes at clam beach, arcata to trinidad."	40.9967	-124.1139	"united states"	"california"	"humboldt"	NA	NA	"pinaceae"	"picea"	"sitchensis"	NA	"picea sitchensis"
"0fe87b48-9ccc-48d1-9a92-7a0d52e072c3"	"hsc"	"hsc28257"	"e of hsc campus"	40.875	-124.0638	"united states"	"california"	"humboldt"	NA	1550	"pinaceae"	"picea"	"sitchensis"	NA	"picea sitchensis"
"10a90219-5cbd-4566-8142-64d507053eeb"	"uam"	"42636"	"coast mts., kikahe r., 3 km s of red slough"	56.64	-131.89	"united states"	"alaska"	NA	NA	3615	"pinaceae"	"picea"	"sitchensis"	NA	"picea sitchensis"
"1170d03d-ffa8-439d-ab43-6c4e5397d42d"	"uam"	"41560"	"coast mts., hyder"	55.91	-130	"united states"	"alaska"	NA	NA	3615	"pinaceae"	"picea"	"sitchensis"	NA	"picea sitchensis"
"1357e43b-2c41-4081-afeb-5106e3ef8d7e"	"uc"	"uc484045"	"5 mi s ferndale (on road to petrolia)"	40.5203	-124.2663	"united states"	"california"	"humboldt"	NA	127	"pinaceae"	"picea"	"sitchensis"	NA	"picea sitchensis"
"1abdf7e4-b823-4bb9-9f4b-7063ca86637c"	"cas"	"61504"	"eureka peninsula"	40.8087	-124.196	"united states"	"california"	"humboldt county"	NA	NA	"pinaceae"	"picea"	"sitchensis"	NA	"picea sitchensis  (bong.) carrière"
"1b85e65b-8d2d-4a9c-bf8e-8d92935a9aca"	"uam"	"57980"	"kenai mts., mud (tern) lake, jct. sterling & (mi. 38) seward hwys., nw of junction"	60.58	-149.66	"united states"	"alaska"	NA	NA	3615	"pinaceae"	"picea"	"sitchensis"	NA	"picea sitchensis"
"1d97ce69-b73a-4732-99f0-4a8f815da50d"	"jeps"	"jeps46733"	NA	40.7359	-123.8921	"united states"	"california"	"humboldt"	NA	80540	"pinaceae"	"picea"	"sitchensis"	NA	"picea sitchensis"
"1dd013e2-db77-42f7-8045-0eebaef7ffa3"	"ny"	"951519"	"west side of eel river drive, about 0.4 mile s of the intersection with hookton road and the entrance ramp to rt. 101"	40.6642	-124.2042	"united states"	"california"	"humboldt co."	NA	NA	"pinaceae"	"picea"	"sitchensis"	NA	"picea sitchensis (bong.) carrière"
"1f810df5-3595-4f9c-a457-f9f815984b2f"	"jeps"	"jeps48363"	"ft. bragg"	39.4453697610654	-123.803181748534	"united states"	"california"	"mendocino"	NA	1828	"pinaceae"	"picea"	"sitchensis"	NA	"picea sitchensis"
"202f094b-2a50-4fe4-be7e-9520e0f42dbf"	"ds"	"ds679687"	"5 miles south of ferndale on road to petrolia."	40.5203	-124.2663	"united states"	"california"	"humboldt"	NA	127	"pinaceae"	"picea"	"sitchensis"	NA	"picea sitchensis"
"20c047bd-660e-46ed-ab35-07fb3e69de9f"	"ucd"	"ucd67425"	"mendocino county: mendocino-fort bragg. jug handle state reserve. jug handle creek"	39.3716	-123.7934	"united states"	"california"	"mendocino"	NA	2650	"pinaceae"	"picea"	"sitchensis"	NA	"picea sitchensis"
"21c2adc4-71a0-40d9-9691-388610803179"	"ds"	"ds162292"	"7 mi. s. of ferndale & capetown, bear river ridge, [mt.glen] mt. glen"	40.5062	-124.2919	"united states"	"california"	"humboldt"	NA	164	"pinaceae"	"picea"	"sitchensis"	NA	"picea sitchensis"
"21ed62e8-f7b1-4931-bf9d-0f8e384ab752"	"rsa"	"rsa354515"	"casper creek bridge. frontage road turnout."	39.363	-123.8112	"united states"	"california"	"mendocino"	NA	250	"pinaceae"	"picea"	"sitchensis"	NA	"picea sitchensis"
"222769e4-2a6a-4a75-be18-bc26b81fcf75"	"pom"	"pom21764"	"arcata to trinidad."	40.9467	-124.0961	"united states"	"california"	"humboldt"	NA	12598	"pinaceae"	"picea"	"sitchensis"	NA	"picea sitchensis"
"22dde4a5-f32a-4dc1-82d8-e40850e348f8"	"uam"	"43147"	"alexander archipelago, baranof i., sitka, 2 mile sawmill cr. road"	57.05	-135.33	"united states"	"alaska"	NA	NA	3615	"pinaceae"	"picea"	"sitchensis"	NA	"picea sitchensis"
"22ea8b5a-b7d5-426c-b09c-b6bdb7dcf36f"	"rsa"	"rsa86528"	"5 miles north of mendocino city."	39.3736	-123.8157	"united states"	"california"	"mendocino"	NA	275	"pinaceae"	"picea"	"sitchensis"	NA	"picea sitchensis"
"23faef56-676c-47d0-ac41-150bec9c468e"	"uam"	"51012"	"yakutat foreland, yakutat"	59.66	-139.66	"united states"	"alaska"	NA	NA	3615	"pinaceae"	"picea"	"sitchensis"	NA	"picea sitchensis"
"24fa2627-60f0-412d-ba1d-5da643fed19d"	"pom"	"pom213420"	"5 miles s ferndale on road to petrolia."	40.5203	-124.2663	"united states"	"california"	"humboldt"	NA	127	"pinaceae"	"picea"	"sitchensis"	NA	"picea sitchensis"
"266e1470-1035-4d21-bea9-e2eedf098982"	"cas"	"cas128643"	"near crescent city"	41.7661	-124.1946	"united states"	"california"	"del norte"	NA	4240	"pinaceae"	"picea"	"sitchensis"	NA	"picea sitchensis"
"2b0fa02f-901d-45ea-9f53-5f95c32e8baf"	"ds"	"ds225609"	"hillside just north of mouth of little river."	41.0316	-124.1122	"united states"	"california"	"humboldt"	NA	78	"pinaceae"	"picea"	"sitchensis"	NA	"picea sitchensis"
"2bc6982f-48f9-4071-8146-f08b7b7d5a03"	"uam"	"41337"	"alexander archipelago, revillagigedo i., refuge cove, ketchikan"	55.4	-131.75	"united states"	"alaska"	NA	NA	3615	"pinaceae"	"picea"	"sitchensis"	NA	"picea sitchensis"
"2c0857e3-ef69-4df1-999a-cbfc671b5698"	"uam"	"57604"	"kenai mts., primrose, kenai lake 15 miles n of seward"	60.36	-149.4	"united states"	"alaska"	NA	NA	3615	"pinaceae"	"picea"	"sitchensis"	NA	"picea sitchensis"
"2d6023e1-fb0a-4a2c-89aa-fd05b9e91a94"	"uc"	"uc1134171"	"6 mi nw of crescent city; pt. st. george"	41.8155	-124.1095	"united states"	"california"	"del norte"	NA	1000	"pinaceae"	"picea"	"sitchensis"	NA	"picea sitchensis"
"2d6034b1-d8ea-475f-b887-243f4f1c16e7"	"uc"	"uc915729"	"crescent city"	41.75611	-124.20056	"united states"	"california"	"del norte"	NA	NA	"pinaceae"	"picea"	"sitchensis"	NA	"picea sitchensis"
"2de352ba-cf4c-4e2f-bab1-7429fbb3ed5e"	"sdc"	"0002282"	"along yaquina bay road ca. 8 miles east of newport."	44.5869444	-123.9597222	"united states"	"oregon"	"lincoln"	NA	NA	"pinaceae"	"picea"	"sitchensis"	NA	"picea sitchensis"
"2e590dd4-e3f6-41e3-b179-c33ff2cd55a5"	"sd"	"sd51259"	"3 miles north of arcata on highway #101"	40.9215	-124.098	"united states"	"california"	"humboldt"	NA	800	"pinaceae"	"picea"	"sitchensis"	NA	"picea sitchensis"
"2fb2aebb-a4bc-4355-b900-fa9b97ebea75"	"ny"	"743733"	"along yaquina bay road, ca. 8 miles east of newport/"	44.5869444	-123.9597222	"united states"	"oregon"	"lincoln co."	NA	NA	"pinaceae"	"picea"	"sitchensis"	NA	"picea sitchensis (bong.) carrière"
"32382f28-f2f1-4ece-b357-bb3407da0dfb"	"rsa"	"rsa257606"	"n of crescent city, w of fort dick on stabilized coastal dunes at pacific shores estates."	41.8547	-124.2091	"united states"	"california"	"del norte"	NA	881	"pinaceae"	"picea"	"sitchensis"	NA	"picea sitchensis"
"328ce1b8-d43e-47ba-8d21-23bbebcd2872"	"la"	"la206239"	"near patrick\'s point"	41.1252	-124.1507	"united states"	"california"	"humboldt"	NA	2950	"pinaceae"	"picea"	"sitchensis"	NA	"picea sitchensis"
"32a30b69-9026-46b7-8415-0da699101032"	"uam"	"10436"	"aleutian is., umnak i., fort glenn vic., ""the ranch"""	53.38	-167.83	"united states"	"alaska"	NA	NA	3615	"pinaceae"	"picea"	"sitchensis"	NA	"picea sitchensis"
"32a5319f-19b1-45d3-b061-8a707843f6a7"	"uc"	"uc401984"	"klamath river"	41.5123	-124.0008	"united states"	"california"	"del norte"	NA	6558	"pinaceae"	"picea"	"sitchensis"	NA	"picea sitchensis"
"34891185-5404-47a1-bbd3-c87fb630baa1"	"jeps"	"jeps46728"	"ft. bragg"	39.4453697610654	-123.803181748534	"united states"	"california"	"mendocino"	NA	1828	"pinaceae"	"picea"	"sitchensis"	NA	"picea sitchensis"
"3523c25c-34df-445e-8fdf-d79a4126e4d0"	"chsc"	"chsc81"	"near arcata"	40.8722222222222	-124.073055555556	"united states"	"california"	"humboldt"	NA	3300	"pinaceae"	"picea"	"sitchensis"	NA	"picea sitchensis"
"364c2cb7-9149-42f8-ab56-eac5922e31cf"	"ds"	"ds161222"	"requa at mouth of klamath river"	41.5469398499	-124.0652770996	"united states"	"california"	"del norte"	NA	NA	"pinaceae"	"picea"	"sitchensis"	NA	"picea sitchensis"
"3696af6e-7d80-4a68-bb35-a827609c9015"	"hsc"	"hsc40943"	"3 mi. w of arcata"	40.8917483708345	-124.144975392026	"united states"	"california"	"humboldt"	NA	1250	"pinaceae"	"picea"	"sitchensis"	NA	"picea sitchensis"
"3699240b-e619-4bd3-b6ed-a8118740c458"	"cas"	"151827"	"ocean beach, near crescent city, n.w. cal."	41.7423	-124.1671	"united states"	"california"	"del norte county"	NA	NA	"pinaceae"	"picea"	"sitchensis"	NA	"picea sitchensis  (bong.) carrière"
"3a0e4a7b-18bf-4051-bb48-abaaa705a79d"	"rsa"	"rsa15564"	"7 miles south of ferndale and capetown, bear river ridge, mt. glen."	40.5062	-124.2919	"united states"	"california"	"humboldt"	NA	164	"pinaceae"	"picea"	"sitchensis"	NA	"picea sitchensis"
"3b833c76-3b9f-4889-948a-c1a88177260a"	"ds"	"ds61504"	"eureka peninsula"	40.8087	-124.196	"united states"	"california"	"humboldt"	NA	6576	"pinaceae"	"picea"	"sitchensis"	NA	"picea sitchensis"
"3bee0cf1-7bb9-4043-a0e4-66c1339efe13"	"sdsu"	"sdsu1550"	"three miles north of arcata on #101."	40.9215	-124.098	"united states"	"california"	"humboldt"	NA	800	"pinaceae"	"picea"	"sitchensis"	NA	"picea sitchensis"
"3c8eb371-5fb6-4901-b9a5-9af07eb58048"	"uc"	"uc1585368"	"0.5 km s hwy 255 (on new navy base rd, w of eureka); north split of samoa peninsula"	40.8252	-124.1864	"united states"	"california"	"humboldt"	NA	450	"pinaceae"	"picea"	"sitchensis"	NA	"picea sitchensis"
"3d6b161c-a406-442d-9d34-7d3d022f5ba6"	"uam"	"10588"	"sergief island, stikine river mouth, 10 miles n of wrangell"	56.58	-132.41	"united states"	"alaska"	NA	NA	3615	"pinaceae"	"picea"	"sitchensis"	NA	"picea sitchensis"
"3d84286a-93de-4ef8-b692-97348969966b"	"uam"	"34161"	"st. elias mts., upper takhin r. valley, 2 km below terminus of takhin glacier"	59.26	-136.13	"united states"	"alaska"	NA	NA	3615	"pinaceae"	"picea"	"sitchensis"	NA	"picea sitchensis"
"3de6cbef-7abc-4a98-870c-ec6ee5a7a226"	"uc"	"uc1134170"	"1 mi sw samoa; eureka quad."	40.7989	-124.204	"united states"	"california"	"humboldt"	NA	750	"pinaceae"	"picea"	"sitchensis"	NA	"picea sitchensis"
"3f081358-583c-445a-acf2-fd37afebf240"	"uam"	"41183"	"fillmore i., portland canal, s end of island"	54.83	-130.55	"united states"	"alaska"	NA	NA	3615	"pinaceae"	"picea"	"sitchensis"	NA	"picea sitchensis"
"4026462c-021d-4c43-8195-d9cf6fdb0938"	"uc"	"uc1061648"	"fort bragg"	39.4453697610654	-123.803181748534	"united states"	"california"	"mendocino"	NA	1828	"pinaceae"	"picea"	"sitchensis"	NA	"picea sitchensis"
"4308a20c-bfe2-4a09-bc7d-09bc7c1b2ccf"	"uc"	"uc535711"	"patricks point"	41.1358	-124.1495	"united states"	"california"	"humboldt"	NA	116	"pinaceae"	"picea"	"sitchensis"	NA	"picea sitchensis"
"43aeb4b0-bf6b-4208-ab1b-dc68b18dfafc"	"uc"	"uc915706"	"on bluffs 1/2 mi from pacific ocean (near noyo)"	39.427693647214	-123.799802537865	"united states"	"california"	"mendocino"	NA	2488	"pinaceae"	"picea"	"sitchensis"	NA	"picea sitchensis"
"44a5ebd5-d3f6-4e90-a395-4ad9340b87bb"	"uam"	"44195"	"coast mts., mt. roberts, juneau, trail"	58.28	-134.33	"united states"	"alaska"	NA	NA	3615	"pinaceae"	"picea"	"sitchensis"	NA	"picea sitchensis"
"44e6bc04-87d9-4137-a44c-a8d045981523"	"uc"	"uc135"	"on the coast near crescent city"	41.75611	-124.20056	"united states"	"california"	"del norte"	NA	NA	"pinaceae"	"picea"	"sitchensis"	NA	"picea sitchensis"
"45a26462-9a58-4667-9cce-7995294f7681"	"rsa"	"rsa239758"	"at pacific shores development near fort dick"	41.8547	-124.2091	"united states"	"california"	"del norte"	NA	881	"pinaceae"	"picea"	"sitchensis"	NA	"picea sitchensis"
"4758f44e-7549-4bbe-8577-25eb84cedcb7"	"uam"	"58410"	"portage, 3 miles e of town"	60.8	-148.86	"united states"	"alaska"	NA	NA	3615	"pinaceae"	"picea"	"sitchensis"	NA	"picea sitchensis"
"4849c24e-0b17-42dc-9c9f-98acd26c2dce"	"ds"	"ds394560"	"unspecified"	41.7221	-123.9109	"united states"	"california"	"del norte"	NA	37331	"pinaceae"	"picea"	"sitchensis"	NA	"picea sitchensis"
"48ef8140-3bec-4456-9624-9603dd4942c5"	"cas"	"225609"	"hillside just north of mouth of little river."	41.0316	-124.1122	"united states"	"california"	"humboldt county"	NA	NA	"pinaceae"	"picea"	"sitchensis"	NA	"picea sitchensis  (bong.) carrière"
"4ada0bd3-f233-4641-9378-8ddbbbc47cf0"	"uc"	"uc55646"	"in gulches in back ferndale; north coast ranges"	40.5806	-124.2589	"united states"	"california"	"humboldt"	NA	2467	"pinaceae"	"picea"	"sitchensis"	NA	"picea sitchensis"
"4b22e0b7-c2e1-4f23-a583-12b27dd9c0e7"	"cas"	"cas95028"	"crescent city"	41.7575	-124.1977	"united states"	"california"	"del norte"	NA	6630	"pinaceae"	"picea"	"sitchensis"	NA	"picea sitchensis"
"4cb4b400-c15d-4659-a931-1cff50b10e31"	"uam"	"60490"	"alaska peninsula, swikshak lagoon, cape and headland n of swikshak lagoon"	58.63	-153.59	"united states"	"alaska"	NA	NA	3615	"pinaceae"	"picea"	"sitchensis"	NA	"picea sitchensis"
"4d28f8f5-ebea-4634-ad9f-6c00e04edd20"	"ds"	"ds285"	"humboldt bay peninsula opposite eureka."	40.7942	-124.2001	"united states"	"california"	"humboldt"	NA	4317	"pinaceae"	"picea"	"sitchensis"	NA	"picea sitchensis"
"4f3d6844-4819-4f28-bfdd-b19caf9c7310"	"jeps"	"jeps46731"	"smith river"	41.8480902053608	-123.968516186375	"united states"	"california"	"del norte"	NA	8263	"pinaceae"	"picea"	"sitchensis"	NA	"picea sitchensis"
"504b7927-8e97-4c03-9668-8f5f5da619c2"	"chsc"	"chsc67760"	"mad river county park nw of arcata, s of the mouth of mad river"	40.9325	-124.130277777778	"united states"	"california"	"humboldt"	NA	412	"pinaceae"	"picea"	"sitchensis"	NA	"picea sitchensis"
"515bebda-3425-4376-bb41-4b96ab0e1be8"	"uc"	"uc637022"	"35 mi n of eureka (near e shore of big lagoon)"	41.163	-124.1257	"united states"	"california"	"humboldt"	NA	3425	"pinaceae"	"picea"	"sitchensis"	NA	"picea sitchensis"
"51bf4529-9c6d-4087-ac55-175189531382"	"ds"	"ds128513"	"wilson creek between requa and crescent city"	41.6042	-124.0995	"united states"	"california"	"del norte"	NA	198	"pinaceae"	"picea"	"sitchensis"	NA	"picea sitchensis"
"531f8f89-8840-40dc-bde3-6921faf27aac"	"uconn"	"conn00012222"	"bartlett arboretum"	41.13472	-73.55	"united states"	"connecticut"	"fairfield county"	"stamford"	20000	"pinaceae"	"picea"	"sitchensis"	NA	"picea sitchensis (bongard) carriere"
"53cd8276-e7af-48c6-8dc8-8dfa6d3ae9b7"	"uam"	"5620"	"afognak i., kazakof (danger) bay, e shore"	58.11	-152.53	"united states"	"alaska"	NA	NA	3615	"pinaceae"	"picea"	"sitchensis"	NA	"picea sitchensis"
"576f3137-f949-4a39-9f78-9bcd41e0eac3"	"uam"	"58170"	"hope"	60.91	-149.66	"united states"	"alaska"	NA	NA	3615	"pinaceae"	"picea"	"sitchensis"	NA	"picea sitchensis"
"5779f40a-33ff-40c1-ba83-0b5315a59aa0"	"ds"	"ds218547"	"5 miles south of ferndale on road to petrolia."	40.5203	-124.2663	"united states"	"california"	"humboldt"	NA	127	"pinaceae"	"picea"	"sitchensis"	NA	"picea sitchensis"
"578d458c-77da-443f-9ffe-47771d111a8e"	"uam"	"42477"	"alexander archipelago, mitkof i."	56.66	-132.83	"united states"	"alaska"	NA	NA	3615	"pinaceae"	"picea"	"sitchensis"	NA	"picea sitchensis"
"59d30302-57d1-4964-a55c-9a8203b4e06b"	"hsc"	"hsc78982"	"n spit of humboldt bay, blm lands near fence"	40.7936	-124.2087	"united states"	"california"	"humboldt"	NA	68	"pinaceae"	"picea"	"sitchensis"	NA	"picea sitchensis"
"5ac7e5d3-dd07-4749-890b-73dbaf4ef463"	"ny"	"743701"	"along yaquina bay road, ca. 8 miles east of newport/"	44.5869444	-123.9597222	"united states"	"oregon"	"lincoln co."	NA	NA	"pinaceae"	"picea"	"sitchensis"	NA	"picea sitchensis (bong.) carrière"
"5b2829f4-e985-482d-b9d7-08993ef6fdb5"	"jeps"	"jeps48362"	"near crescent city"	41.75611	-124.20056	"united states"	"california"	"del norte"	NA	NA	"pinaceae"	"picea"	"sitchensis"	NA	"picea sitchensis"
"5c0ccb80-81fb-4b3f-a1e3-e8d8377105f8"	"uc"	"uc54776"	"requa beach mouth of the klamath river, requa beach"	41.5470617448895	-124.083406081511	"united states"	"california"	"del norte"	NA	1663	"pinaceae"	"picea"	"sitchensis"	NA	"picea sitchensis"
"5c4b8145-d03b-477a-9a1c-44978082c5c9"	"uam"	"58141"	"turnagain arm, mi 97 seward hwy., bird pt."	60.91	-149.35	"united states"	"alaska"	NA	NA	3615	"pinaceae"	"picea"	"sitchensis"	NA	"picea sitchensis"
"5e5db11e-a031-4175-9f5e-81bbc40a2236"	"cas"	"cas804010"	"caspar creek bridge, frontage road turnout"	39.363	-123.8112	"united states"	"california"	"mendocino"	NA	250	"pinaceae"	"picea"	"sitchensis"	NA	"picea sitchensis"
"635a6aec-bce3-4faa-aec1-90eedcbdc832"	"sd"	"sd41319"	"near samoa"	40.8187	-124.1865	"united states"	"california"	"humboldt"	NA	3145	"pinaceae"	"picea"	"sitchensis"	NA	"picea sitchensis"
"63b579e8-a4d0-4bc5-9a2e-0f4aa0b5a8d7"	"hsc"	"hsc93254"	"quarry rd. off jacoby creek"	40.8248	-124.0386	"united states"	"california"	"humboldt"	NA	24	"pinaceae"	"picea"	"sitchensis"	NA	"picea sitchensis"
"6410c874-82b3-44f7-a65d-674c1af1883b"	"uc"	"uc55649"	"crescent city north coast ranges, crescent city"	41.75611	-124.20056	"united states"	"california"	"del norte"	NA	NA	"pinaceae"	"picea"	"sitchensis"	NA	"picea sitchensis"
"65aaffad-8c78-4f2a-bd4e-fbc7d62f70fe"	"hsc"	"hsc95902"	"9 mi. e of intersection of west end rd. and warren creek rd."	40.9111	-123.8932	"united states"	"california"	"humboldt"	NA	2215	"pinaceae"	"picea"	"sitchensis"	NA	"picea sitchensis"
"673a6279-4282-4a88-956a-9a7ce6aec173"	"uam"	"58829"	"chugach mts., mckinley lake, 32 km e of cordova"	60.46	-145.18	"united states"	"alaska"	NA	NA	3615	"pinaceae"	"picea"	"sitchensis"	NA	"picea sitchensis"
"679047fc-74c7-4b32-a44b-16a846a265c5"	"uc"	"uc1174871"	"3 mi s from ferndale (on old coast road to capetown)"	40.5419	-124.279	"united states"	"california"	"humboldt"	NA	665	"pinaceae"	"picea"	"sitchensis"	NA	"picea sitchensis"
"68b3f559-e104-4485-b3e2-57ac8966d605"	"uam"	"46408"	"semidi is., chowiet i."	56.03	-156.7	"united states"	"alaska"	NA	NA	3615	"pinaceae"	"picea"	"sitchensis"	NA	"picea sitchensis"
"6991378b-b523-491f-ba00-4b7e9b561719"	"ny"	"622215"	"caspar, along caspar little lake rd. (route 409), ca. 1/8 mile east of route 1"	39.3575	-123.8066667	"united states"	"california"	"mendocino co."	NA	NA	"pinaceae"	"picea"	"sitchensis"	NA	"picea sitchensis (bong.) carrière"
"69f821e5-7970-4f44-96e4-8b09562f2d40"	"uam"	"46410"	"kodiak i., kodiak, 5 km s of town"	57.78	-152.4	"united states"	"alaska"	NA	NA	3615	"pinaceae"	"picea"	"sitchensis"	NA	"picea sitchensis"
"6a64dc25-85f9-4647-8c87-a771ce41c686"	"obi"	"obi23578"	"near gold beach, redwood natl park"	41.3735442784776	-124.07068381564	"united states"	"california"	"del norte"	NA	3313	"pinaceae"	"picea"	"sitchensis"	NA	"picea sitchensis"
"6c5d18b2-7794-42eb-9d39-8b5270055684"	"ds"	"ds270099"	"near east shore of big lagoon, 35 miles north of euraka."	41.163	-124.1257	"united states"	"california"	"humboldt"	NA	3425	"pinaceae"	"picea"	"sitchensis"	NA	"picea sitchensis"
"6cef64c1-468d-4933-9591-70ff38eb5c1f"	"ds"	"ds161189"	"big lagoon"	41.183	-124.1065	"united states"	"california"	"humboldt"	NA	3500	"pinaceae"	"picea"	"sitchensis"	NA	"picea sitchensis"
"6e047b64-e7d9-4d0e-87ca-5e3acc1bf3ee"	"rsa"	"rsa759237"	"to the east side of route 1 (shoreline highway), about 0.05 miles south of the intersection with caspar road and fern creek road, and about 0.2 miles north of the caspar creek bridge. caspar."	39.3643030263316	-123.808970523811	"united states"	"california"	"mendocino"	NA	NA	"pinaceae"	"picea"	"sitchensis"	NA	"picea sitchensis"
"6f693004-15ac-48d2-82cc-bc9869254e96"	"uam"	"41576"	"coast mts., hyder, salmon r."	55.91	-130	"united states"	"alaska"	NA	NA	3615	"pinaceae"	"picea"	"sitchensis"	NA	"picea sitchensis"
"6f7fef11-b439-4378-aa0b-cdad45a1a936"	"rsa"	"rsa86360"	"jug handle creek, 6 miles north of mendocino city."	39.3767	-123.8157	"united states"	"california"	"mendocino"	NA	480	"pinaceae"	"picea"	"sitchensis"	NA	"picea sitchensis"
"708b47e7-0aeb-414c-806f-3feef4ea0c46"	"ny"	"02173032"	"4.3 air km n of homer town center, crossman ridge on slopes around bridge creek reservoir"	59.68035	-151.548869	"united states"	"alaska"	"kenai peninsula borough"	NA	100	"pinaceae"	"picea"	"sitchensis"	NA	"picea sitchensis (bong.) carrière"
"70b7bce0-67af-4f08-9c54-306b8b9694f9"	"jeps"	"jeps46732"	"noyo"	39.4243508103554	-123.803916638861	"united states"	"california"	"mendocino"	NA	3154	"pinaceae"	"picea"	"sitchensis"	NA	"picea sitchensis"
"739d68ec-e082-49cf-9285-656892e659ed"	"jeps"	"jeps48364"	"ft. bragg."	39.4453697610654	-123.803181748534	"united states"	"california"	"mendocino"	NA	1828	"pinaceae"	"picea"	"sitchensis"	NA	"picea sitchensis"
"73c151bd-9fee-4c34-8d74-85fa3e171441"	"uam"	"51499"	"homer, homer field station, 8 km nw of town"	59.63	-151.55	"united states"	"alaska"	NA	NA	3615	"pinaceae"	"picea"	"sitchensis"	NA	"picea sitchensis"
"748660e0-4c85-4687-9237-df9abfbe0930"	"uc"	"uc527820"	"hillside just n little river"	41.0316	-124.1122	"united states"	"california"	"humboldt"	NA	78	"pinaceae"	"picea"	"sitchensis"	NA	"picea sitchensis"
"7552e0c6-4a01-4803-b607-9558501b4f88"	"cas"	"270099"	"near east shore of big lagoon, 35 miles north of euraka."	41.163	-124.1257	"united states"	"california"	"humboldt county"	NA	NA	"pinaceae"	"picea"	"sitchensis"	NA	"picea sitchensis  (bong.) carrière"
"75ea37ee-3fca-4b54-811d-872416b8cb99"	"uc"	"uc1198275"	"big lagoon northern coast region, big lagoon"	41.163	-124.1257	"united states"	"california"	"humboldt"	NA	3425	"pinaceae"	"picea"	"sitchensis"	NA	"picea sitchensis"
"76657e37-0554-49d3-8bb9-919abc1bda33"	"hsc"	"hsc83926"	"caspar creek bridge, frontage rd. turnout"	39.363	-123.8112	"united states"	"california"	"mendocino"	NA	250	"pinaceae"	"picea"	"sitchensis"	NA	"picea sitchensis"
"76f8503d-f19e-4103-947c-5b205ec765c4"	"pom"	"pom87671"	"2 miles n of requa."	41.58	-124.078	"united states"	"california"	"del norte"	NA	342	"pinaceae"	"picea"	"sitchensis"	NA	"picea sitchensis"
"77224963-528b-4b75-bf9e-05cd323ffd90"	"pom"	"pom303737"	"russian gulch; pacific ocean drainage area."	39.331	-123.7964	"united states"	"california"	"mendocino"	NA	111	"pinaceae"	"picea"	"sitchensis"	NA	"picea sitchensis"
"79882e89-2169-48f2-a5b4-6525f58a2952"	"ny"	"34448"	"chehalis county: hogman"	46.66222	-122.96278	"united states"	"washington"	"lewis co."	NA	NA	"pinaceae"	"picea"	"sitchensis"	NA	"picea sitchensis (bong.) carrière"
"7b1c107d-4871-480e-824f-e5f686ca70fb"	"cas"	"cas95027"	"[gasquets] gasquet"	41.8455	-123.9693	"united states"	"california"	"del norte"	NA	1900	"pinaceae"	"picea"	"sitchensis"	NA	"picea sitchensis"
"7d071a54-ac67-4c69-bc31-9ec4198829f4"	"ny"	"951520"	"west side of eel river drive, about 0.4 mile s of the intersection with hookton road and the entrance ramp to rt. 101"	40.6642	-124.2042	"united states"	"california"	"humboldt co."	NA	NA	"pinaceae"	"picea"	"sitchensis"	NA	"picea sitchensis (bong.) carrière"
"7d083070-41d3-4f0f-9fc6-cc02177d3398"	"hsc"	"hsc89481"	"trinidad head, along trail"	41.0542	-124.1519	"united states"	"california"	"humboldt"	NA	249	"pinaceae"	"picea"	"sitchensis"	NA	"picea sitchensis"
"7ecc323a-1d0d-4c03-b554-f5d72bfa6408"	"hsc"	"hsc45890"	"end of murray rd. in mckinleyville, bulk collection 155"	40.9565	-124.1233	"united states"	"california"	"humboldt"	NA	434	"pinaceae"	"picea"	"sitchensis"	NA	"picea sitchensis"
"7fd4e834-0549-4ac1-931c-f7ace7ba805f"	"cas"	"161222"	"requa at mouth of klamath river"	41.5469398499	-124.0652770996	"united states"	"california"	"del norte county"	NA	NA	"pinaceae"	"picea"	"sitchensis"	NA	"picea sitchensis  (bong.) carrière"
"81e9a415-a3df-47ff-bdfd-1ed3e7154ee2"	"cas"	"95027"	"[gasquets] gasquet"	41.8455	-123.9693	"united states"	"california"	"del norte county"	NA	NA	"pinaceae"	"picea"	"sitchensis"	NA	"picea sitchensis  (bong.) carrière"
"83f7b5f9-8873-420f-9860-140d110b612a"	"rsa"	"rsa2205"	"5 miles s of ferndale on road to petrolia."	40.5203	-124.2663	"united states"	"california"	"humboldt"	NA	127	"pinaceae"	"picea"	"sitchensis"	NA	"picea sitchensis"
"84f44cba-3631-4b64-9b32-09d03c8e6ff0"	"jeps"	"jeps46729"	"humboldt bay"	40.8237482061986	-124.188274261766	"united states"	"california"	"humboldt"	NA	1663	"pinaceae"	"picea"	"sitchensis"	NA	"picea sitchensis"
"88a5ca61-1e98-4afa-98d5-573f4def2de3"	"cas"	"95030"	"crescent city"	41.7577	-124.1994	"united states"	"california"	"del norte county"	NA	NA	"pinaceae"	"picea"	"sitchensis"	NA	"picea sitchensis  (bong.) carrière"
"8a23c006-5d89-4633-9021-eb81ee499330"	"uam"	"48288"	"kodiak archipelago, afognak village, afognak i."	58	-152.76	"united states"	"alaska"	NA	NA	3615	"pinaceae"	"picea"	"sitchensis"	NA	"picea sitchensis"
"8ca24a62-922d-4842-8ee3-41b3971f840f"	"ds"	"ds126910"	"near south bay"	40.7006	-124.2161	"united states"	"california"	"humboldt"	NA	779	"pinaceae"	"picea"	"sitchensis"	NA	"picea sitchensis"
"8ef7dca4-cf39-466a-8e73-d8734adbb750"	"uam"	"44197"	"coast mts., montana cr. road, juneau area, 5 km up montana cr."	58.43	-134.66	"united states"	"alaska"	NA	NA	3615	"pinaceae"	"picea"	"sitchensis"	NA	"picea sitchensis"
"8fea6b25-78c6-4193-b2bb-84bfc659c02c"	"cas"	"140561"	"near crescent city"	41.7423	-124.1671	"united states"	"california"	"del norte county"	NA	NA	"pinaceae"	"picea"	"sitchensis"	NA	"picea sitchensis  (bong.) carrière"
"8ff0032a-2c98-4b69-a15d-a2fc5d6e5667"	"uam"	"42478"	"alexander archipelago, kupreanof i."	56.75	-133.5	"united states"	"alaska"	NA	NA	3615	"pinaceae"	"picea"	"sitchensis"	NA	"picea sitchensis"
"91874bd2-2320-4ed3-9b3d-0efce4250079"	"ny"	"34442"	"olympic mountains"	47.87222	-123.66667	"united states"	"washington"	"clallam co."	NA	NA	"pinaceae"	"picea"	"sitchensis"	NA	"picea sitchensis (bong.) carrière"
"94413584-c824-4e91-90cb-5e8a58f8cda6"	"uc"	"uc137"	"samoa; humboldt bay"	40.8237482061986	-124.188274261766	"united states"	"california"	"humboldt"	NA	1663	"pinaceae"	"picea"	"sitchensis"	NA	"picea sitchensis"
"959d5304-9314-486e-a607-6bdc83d72033"	"hsc"	"hsc1354"	"w.m. lanphere farm, samoa peninsula, arcata."	40.8916	-124.1428	"united states"	"california"	"humboldt"	NA	1500	"pinaceae"	"picea"	"sitchensis"	NA	"picea sitchensis"
"9a122dcf-0aeb-4c60-a874-c9edb0b5cc26"	"rsa"	"rsa537399"	"3 mi w of fort dick along kellog rd. near coast."	41.8696	-124.2002	"united states"	"california"	"del norte"	NA	800	"pinaceae"	"picea"	"sitchensis"	NA	"picea sitchensis"
"9ab89e7c-3dea-4753-9608-09e2a0d70dd3"	"utc"	"utc00245460"	"along yaquina bay road ca. 8 miles east of newport."	44.5869444	-123.9597222	"united states"	"oregon"	"lincoln"	NA	NA	"pinaceae"	"picea"	"sitchensis"	NA	"picea sitchensis"
"9c5cd08f-c108-452e-94a7-46af2fd7faa0"	"uam"	"41877"	"alexander archipelago, meyers chuck, cleveland penin."	55.73	-132.25	"united states"	"alaska"	NA	NA	3615	"pinaceae"	"picea"	"sitchensis"	NA	"picea sitchensis"
"9fae4a5a-2d2b-4024-bf47-af614b2901a1"	"rsa"	"rsa23"	"arcata."	40.8683	-124.0897	"united states"	"california"	"humboldt"	NA	875	"pinaceae"	"picea"	"sitchensis"	NA	"picea sitchensis"
"a1841aa0-0e5c-40ac-a827-744d4040a68d"	"rsa"	"rsa24297"	"2.5 miles e of crescent city on grants road."	41.804	-124.1453	"united states"	"california"	"del norte"	NA	107	"pinaceae"	"picea"	"sitchensis"	NA	"picea sitchensis"
"a5bdf348-527a-40b1-bc3a-c6648ab53d56"	"uam"	"44890"	"aleutian is., amchitka i."	51.53	179	"united states"	"alaska"	NA	NA	3615	"pinaceae"	"picea"	"sitchensis"	NA	"picea sitchensis"
"a6098540-f948-4a22-b5bf-95a5a094c955"	"ucr"	"ucr28004"	"russ park, just south of ferndale."	40.57222	-124.255	"united states"	"california"	"humboldt"	NA	1000	"pinaceae"	"picea"	"sitchensis"	NA	"picea sitchensis"
"a671e5e7-ec51-44ed-b399-808b00b2af79"	"cas"	"cas464333"	"redwood hwy. just south of crescent city"	41.7413	-124.1628	"united states"	"california"	"del norte"	NA	2349	"pinaceae"	"picea"	"sitchensis"	NA	"picea sitchensis"
"a7114a21-a2a3-407d-96fb-9e9fee1d9e78"	"uc"	"uc400128"	"fort bragg."	39.4453697610654	-123.803181748534	"united states"	"california"	"mendocino"	NA	1828	"pinaceae"	"picea"	"sitchensis"	NA	"picea sitchensis"
"a8392792-c16f-4b34-a285-bd711d948a3d"	"uc"	"uc55647"	"immediate vicinity of eureka"	40.7899	-124.1647	"united states"	"california"	"humboldt"	NA	5400	"pinaceae"	"picea"	"sitchensis"	NA	"picea sitchensis"
"a848c64c-0d79-4df1-8b4e-259bcb67a306"	"uam"	"48287"	"afognak i., kazakof (danger) bay, e shore"	58.1	-152.55	"united states"	"alaska"	NA	NA	3615	"pinaceae"	"picea"	"sitchensis"	NA	"picea sitchensis"
"a962bbc2-81d0-4a35-b973-e40c161da917"	"ucd"	"ucd134309"	"humboldt county: lanphere-christensen dunes, coastal forest and dunes 3 miles west of arcata"	40.8903	-124.1448	"united states"	"california"	"humboldt"	NA	334	"pinaceae"	"picea"	"sitchensis"	NA	"picea sitchensis"
"abe1bc34-ddc8-44f7-b8ac-8b279dd3fc86"	"cas"	"679687"	"5 miles south of ferndale on road to petrolia."	40.5203	-124.2663	"united states"	"california"	"humboldt county"	NA	NA	"pinaceae"	"picea"	"sitchensis"	NA	"picea sitchensis  (bong.) carrière"
"ae2e9abf-7df8-42d2-a9c2-1e07b3a2cb20"	"ds"	"ds196737"	"2 miles north of klamath river"	41.5451	-124.0516	"united states"	"california"	"del norte"	NA	1250	"pinaceae"	"picea"	"sitchensis"	NA	"picea sitchensis"
"af4a677e-d9aa-47bc-a140-dd88bf8ccf86"	"sbbg"	"sbbg25612"	"patrick\'s pt, 5 mi n of trinidad"	41.134	-124.157	"united states"	"california"	"humboldt"	NA	1000	"pinaceae"	"picea"	"sitchensis"	NA	"picea sitchensis"
"b06d4a0f-d38a-46af-b66c-a4d12c75d9e1"	"ds"	"ds128505"	"2 mi north of requa"	41.58	-124.078	"united states"	"california"	"del norte"	NA	342	"pinaceae"	"picea"	"sitchensis"	NA	"picea sitchensis"
"b186c0a9-aa03-4efa-b947-06fc029f7648"	"cas"	"126910"	"near south bay"	40.7006	-124.2161	"united states"	"california"	"humboldt county"	NA	NA	"pinaceae"	"picea"	"sitchensis"	NA	"picea sitchensis  (bong.) carrière"
"b1a95bc0-c59e-41b8-b122-5119a724e908"	"cas"	"84365"	"arcata to trinidad."	40.9467	-124.0961	"united states"	"california"	"humboldt county"	NA	NA	"pinaceae"	"picea"	"sitchensis"	NA	"picea sitchensis  (bong.) carrière"
"b33310c2-ec27-4fe6-a4f0-afaa25888b88"	"ds"	"ds161229"	"big lagoon"	41.183	-124.1065	"united states"	"california"	"humboldt"	NA	3500	"pinaceae"	"picea"	"sitchensis"	NA	"picea sitchensis"
"b86f40d9-8b32-44c9-9815-cdf6e0b1592d"	"uam"	"82141"	"suckling hills"	60.1	-143.75	"united states"	"alaska"	NA	NA	3615	"pinaceae"	"picea"	"sitchensis"	NA	"picea sitchensis"
"ba1bac01-7d38-4625-bccf-a1e2c29eb000"	"uam"	"58655"	"prince william sound, olsen bay, 32 km nw of cordova"	60.73	-146.18	"united states"	"alaska"	NA	NA	3615	"pinaceae"	"picea"	"sitchensis"	NA	"picea sitchensis"
"ba470ce9-4dbb-4a93-b5a2-13f94db984b1"	"chsc"	"chsc80131"	"jug handle state preserve along hwy 1 between fort bragg and caspar"	39.3763888888889	-123.816111111111	"united states"	"california"	"mendocino"	NA	NA	"pinaceae"	"picea"	"sitchensis"	NA	"picea sitchensis"
"bb04d43d-4a0f-42f8-8587-c60d3938cff6"	"uam"	"41878"	"16 km e of craig, prince of wales i."	55.48	-132.91	"united states"	"alaska"	NA	NA	3615	"pinaceae"	"picea"	"sitchensis"	NA	"picea sitchensis"
"be7e5840-a5ff-45c8-9eaf-ea5ef269194d"	"uam"	"41445"	"coast mts., halibut bay, portland canal"	55.21	-130.08	"united states"	"alaska"	NA	NA	3615	"pinaceae"	"picea"	"sitchensis"	NA	"picea sitchensis"
"bf21c10c-e9ae-4d4d-96b4-d69cab945041"	"ds"	"ds151827"	"ocean beach, near crescent city, n.w. cal."	41.7423	-124.1671	"united states"	"california"	"del norte"	NA	2136	"pinaceae"	"picea"	"sitchensis"	NA	"picea sitchensis"
"bf31f2ab-eebb-4417-a048-268834fa3052"	"obi"	"obi33130"	"between ferndale and bear river ridge rd along mattole rd"	40.5154	-124.2715	"united states"	"california"	"humboldt"	NA	946	"pinaceae"	"picea"	"sitchensis"	NA	"picea sitchensis"
"c1a0b712-4cb7-439f-bd87-947ff41e31f4"	"cas"	"161189"	"big lagoon"	41.183	-124.1065	"united states"	"california"	"humboldt county"	NA	NA	"pinaceae"	"picea"	"sitchensis"	NA	"picea sitchensis  (bong.) carrière"
"c1aed9b1-4e18-4bd1-8945-a2aeb16b02be"	"ds"	"ds84365"	"arcata to trinidad."	40.9467	-124.0961	"united states"	"california"	"humboldt"	NA	12598	"pinaceae"	"picea"	"sitchensis"	NA	"picea sitchensis"
"c1f9598a-19c7-4698-b653-7749875730c1"	"cas"	"161229"	"big lagoon"	41.183	-124.1065	"united states"	"california"	"humboldt county"	NA	NA	"pinaceae"	"picea"	"sitchensis"	NA	"picea sitchensis  (bong.) carrière"
"c2867180-b69d-4230-aed6-0a4b33e1fd74"	"cas"	"128505"	"2 mi north of requa"	41.58	-124.078	"united states"	"california"	"del norte county"	NA	NA	"pinaceae"	"picea"	"sitchensis"	NA	"picea sitchensis  (bong.) carrière"
"c2c3bf26-65fb-4600-85bf-3e8766cf1863"	"ucsb"	"ucsb21640"	"east side of stone lagoon near u.s. 101, 5 miles s. of orick"	41.2444	-124.0873	"united states"	"california"	"humboldt"	NA	1605	"pinaceae"	"picea"	"sitchensis"	NA	"picea sitchensis"
"c3ab58fd-e881-41df-a497-1594a3051cba"	"uam"	"41876"	"alexander archipelago, mouth of harris r., prince of wales i."	55.46	-132.69	"united states"	"alaska"	NA	NA	3615	"pinaceae"	"picea"	"sitchensis"	NA	"picea sitchensis"
"c5111f6c-60c2-4345-9779-958dd823b856"	"uam"	"7115"	"kodiak i., spiridon pen., chief cove"	57.7	-153.88	"united states"	"alaska"	NA	NA	3615	"pinaceae"	"picea"	"sitchensis"	NA	"picea sitchensis"
"c78d2e51-f210-4faf-b4bb-40d6f472f33e"	"uam"	"44196"	"douglas i., n part of island, near juneau"	58.23	-134.56	"united states"	"alaska"	NA	NA	3615	"pinaceae"	"picea"	"sitchensis"	NA	"picea sitchensis"
"ca209bc3-062c-48f8-bc96-5f8162bd0279"	"rsa"	"rsa246848"	"big lagoon, south end."	41.1626	-124.1234	"united states"	"california"	"humboldt"	NA	1400	"pinaceae"	"picea"	"sitchensis"	NA	"picea sitchensis"
"cbb8672e-e5bf-4cba-bacd-5a0b42b84d00"	"cas"	"285"	"humboldt bay peninsula opposite eureka."	40.7942	-124.2001	"united states"	"california"	"humboldt county"	NA	NA	"pinaceae"	"picea"	"sitchensis"	NA	"picea sitchensis  (bong.) carrière"
"cf5b6638-094c-4a77-9f1a-38278ac9f673"	"sbbg"	"sbbg24465"	"[label without specific locality]"	40.7172	-123.8982	"united states"	"california"	"humboldt"	NA	78147	"pinaceae"	"picea"	"sitchensis"	NA	"picea sitchensis"
"d0a68df9-201c-4244-ba71-46acd02b6051"	"bpbm"	"654950"	"south-savo (es/sa); punkaharju, experimental forest of forerst research institute. in plot b7-74 (dendrological park)"	61.7833	-29.3	"finland"	NA	NA	NA	NA	"pinaceae"	"picea"	"sitchensis"	NA	"picea sitchensis"
"d0f62841-23ab-424b-921c-26095dad29e3"	"sd"	"sd107776"	"north of crescent city west of fort dick at pacific shores estates"	41.8547	-124.2091	"united states"	"california"	"del norte"	NA	881	"pinaceae"	"picea"	"sitchensis"	NA	"picea sitchensis"
"d37bc9d5-d418-452e-92ca-08d0f1b21a56"	"sjsu"	"sjsu142"	"between fortuna & eureka"	40.6713	-124.1757	"united states"	"california"	"humboldt"	NA	9691	"pinaceae"	"picea"	"sitchensis"	NA	"picea sitchensis"
"d5876512-7693-4ce8-989e-9ab8ac621023"	"uam"	"51516"	"homer, 13 km ne of homer on skyline drive"	59.65	-151.55	"united states"	"alaska"	NA	NA	3615	"pinaceae"	"picea"	"sitchensis"	NA	"picea sitchensis"
"d5ff6957-a105-47b2-8637-d9868aa6e78f"	"cas"	"cas140561"	"near crescent city"	41.7423	-124.1671	"united states"	"california"	"del norte"	NA	2136	"pinaceae"	"picea"	"sitchensis"	NA	"picea sitchensis"
"d6e610a0-c371-43d4-acc2-296e71093fc3"	"rsa"	"rsa134613"	"3 miles s from ferndale, on old coast road to capetown."	40.5422	-124.2785	"united states"	"california"	"humboldt"	NA	200	"pinaceae"	"picea"	"sitchensis"	NA	"picea sitchensis"
"d75ae1e7-10cc-405c-a0dd-ff25729ad981"	"hsc"	"hsc60088"	"mouth of wilson creek"	41.604	-124.1009	"united states"	"california"	"del norte"	NA	60	"pinaceae"	"picea"	"sitchensis"	NA	"picea sitchensis"
"d75ee321-83eb-4377-b2ca-85ecad940674"	"ds"	"ds132690"	"back of requa"	41.5415	-124.067	"united states"	"california"	"del norte"	NA	1730	"pinaceae"	"picea"	"sitchensis"	NA	"picea sitchensis"
"d8824083-3ac5-4215-8e96-52c17646e94b"	"uam"	"50670"	"coast mts., mosquito lake, 48 km nw of haines"	59.46	-136.03	"united states"	"alaska"	NA	NA	3615	"pinaceae"	"picea"	"sitchensis"	NA	"picea sitchensis"
"d8bcc28b-7a70-493c-826b-2963bec2dbe6"	"ucsb"	"ucsb24019"	"south edge of big lagoon, 20 miles north of eureka"	41.1651	-124.127	"united states"	"california"	"humboldt"	NA	650	"pinaceae"	"picea"	"sitchensis"	NA	"picea sitchensis"
"dac690af-97eb-4db3-acd8-44741015ce97"	"rsa"	"rsa1960"	"5 miles s ferndale on road to petrolia."	40.5203	-124.2663	"united states"	"california"	"humboldt"	NA	127	"pinaceae"	"picea"	"sitchensis"	NA	"picea sitchensis"
"dd8ae9fc-0274-4eb6-96a1-fa299cd9a677"	"cas"	"128513"	"wilson creek between requa and crescent city"	41.6042	-124.0995	"united states"	"california"	"del norte county"	NA	NA	"pinaceae"	"picea"	"sitchensis"	NA	"picea sitchensis  (bong.) carrière"
"dd98f635-cd31-4ccd-99de-ddb11bd8bf70"	"ny"	"43151"	"near kernville, along siletz river, hwy 229, 1km from junction with hwy 101"	44.88	-123.98	"united states"	"oregon"	"lincoln co."	NA	NA	"pinaceae"	"picea"	"sitchensis"	NA	"picea sitchensis (bong.) carrière"
"dddf1ea8-6206-4ecf-abd6-cf291b59bfd2"	"uam"	"50774"	"coast mts., skagway, 2 km e of town"	59.46	-135.31	"united states"	"alaska"	NA	NA	3615	"pinaceae"	"picea"	"sitchensis"	NA	"picea sitchensis"
"df516799-81e4-42e3-8bd6-92f627db9fe8"	"uam"	"144438"	"malaspina forelands, strawberry is., beach ne of northernmost spit"	59.90133333	-139.7375	"united states"	"alaska"	NA	NA	NA	"pinaceae"	"picea"	"sitchensis"	NA	"picea sitchensis"
"dfc6fb1e-55e9-4fff-b202-1f094ace2fe4"	"cas"	"cas95030"	"crescent city"	41.7577	-124.1994	"united states"	"california"	"del norte"	NA	5127	"pinaceae"	"picea"	"sitchensis"	NA	"picea sitchensis"
"e1d2f849-f756-4af5-8564-55b07b365750"	"ny"	"34386"	"vancouver island: near cowichan lake"	48.82	-124.17	"canada"	"british columbia"	NA	NA	NA	"pinaceae"	"picea"	"sitchensis"	NA	"picea sitchensis (bong.) carrière"
"e3ccb92c-d9cf-4531-ad50-960841852292"	"ny"	"658621"	"caspar. along caspar little lake road (route 409), ca. 1/8 mile east of route one"	39.3575	-123.8066667	"united states"	"california"	"mendocino co."	NA	NA	"pinaceae"	"picea"	"sitchensis"	NA	"picea sitchensis (bong.) carrière"
"e53ef31a-45e5-46a7-b591-82d93780bb89"	"cas"	"162292"	"7 mi. s. of ferndale & capetown, bear river ridge, [mt.glen] mt. glen"	40.5062	-124.2919	"united states"	"california"	"humboldt county"	NA	NA	"pinaceae"	"picea"	"sitchensis"	NA	"picea sitchensis  (bong.) carrière"
"e62e244b-ca74-4fc9-858f-1a55eaaedaed"	"ny"	"02210059"	"2.05 air km wsw of intersection of old sterling hwy and hwy 1 in anchor point, beach on cook inlet"	59.766153	-151.865711	"united states"	"alaska"	"kenai peninsula borough"	NA	100	"pinaceae"	"picea"	"sitchensis"	NA	"picea sitchensis (bong.) carrière"
"e7fcb100-e87b-42e7-907f-7a61b824b007"	"cas"	"218547"	"5 miles south of ferndale on road to petrolia."	40.5203	-124.2663	"united states"	"california"	"humboldt county"	NA	NA	"pinaceae"	"picea"	"sitchensis"	NA	"picea sitchensis  (bong.) carrière"
"e8a18022-c1fb-4229-a232-4ef1e9bc8bf0"	"uam"	"58869"	"chugach mts., hartney bay, 8 km sw of cordova"	60.5	-145.86	"united states"	"alaska"	NA	NA	3615	"pinaceae"	"picea"	"sitchensis"	NA	"picea sitchensis"
"e992c975-955d-469a-90ee-2d556970d0dc"	"uam"	"46409"	"kodiak i., cape chiniak"	57.58	-152.25	"united states"	"alaska"	NA	NA	3615	"pinaceae"	"picea"	"sitchensis"	NA	"picea sitchensis"
"ebb41255-948f-4656-a46b-3f384bf89939"	"sbbg"	"sbbg56401"	"near arcata"	40.869849833419	-124.085173069977	"united states"	"california"	"humboldt"	NA	5000	"pinaceae"	"picea"	"sitchensis"	NA	"picea sitchensis"
"ed583624-69ec-4b46-b645-017657438fda"	"hsc"	"hsc31521"	"behind humboldt state university, arcata."	40.8742	-124.0678	"united states"	"california"	"humboldt"	NA	655	"pinaceae"	"picea"	"sitchensis"	NA	"picea sitchensis"
"f2d378d6-fa0b-4a04-9374-78e7b2311e6c"	"uc"	"uc1198274"	"sand hills of ocean beach at samoa samoa (opp. eureka)"	40.8178	-124.1911	"united states"	"california"	"humboldt"	NA	2133	"pinaceae"	"picea"	"sitchensis"	NA	"picea sitchensis"
"f31a18cb-d423-486c-b4f4-33884f3871bb"	"uc"	"uc136"	"samoa, humboldt bay"	40.8237482061986	-124.188274261766	"united states"	"california"	"humboldt"	NA	1663	"pinaceae"	"picea"	"sitchensis"	NA	"picea sitchensis"
"f3c5eaf8-2985-47c8-a071-7fdf1013fb45"	"ny"	"34450"	"san juan islands: blakely island"	48.58333	-122.96667	"united states"	"washington"	"san juan co."	NA	NA	"pinaceae"	"picea"	"sitchensis"	NA	"picea sitchensis (bong.) carrière"
"f418703e-74d9-4ed3-a448-5722a03bfbc4"	"uam"	"58916"	"chugach mts., mile 15 copper r. hwy."	60.55	-145.75	"united states"	"alaska"	NA	NA	3615	"pinaceae"	"picea"	"sitchensis"	NA	"picea sitchensis"
"f5347cca-6530-4b14-9e4f-3a088bee5a32"	"uam"	"130115"	"kodiak archipeligo, kodiak i., halibut bay, sw coast of kodiak i., vic. s end of bay and s of halibut lagoon, old cannery site"	57.35	-154.733333	"united states"	"alaska"	NA	NA	NA	"pinaceae"	"picea"	"sitchensis"	NA	"picea sitchensis"
"f6756b01-13a5-4125-be40-70269feb4288"	"rsa"	"rsa175261"	"little river beach, few miles s of trinidad."	41.0237	-124.1105	"united states"	"california"	"humboldt"	NA	246	"pinaceae"	"picea"	"sitchensis"	NA	"picea sitchensis"
"f762e042-1158-4a77-b9dd-5b4650ff2bb9"	"uc"	"uc535712"	"patricks point"	41.1358	-124.1495	"united states"	"california"	"humboldt"	NA	116	"pinaceae"	"picea"	"sitchensis"	NA	"picea sitchensis"
"fb0a5b38-90fa-43b1-acf4-9345af62d74f"	"uc"	"uc1219787"	NA	40.7359	-123.8921	"united states"	"california"	"humboldt"	NA	80540	"pinaceae"	"picea"	"sitchensis"	NA	"picea sitchensis"
"fb22a1ba-0c00-4ab5-8674-bc4282063ad1"	"ds"	"ds161231"	"on trail between davidson\'s + gold bluffs"	41.4062	-124.0659	"united states"	"california"	"humboldt"	NA	4000	"pinaceae"	"picea"	"sitchensis"	NA	"picea sitchensis"
"fb36d465-8751-46d2-9535-aef1e56410f7"	"uc"	"uc1409145"	"near fort dick; pacific shores development"	41.86806	-124.14778	"united states"	"california"	"del norte"	NA	NA	"pinaceae"	"picea"	"sitchensis"	NA	"picea sitchensis"
"fc8e483a-e56b-43d4-a7a0-95964650da6a"	"uam"	"61400"	"mi 12 richardson hwy., e of valdez"	61.11	-146.26	"united states"	"alaska"	NA	NA	3615	"pinaceae"	"picea"	"sitchensis"	NA	"picea sitchensis"
"fd812579-0cb2-43ac-b2ee-03aa9d22915c"	"uam"	"51497"	"kenai peninsula, halibut cove, kachemak bay"	59.61	-151.23	"united states"	"alaska"	NA	NA	3615	"pinaceae"	"picea"	"sitchensis"	NA	"picea sitchensis"
"fd8bec89-f6a5-4e87-8210-96b215aa813b"	"uam"	"57532"	"kenai mts., seward"	60.1	-149.44	"united states"	"alaska"	NA	NA	3615	"pinaceae"	"picea"	"sitchensis"	NA	"picea sitchensis"
"fe300c93-f57a-42f9-8995-446563efc3c7"	"uam"	"248308"	"uganik bay, uganik island, n edge of lagoon"	57.87849	-153.31723	"united states"	"alaska"	NA	NA	NA	"pinaceae"	"picea"	"sitchensis"	NA	"picea sitchensis"
"fec04d2b-a1a3-4c49-ae82-f58bb15e475f"	"cas"	"cas297604"	"5 miles south of ferndale on road to petrolia."	40.5203	-124.2663	"united states"	"california"	"humboldt"	NA	127	"pinaceae"	"picea"	"sitchensis"	NA	"picea sitchensis"
"ff3c559b-1d28-43a6-883e-f6832983de39"	"cas"	"297604"	"5 miles south of ferndale on road to petrolia."	40.5203	-124.2663	"united states"	"california"	"humboldt county"	NA	NA	"pinaceae"	"picea"	"sitchensis"	NA	"picea sitchensis  (bong.) carrière"
