"00ab08f0-84d2-449c-83a2-624e68a8bcdd"	"obi"	"obi3282"	"on ridge above scott crk, about 1 mi n of swanton"	37.0641	-122.231	"united states"	"california"	"santa cruz"	NA	3691	"pinaceae"	"pinus"	"attenuata"	NA	"pinus attenuata"
"02439725-ecc9-44b7-88c4-e41c0dd38bb7"	"pom"	"pom21744"	"ben lomond."	37.0783478544271	-122.069474533878	"united states"	"california"	"santa cruz"	NA	2106	"pinaceae"	"pinus"	"attenuata"	NA	"pinus attenuata"
"03d7be01-685a-4a2c-a5e7-03873bec109c"	"ucd"	"ucd83751"	"colusa county: walker ridge. along walker ridge road. 10 road miles n of intersection with hwy 20. just n of radio tower at cold spring mountain on border with lake county"	39.11317	-122.49546	"united states"	"california"	"colusa"	NA	NA	"pinaceae"	"pinus"	"attenuata"	NA	"pinus attenuata"
"0480dba4-6ce4-49a8-a514-9a08cb286365"	"uc"	"uc1134147"	"3 mi wsw of alberto school; king city quadrangle"	36.045957	-121.069366	"united states"	"california"	"monterey"	NA	1500	"pinaceae"	"pinus"	"attenuata"	NA	"pinus attenuata"
"04a867ed-8a57-4fb7-ba65-38847bffe4bd"	"cas"	"315027"	"[moroga] moraga ridge"	37.8275	-122.1546	"united states"	"california"	"alameda county"	NA	NA	"pinaceae"	"pinus"	"attenuata"	NA	"pinus attenuata  lemmon"
"055f3bc7-48dc-48b7-8726-640ec850b97d"	"rsa"	"rsa702850"	"south side of cache creek, on the south side of bartlett springs road (road m 12), about 2 miles w of the nw part of indian valley reservoir."	39.165	-122.628611111111	"united states"	"california"	"lake"	NA	NA	"pinaceae"	"pinus"	"attenuata"	NA	"pinus attenuata"
"05dc5f39-aa4a-439e-8eb1-4a306ca16d76"	"asc"	"94579"	"placerville"	38.716667	-120.8	"united states"	"california"	"el dorado"	NA	NA	"pinaceae"	"pinus"	"attenuata"	NA	"pinus attenuata"
"0645c6af-b5e1-4431-baad-ce19f4b6f5c8"	"hsc"	"hsc49501"	"old gasquet toll rd. 8.5 mi n of s boundary"	41.8739	-123.8671	"united states"	"california"	"del norte"	NA	80	"pinaceae"	"pinus"	"attenuata"	NA	"pinus attenuata"
"076df8e6-0a43-4bdc-8782-8a4f584f4b41"	"uc"	"uc692170"	"s of summit of ridge (e of meridian); inner black hills"	37.8327859127762	-121.870267906814	"united states"	"california"	"contra costa"	NA	3989	"pinaceae"	"pinus"	"attenuata"	NA	"pinus attenuata"
"07da8469-4fd9-442d-81aa-9644eb7fcbf6"	"cas"	"cas177622"	"mt. st. helena"	38.668465	-122.630209	"united states"	"california"	"napa"	NA	3400	"pinaceae"	"pinus"	"attenuata"	NA	"pinus attenuata"
"084b9b04-7117-4970-a60c-99976bc29ba0"	"rsa"	"rsa23668"	"santa ana mts., n.w. of pleasant\'s pk. (sugarloaf) along main divide motorway; 1 3/10 mi. so. of summit, skyline dr. ft. alt. 3800 c."	33.7973	-117.6182	"united states"	"california"	"orange"	NA	1000	"pinaceae"	"pinus"	"attenuata"	NA	"pinus attenuata"
"085b56fe-5730-48dd-85fc-95379a33af84"	"rsa"	"rsa176506"	"dry ridges in rocky and sandy soils near bonnie doon, santa cruz mountains."	37.0507	-122.1387	"united states"	"california"	"santa cruz"	NA	950	"pinaceae"	"pinus"	"attenuata"	NA	"pinus attenuata"
"088e57e4-2658-4a03-8af5-9f49e14cb948"	"ds"	"ds340697"	"north coast range, 8 mi. e. of hoopa valley on new road towards trinity summit"	41.0906	-123.6269	"united states"	"california"	"humboldt"	NA	507	"pinaceae"	"pinus"	"attenuata"	NA	"pinus attenuata"
"097d7db8-8699-45f0-9447-73c39027f80b"	"uc"	"uc1134143"	"near bonnie doon (waterhouse place); santa cruz quadrangle"	37.0619	-122.1348	"united states"	"california"	"santa cruz"	NA	900	"pinaceae"	"pinus"	"attenuata"	NA	"pinus attenuata"
"0a52bca1-dafb-4f68-9cab-6786f52397d0"	"cas"	"cas1145900"	"whiskey lake near sanger peak"	41.9224	-123.6459	"united states"	"california"	"del norte"	NA	150	"pinaceae"	"pinus"	"attenuata"	NA	"pinus attenuata"
"0a6931cd-be12-4040-9baf-6fc16d2d1038"	"sbbg"	"sbbg113742"	"santa lucia mtns: 6.7 km nnw of basket spring, 4 km ese of chalk pk, near mckern trail; ft hunter liggett"	35.968	-121.385	"united states"	"california"	"monterey"	NA	1000	"pinaceae"	"pinus"	"attenuata"	NA	"pinus attenuata"
"0ab7f68e-4b07-48a1-a879-18b3158adb48"	"ds"	"ds241465"	"slope of main ridge, saddle h.w. of sugarloaf pk. (pleasants pk.), 1 3/10 mi. so. of summit of skyline drive, santa ana mts."	33.7900174356021	-117.600882425486	"united states"	"california"	"orange"	NA	1650	"pinaceae"	"pinus"	"attenuata"	NA	"pinus attenuata"
"0b3b7125-f13f-44a2-b0ec-c3bc078d3cec"	"rsa"	"rsa68175"	"camp 7, on road from gordon mt. to big flat."	41.792	-123.8764	"united states"	"california"	"del norte"	NA	153	"pinaceae"	"pinus"	"attenuata"	NA	"pinus attenuata"
"0b878f7e-8e18-4e3b-a649-d194cbe673fa"	"pom"	"pom156059"	"city creek road. san bernardino mts."	34.1612	-117.1831	"united states"	"california"	"san bernardino"	NA	3200	"pinaceae"	"pinus"	"attenuata"	NA	"pinus attenuata"
"0beefaf8-0ea3-454a-a8fa-ffe5b3b47d5a"	"hsc"	"hsc50162"	"near smith river, s fork, close to the town of gasquet"	41.75969444	-124.0797222	"united states"	"california"	"del norte"	NA	NA	"pinaceae"	"pinus"	"attenuata"	NA	"pinus attenuata"
"0c478ba5-12f3-4564-a7b6-2b9a34ab9cf7"	"ucr"	"ucr163509"	"mt. shasta: lower s slopes along hwy 89, from a few mi east of mccloud to a few mi west of bartle"	41.25811	-122.00842	"united states"	"california"	"siskiyou"	NA	NA	"pinaceae"	"pinus"	"attenuata"	NA	"pinus attenuata"
"0cec2401-d5bb-4f61-8035-4547123f5ad7"	"rsa"	"rsa593954"	"foster mountain, mendocino no. 16."	39.441	-123.1744	"united states"	"california"	"mendocino"	NA	800	"pinaceae"	"pinus"	"attenuata"	NA	"pinus attenuata"
"0d6e3424-9fc4-4e09-86ac-5dccd84ec98b"	"jeps"	"jeps47896"	"s of putnam peak (klamath range, e slope, seedlings taken from near fire-killed trees); klamath range"	41.6812	-123.6762	"united states"	"california"	"siskiyou"	NA	124	"pinaceae"	"pinus"	"attenuata"	NA	"pinus attenuata"
"0e186885-a30f-4387-8519-be07d71e4153"	"uc"	"uc692104"	"inner black hills , mount diablo (w end of chaparral n of crest)"	37.8464	-121.9215	"united states"	"california"	"contra costa"	NA	3000	"pinaceae"	"pinus"	"attenuata"	NA	"pinus attenuata"
"0f120d98-98e4-4b28-a0bc-0d73a652f53a"	"ds"	"ds689482"	"carmel hill, near gravel pit."	36.5047	-121.9185	"united states"	"california"	"monterey"	NA	3350	"pinaceae"	"pinus"	"attenuata"	NA	"pinus attenuata"
"10235afc-74ce-4529-9f74-e97fcbdf1d7f"	"uc"	"uc1541688"	"smith river at french flat smith river, french flat"	41.8453952301354	-123.969516178466	"united states"	"california"	"del norte"	NA	1663	"pinaceae"	"pinus"	"attenuata"	NA	"pinus attenuata"
"10538622-4b6c-4d5c-984a-3109bc117b55"	"ucsc"	"ucsc6490"	"santa cruz, ucsc forest ecology research plot (ferp);"	37.0131	-122.0726	"united states"	"california"	"santa cruz"	NA	270	"pinaceae"	"pinus"	"attenuata"	NA	"pinus attenuata"
"1113727b-852c-4b52-8bf9-0dad79cb51f3"	"jeps"	"jeps20056"	"250 yds. e keen camp ranger sta.; mt. san jacinto"	33.6992	-116.7103	"united states"	"california"	"riverside"	NA	1500	"pinaceae"	"pinus"	"attenuata"	NA	"pinus attenuata"
"13607ba3-e058-49ec-8f2e-3dcc211ab4b3"	"cas"	"247288"	"red mt., n. mendocino co."	39.9272558555419	-123.659443612442	"united states"	"california"	"mendocino county"	NA	NA	"pinaceae"	"pinus"	"attenuata"	NA	"pinus attenuata  lemmon"
"13ac9510-defb-41c9-b650-233e867df6cf"	"cas"	"cas177619"	"moraga ridge, oakland hills"	37.8351	-122.1491	"united states"	"california"	"contra costa"	NA	2000	"pinaceae"	"pinus"	"attenuata"	NA	"pinus attenuata"
"14171522-11c7-4fdb-8fef-d267690b1e74"	"rsa"	"rsa20776"	"north coast range, 8 mi. east of hoopa valley on new road towards trinity summit."	41.0906	-123.6269	"united states"	"california"	"humboldt"	NA	507	"pinaceae"	"pinus"	"attenuata"	NA	"pinus attenuata"
"14dd0356-c1f4-46f4-af65-d332009aee14"	"ucd"	"ucd133146"	"placer county: along hwy 80. southwest of gold run, on magra road northeast of secret town road exit. between magra road and the highway"	39.15497	-120.886788	"united states"	"california"	"placer"	NA	NA	"pinaceae"	"pinus"	"attenuata"	NA	"pinus attenuata"
"1543a928-a61f-4eb4-8b7f-4def23b5cd13"	"uc"	"uc1190165"	"ridge betw. upper reaches of china creek and blind horse creek"	41.0562215516031	-123.081838194314	"united states"	"california"	"siskiyou"	NA	3233	"pinaceae"	"pinus"	"attenuata"	NA	"pinus attenuata"
"157a4484-8283-4e79-a411-a04efcfe77f7"	"rsa"	"rsa12772"	"0.7 miles east of bonnie boon school, santa cruz mountains."	37.0608484216304	-122.13727728168	"united states"	"california"	"santa cruz"	NA	1064	"pinaceae"	"pinus"	"attenuata"	NA	"pinus attenuata"
"159536e4-ef2f-4bcf-9848-0e04571087a8"	"obi"	"obi36352"	"henry cowell state park. powder mill trl"	37.0181	-122.041	"united states"	"california"	"santa cruz"	NA	652	"pinaceae"	"pinus"	"attenuata"	NA	"pinus attenuata"
"1677c55c-1546-40b1-8653-9fb57f4ba389"	"cas"	"194154"	"near summit mt. st. helena."	38.6689	-122.632569	"united states"	"california"	"napa county"	NA	NA	"pinaceae"	"pinus"	"attenuata"	NA	"pinus attenuata  lemmon"
"16d7981e-b789-4f6e-b79f-b3723a175d29"	"rsa"	"rsa96875"	"7 mi ne of alder springs on road to willows."	39.6572	-122.5916	"united states"	"california"	"glenn"	NA	7000	"pinaceae"	"pinus"	"attenuata"	NA	"pinus attenuata"
"17fa924b-eb5a-4fb1-834c-f45762e7c0fe"	"ds"	"ds162260"	"mt. st. helena grade 2 miles n. of summit."	38.6661	-122.5938	"united states"	"california"	"napa"	NA	200	"pinaceae"	"pinus"	"attenuata"	NA	"pinus attenuata"
"1882903f-db2e-42de-8d8b-0caccaaf8dec"	"sd"	"sd60195"	"santa cruz mountains, near bonnie doon"	37.0507	-122.1387	"united states"	"california"	"santa cruz"	NA	950	"pinaceae"	"pinus"	"attenuata"	NA	"pinus attenuata"
"18f80efc-4ae1-4fe8-9440-bea92aca13e0"	"hsc"	"hsc50005"	"near monkey creek ridge lookout, close to the town of gasquet"	41.92994444	-123.78075	"united states"	"california"	"del norte"	NA	NA	"pinaceae"	"pinus"	"attenuata"	NA	"pinus attenuata"
"19449511-374f-43d5-ad6d-3e5afcf23abb"	"hsc"	"hsc64643"	"old gasquet toll rd., 0.4 mi. n of patrick creek jct."	41.9115	-123.8515	"united states"	"california"	"del norte"	NA	129	"pinaceae"	"pinus"	"attenuata"	NA	"pinus attenuata"
"19900c51-c63a-41be-95c5-2a0e1f31fd9a"	"sd"	"sd13290"	"santa ana mountains, saddle northwest of sugarloaf peak (pleasants peak), south slope of main ridge, 1.3 mile south of summit of skyline drive"	33.7973	-117.6182	"united states"	"california"	"orange"	NA	1000	"pinaceae"	"pinus"	"attenuata"	NA	"pinus attenuata"
"1a3294ea-e14f-45c1-9fa0-2517a5cd429b"	"uc"	"uc1713694"	"1.3 mi s summit of skyline drive (saddle nw of sugarloaf pk. (pleasants pk.), s slope of main ridge); santa ana mountains"	33.7900174356021	-117.600882425486	"united states"	"california"	"orange"	NA	1650	"pinaceae"	"pinus"	"attenuata"	NA	"pinus attenuata"
"1ab1768e-35ef-4e18-9259-930bb74f6062"	"rsa"	"rsa2616"	"kelseyville"	38.978	-122.8394	"united states"	"california"	"lake"	NA	3274	"pinaceae"	"pinus"	"attenuata"	NA	"pinus attenuata"
"1ac7cec7-f7c4-4c11-870f-43ff4be02aed"	"uc"	"uc118963"	"sherlocks"	37.5516	-120.0002	"united states"	"california"	"mariposa"	NA	1000	"pinaceae"	"pinus"	"attenuata"	NA	"pinus attenuata"
"1b25d3a9-c967-4884-bd45-34b1b924f7a2"	"hsc"	"hsc59172"	"old gasquet toll rd., 0.2 mi. n of s entrance."	41.8475	-123.9582	"united states"	"california"	"del norte"	NA	49	"pinaceae"	"pinus"	"attenuata"	NA	"pinus attenuata"
"1b30ffc0-adf8-4c6e-bc71-483901039f70"	"uc"	"uc1076375"	"by the merced river; el portal"	37.6724	-119.7859	"united states"	"california"	"mariposa"	NA	1500	"pinaceae"	"pinus"	"attenuata"	NA	"pinus attenuata"
"1ba661b7-a925-4e96-b00a-2e3fb8ac712e"	"uc"	"uc718123"	"0.7 mi e of bonnie doon; santa cruz mts."	37.0497606884595	-122.130052179311	"united states"	"california"	"santa cruz"	NA	4943	"pinaceae"	"pinus"	"attenuata"	NA	"pinus attenuata"
"1c613222-0152-4e29-bd39-7c4b9c728794"	"rsa"	"rsa700383"	"mt. gleason"	34.3925	-118.112222222222	"united states"	"california"	"los angeles"	NA	NA	"pinaceae"	"pinus"	"attenuata"	NA	"pinus attenuata"
"1c72965a-4867-4584-af7b-c89bc57ab632"	"rsa"	"rsa808942"	"mendocino national forest rd. 20n71 (ponderosa way). 2.2 mile south (by road) of county rd. 308."	39.5192	-122.6509	"united states"	"california"	"glenn"	NA	2360	"pinaceae"	"pinus"	"attenuata"	NA	"pinus attenuata"
"1e3bc96c-b142-4d44-ade0-b55d91b59048"	"ucsb"	"ucsb48267"	"northwest corner of park; la purisima mission state historic park; 2 km. ne of lompoc city limit"	34.67821	-120.42949	"united states"	"california"	"santa barbara"	NA	NA	"pinaceae"	"pinus"	"attenuata"	NA	"pinus attenuata"
"1e5fbf3d-cf9d-4ef1-9128-8eb3229de674"	"ds"	"ds12483"	"coast ranges, near santa cruz"	36.9723	-122.0337	"united states"	"california"	"santa cruz"	NA	3519	"pinaceae"	"pinus"	"attenuata"	NA	"pinus attenuata"
"1edf5bb2-4a0b-4c37-8400-d14b62eb0e56"	"uc"	"uc303080"	"near bonnie doon"	37.0503	-122.1388	"united states"	"california"	"santa cruz"	NA	1440	"pinaceae"	"pinus"	"attenuata"	NA	"pinus attenuata"
"1f4b5774-ec3e-4af0-bc9f-cc9f907f86c4"	"rsa"	"rsa673605"	"along dirt road that had a sign stating plantation lateral just off verdugo mountainway, along crest of the verdugo\'s."	34.2188330142507	-118.286134657853	"united states"	"california"	"los angeles"	NA	NA	"pinaceae"	"pinus"	"attenuata"	NA	"pinus attenuata"
"204b66b3-02ca-495b-bd9d-7faa16467b90"	"ucd"	"ucd131843"	"lake county: clear lake state park. ne of kelseyville. lower northern slope of mount konocti. south side of park, south of soda bay road. along fork of undeveloped road that goes southeast from glebe road at gate. near southern boundary of park"	38.99681	-122.79839	"united states"	"california"	"lake"	NA	NA	"pinaceae"	"pinus"	"attenuata"	NA	"pinus attenuata"
"21907846-9db0-4b1c-97e1-bda729baa4ad"	"ds"	"ds148796"	"near mccloud at the foot of mt. shasta"	41.2555	-122.139	"united states"	"california"	"siskiyou"	NA	4578	"pinaceae"	"pinus"	"attenuata"	NA	"pinus attenuata"
"21d136d9-dc2b-42a1-b12f-6258ae4c2475"	"jeps"	"jeps102094"	"fort hunter liggett; training area 11, 6.7 km nnw of basket spg., 4.0 km ese of chalk pk., near mckern trail"	35.968	-121.385	"united states"	"california"	"monterey"	NA	1000	"pinaceae"	"pinus"	"attenuata"	NA	"pinus attenuata"
"22067438-1687-45af-86f6-bc2412417902"	"rsa"	"rsa21220"	"siskiyou mountains, high divide."	41.9075	-124.05	"united states"	"california"	"del norte"	NA	NA	"pinaceae"	"pinus"	"attenuata"	NA	"pinus attenuata"
"222a9a84-ebe4-40c3-8828-ef921648c284"	"sbbg"	"sbbg110846"	"santa lucia mtns: ca. 4.5 km sse of chalk peak, ca. 4.5 km nw of basket spring; usfs/ft hunter liggett interface"	35.945463812464	-121.405043788509	"united states"	"california"	"monterey"	NA	1200	"pinaceae"	"pinus"	"attenuata"	NA	"pinus attenuata"
"225aff70-c6c2-4010-b4bd-3bc350ca4518"	"jeps"	"jeps46918"	"250 yd e keen camp ranger sta."	33.6992	-116.7103	"united states"	"california"	"riverside"	NA	1500	"pinaceae"	"pinus"	"attenuata"	NA	"pinus attenuata"
"232721f4-46b1-4d14-9ac0-a1c8f93e9fcc"	"rsa"	"rsa38454"	"cultivated at the institute of forest genetics; placerville"	38.7391	-120.7418	"united states"	"california"	"el dorado"	NA	201	"pinaceae"	"pinus"	"attenuata"	NA	"pinus attenuata"
"2476939b-ba6e-4b29-8ccc-ea86b5982d90"	"jeps"	"jeps46796"	"mt. st. helena"	38.6685	-122.6302	"united states"	"california"	"napa"	NA	3400	"pinaceae"	"pinus"	"attenuata"	NA	"pinus attenuata"
"24961c1b-8490-491e-856a-77692fa69302"	"jeps"	"jeps47900"	"summit of mt. st. helena napa river basin, mt. st. helena"	38.6691	-122.6331	"united states"	"california"	"napa"	NA	300	"pinaceae"	"pinus"	"attenuata"	NA	"pinus attenuata"
"24afcf8a-8d90-4730-b5d7-6f400d68a04b"	"uc"	"uc718127"	"klamath river 0.3 mi below walker creek klamath river"	41.8349	-123.177	"united states"	"california"	"siskiyou"	NA	108	"pinaceae"	"pinus"	"attenuata"	NA	"pinus attenuata"
"24c71dc7-e705-4aa6-a6cd-799eb0fe0baf"	"sjsu"	"sjsu13096"	"el portal, merced river canyon"	37.6774	-119.7809	"united states"	"california"	"mariposa"	NA	1000	"pinaceae"	"pinus"	"attenuata"	NA	"pinus attenuata"
"25cf6eb1-e296-4a59-9a5e-1a2831b9423d"	"uc"	"uc1134140"	"mouth brush creek; eldorado national forest, placerville quadrangle"	38.807455	-120.634335	"united states"	"california"	"el dorado"	NA	2100	"pinaceae"	"pinus"	"attenuata"	NA	"pinus attenuata"
"263ca3bf-dee5-4257-9f6c-a493b12eca3d"	"rsa"	"rsa49587"	"alder springs"	39.6515	-122.7232	"united states"	"california"	"glenn"	NA	2000	"pinaceae"	"pinus"	"attenuata"	NA	"pinus attenuata"
"264d756c-9018-4637-bd0a-1d456ac61091"	"hsc"	"hsc45865"	"along stony creek near gasquet."	41.8655	-123.9505	"united states"	"california"	"del norte"	NA	443	"pinaceae"	"pinus"	"attenuata"	NA	"pinus attenuata"
"284354bb-a7c1-4601-93f9-9c7212330960"	"uc"	"uc1134142"	"1/2 mi sw loganville; tahoe national forest, downieville quadrangle"	39.5630249856918	-120.672760831254	"united states"	"california"	"sierra"	NA	2570	"pinaceae"	"pinus"	"attenuata"	NA	"pinus attenuata"
"28802e5c-b405-4030-8c07-15fbfc76a156"	"ds"	"ds569765"	"vicinity of mt. umunhum."	37.1583333333	-121.9033333333	"united states"	"california"	"santa clara"	NA	NA	"pinaceae"	"pinus"	"attenuata"	NA	"pinus attenuata"
"2af6186c-9553-409c-8e7a-35318fd955de"	"rsa"	"rsa639071"	"west fork seiad creek.: . ."	41.9083492610535	-123.150258538455	"united states"	"california"	"siskiyou"	NA	825	"pinaceae"	"pinus"	"attenuata"	NA	"pinus attenuata"
"2bcd1b14-f7ed-4e40-bbee-ec5a5ad2c90c"	"rsa"	"rsa7667"	"7 miles above calfax on the trukee road. w slope of sierra nevada. alt. 2900 ft."	39.1708	-120.8708	"united states"	"california"	"placer"	NA	1320	"pinaceae"	"pinus"	"attenuata"	NA	"pinus attenuata"
"2d45035c-d297-43b0-aeee-1de3cbdfaa85"	"rsa"	"rsa725929"	"eastern san gabriel mtns.: stockton flat, west fork lytle creek"	34.2969444444444	-117.593333333333	"united states"	"california"	"san bernardino"	NA	NA	"pinaceae"	"pinus"	"attenuata"	NA	"pinus attenuata"
"2d8cf3c2-a174-4e84-a7f2-547e38063cbf"	"uc"	"uc400335"	"coast range santa cruz"	36.97417	-122.02972	"united states"	"california"	"santa cruz"	NA	NA	"pinaceae"	"pinus"	"attenuata"	NA	"pinus attenuata"
"2df43dd7-59a4-4a13-afd9-9f612086b3dc"	"ds"	"ds93303"	"city creek road"	34.1831	-117.168	"united states"	"california"	"san bernardino"	NA	1400	"pinaceae"	"pinus"	"attenuata"	NA	"pinus attenuata"
"2e4dd83d-4b92-4397-aa1b-2b2ab6a4b45e"	"cas"	"95172"	"french hill"	41.8199	-123.984	"united states"	"california"	"del norte county"	NA	NA	"pinaceae"	"pinus"	"attenuata"	NA	"pinus attenuata  lemmon"
"2eccc893-4f14-45f2-8390-dad3ed707134"	"cas"	"196447"	"big creek - trail from finley camp to english lake"	41.3954	-123.0919	"united states"	"california"	"siskiyou county"	NA	NA	"pinaceae"	"pinus"	"attenuata"	NA	"pinus attenuata  lemmon"
"308266f0-c63a-442e-91dd-2ed1f3b0a02a"	"cas"	"cas801407"	"on summit of red mt. north"	39.909	-123.6573	"united states"	"california"	"mendocino"	NA	830	"pinaceae"	"pinus"	"attenuata"	NA	"pinus attenuata"
"32137225-2095-46a5-93a8-a06d7c88578d"	"pom"	"pom215877"	"delta, sacramento river."	40.9443	-122.4262	"united states"	"california"	"shasta"	NA	396	"pinaceae"	"pinus"	"attenuata"	NA	"pinus attenuata"
"32912939-eb5c-4036-9986-fdd167829652"	"rsa"	"rsa118066"	"along ridge between reliz and bear canyons, santa lucia mountains."	36.0673	-121.3231	"united states"	"california"	"monterey"	NA	1690	"pinaceae"	"pinus"	"attenuata"	NA	"pinus attenuata"
"32bb3877-9a60-42ca-9793-500ece189c85"	"uc"	"uc1713794"	"u.c. grounds"	37.8738	-122.2473	"united states"	"california"	"alameda"	NA	1900	"pinaceae"	"pinus"	"attenuata"	NA	"pinus attenuata"
"330c3dc2-b106-48a0-8249-cbd7c572f0da"	"sdsu"	"sdsu18979"	"lockheed-martin facility at northern terminus of empire grade road, on northern end of ben lomond mountain. approximately 7 linear km west of boulder creek."	37.12389	-122.22028	"united states"	"california"	"santa cruz"	NA	NA	"pinaceae"	"pinus"	"attenuata"	NA	"pinus attenuata"
"33976208-9cd1-4dae-a285-6b6a80a29da0"	"ucsb"	"ucsb17298"	"3 mi n of us 101 cummings (on logging road)"	39.8562547002147	-123.643740744378	"united states"	"california"	"mendocino"	NA	343	"pinaceae"	"pinus"	"attenuata"	NA	"pinus attenuata"
"34478ca1-cc34-42e8-b835-a717bb6d7370"	"jeps"	"jeps47899"	"mortaga ridge"	37.8347	-122.1487	"united states"	"california"	"contra costa"	NA	1850	"pinaceae"	"pinus"	"attenuata"	NA	"pinus attenuata"
"345eafa5-0853-4119-9838-520bfbd2f581"	"rsa"	"rsa725631"	"ucsc reserve, under authority of brett hall, manager"	37.0163888888889	-122.076666666667	"united states"	"california"	"santa cruz"	NA	NA	"pinaceae"	"pinus"	"attenuata"	NA	"pinus attenuata"
"34ec24cf-6dc0-4501-8699-12d589457d0d"	"cas"	"779051"	"w of little hot spring valley."	41.2308	-121.4058	"united states"	"california"	"modoc county"	NA	NA	"pinaceae"	"pinus"	"attenuata"	NA	"pinus attenuata  lemmon"
"355316eb-e6a9-444f-adf8-d9b98947dfa6"	"hsc"	"hsc59173"	"old gasquet toll rd. 1.4 mi n of s entrance, bulk collection 212"	41.8425	-123.9467	"united states"	"california"	"del norte"	NA	84	"pinaceae"	"pinus"	"attenuata"	NA	"pinus attenuata"
"3659f89f-1346-4c56-9125-840b7bdcc0e1"	"cas"	"cas801405"	"one mile n. of cummings and hwy. 101 on access road to little red mountain"	39.8465	-123.6509	"united states"	"california"	"mendocino"	NA	700	"pinaceae"	"pinus"	"attenuata"	NA	"pinus attenuata"
"36683dc6-ae0f-4127-8c78-88c5c42eb5da"	"sd"	"sd136364"	"near bonnie doon, santa cruz mountains"	37.0574	-122.1418	"united states"	"california"	"santa cruz"	NA	3937	"pinaceae"	"pinus"	"attenuata"	NA	"pinus attenuata"
"36a8694d-7d3d-4946-8ba0-6415d0538376"	"ds"	"ds105729"	"near abila\'s upper ranch aobve san antonio creek."	36.0497	-121.2984	"united states"	"california"	"monterey"	NA	1550	"pinaceae"	"pinus"	"attenuata"	NA	"pinus attenuata"
"36aed744-dbcc-41fe-b405-94ca316cd63a"	"rsa"	"rsa300959"	"mill creek road 9.2 miles e of jct with east side road (east of ukiah); 14.0 miles w of jct with ca 29 in lakeport on scotts creek road (= mill creek road)."	39.0666666666667	-123.083333333333	"united states"	"california"	"lake"	NA	NA	"pinaceae"	"pinus"	"attenuata"	NA	"pinus attenuata"
"378a40fb-7356-411c-b352-8df4933d984c"	"cas"	"339677"	"klamath river, 3/10 mi. below walker creek"	41.8349	-123.177	"united states"	"california"	"siskiyou county"	NA	NA	"pinaceae"	"pinus"	"attenuata"	NA	"pinus attenuata  lemmon"
"37a8a54e-6914-4ba5-be6d-18753a4ff850"	"cas"	"1121649"	"peninsular range: puerta la cruz road, above indian flats elev. given as 3920ft."	33.3661111111	-116.6752777778	"united states"	"california"	"san diego county"	NA	NA	"pinaceae"	"pinus"	"attenuata"	NA	"pinus attenuata  lemmon"
"37d011e1-7f71-4133-9ba2-676d2ccf2412"	"hsc"	"hsc46075"	"french hill rd., 4.8 mi. from junction with hwy. 199"	41.8283	-123.9605	"united states"	"california"	"del norte"	NA	954	"pinaceae"	"pinus"	"attenuata"	NA	"pinus attenuata"
"37e75c72-7110-48b0-bf26-3725f8fedaf3"	"jeps"	"jeps46916"	"upper crossing to quartz valley; s fork smith river"	41.6046082736982	-122.971936489895	"united states"	"california"	"siskiyou"	NA	2702	"pinaceae"	"pinus"	"attenuata"	NA	"pinus attenuata"
"3843b86f-41c5-4c7e-971e-d0d584e16584"	"jeps"	"jeps47891"	"near cold spring (back of post\'s); santa lucia mts."	36.2727	-121.77	"united states"	"california"	"monterey"	NA	295	"pinaceae"	"pinus"	"attenuata"	NA	"pinus attenuata"
"38556109-96a3-4243-aada-d17d247f0c76"	"uc"	"uc400300"	"mccloud river; head"	41.1851820808059	-121.787905381524	"united states"	"california"	"shasta"	NA	475	"pinaceae"	"pinus"	"attenuata"	NA	"pinus attenuata"
"38a7b438-dca4-421f-8444-07bd5622e22a"	"cas"	"196422"	"hazelview summit on crescent city, grants pass road"	41.9721	-123.7518	"united states"	"california"	"del norte county"	NA	NA	"pinaceae"	"pinus"	"attenuata"	NA	"pinus attenuata  lemmon"
"38b972cf-24e3-49c3-8d3b-84df63e18a91"	"rsa"	"rsa813979"	"northern santa ana mountains: sierra peak"	33.85	-117.654	"united states"	"california"	"orange"	NA	800	"pinaceae"	"pinus"	"attenuata"	NA	"pinus attenuata"
"38d076cf-33bc-476c-8bde-2ce8181a6781"	"ucsb"	"ucsb52659"	"san bernardino national forest; along city creek road"	34.1951	-117.1489	"united states"	"california"	"san bernardino"	NA	750	"pinaceae"	"pinus"	"attenuata"	NA	"pinus attenuata"
"39672478-4daf-4e34-9e10-bf0fa42cfb38"	"uc"	"uc70574"	"near kingsley"	37.6981	-119.9821	"united states"	"california"	"mariposa"	NA	600	"pinaceae"	"pinus"	"attenuata"	NA	"pinus attenuata"
"39cc0ab5-f12f-40f3-a9ee-3f5ba5f958fc"	"uc"	"uc766769"	"e side of mt. st. helena mt. st. helena"	38.6634	-122.6084	"united states"	"california"	"napa"	NA	2200	"pinaceae"	"pinus"	"attenuata"	NA	"pinus attenuata"
"3acc1025-174b-498c-871c-fb204f17c330"	"uc"	"uc440214"	"8 m sw holy city; santa cruz mts."	37.11667	-121.9	"united states"	"california"	"santa clara"	NA	NA	"pinaceae"	"pinus"	"attenuata"	NA	"pinus attenuata"
"3b00c458-97bf-4450-827d-f69a6dedba42"	"ym-yose"	"ym-yose231800"	"yosemite national park: vicinity foresta, along foresta road 0.7 road miles southwest of the junction with highway 120"	37	-119	"united states"	"california"	"mariposa"	NA	NA	"pinaceae"	"pinus"	"attenuata"	NA	"pinus attenuata"
"3b3d9132-e07c-4685-af34-d2453362cb99"	"rsa"	"rsa126257"	"ridge between upper reaches of china creek and blind horse creek."	41.0562615512204	-123.081848195346	"united states"	"california"	"siskiyou"	NA	3233	"pinaceae"	"pinus"	"attenuata"	NA	"pinus attenuata"
"3b4c4dbf-32f1-4fde-9924-dbd76b5659db"	"dbg"	"khd00000175"	"plants of the washington park arboretum. location: 15 e side of nursery"	47.635654	-122.296237	"united states"	"washington"	NA	NA	1389	"pinaceae"	"pinus"	"attenuata"	NA	"pinus attenuata"
"3baded88-a939-453a-86c5-428b357bdf83"	"jeps"	"jeps46793"	"trail to trinity summit from hupa valley"	41.0807	-123.4834	"united states"	"california"	"humboldt"	NA	1847	"pinaceae"	"pinus"	"attenuata"	NA	"pinus attenuata"
"3c0b595f-0b41-4943-8cb2-79cce79fa524"	"rsa"	"rsa82880"	"about 2 miles below (east of) alder springs."	39.6328	-122.6955	"united states"	"california"	"glenn"	NA	3500	"pinaceae"	"pinus"	"attenuata"	NA	"pinus attenuata"
"3c867618-207e-47aa-a6f6-1c7d348e7eed"	"cda"	"cda28761"	"north coast ranges w lakeport. rt 175."	38.9827777777778	-122.969444444444	"united states"	"california"	"lake"	NA	NA	"pinaceae"	"pinus"	"attenuata"	NA	"pinus attenuata"
"3d46bb5d-1636-44c7-88f5-39497283857c"	"uc"	"uc1191116"	"canyon above greyhound rock; ano nueva point"	37.1079	-122.2377	"united states"	"california"	"santa cruz"	NA	3945	"pinaceae"	"pinus"	"attenuata"	NA	"pinus attenuata"
"3fc17071-d6f1-4622-9e96-980c36e33c01"	"cas"	"cas511035"	"yost canyon on the northeast side of hames valley."	35.9455	-120.9582	"united states"	"california"	"monterey"	NA	2515	"pinaceae"	"pinus"	"attenuata"	NA	"pinus attenuata"
"415773f4-18f0-4bfe-863a-825bb23cc524"	"cas"	"569765"	"vicinity of mt. umunhum."	37.1583333333	-121.9033333333	"united states"	"california"	"santa clara county"	NA	NA	"pinaceae"	"pinus"	"attenuata"	NA	"pinus attenuata  lemmon"
"430cd68c-8623-4eb5-a438-7033d643d287"	"ucr"	"ucr172662"	"northern sierra nevada foothills el dorado national forest, along volcanoville road, 7.7 mi n of wentworth springs road (ne of georgetown)"	38.98111	-120.79222	"united states"	"california"	"el dorado"	NA	1000	"pinaceae"	"pinus"	"attenuata"	NA	"pinus attenuata"
"45c17b08-4f27-487b-b2b0-eb60d53428ba"	"ny"	"1186109"	"""white post turn"" on rt. 74, to the e. side of the road and nw part of the turn, about 3.9 mi w. of the intersection with rt. 243, san bernadino national forest"	33.70239	-116.77	"united states"	"california"	"riverside co."	NA	NA	"pinaceae"	"pinus"	"attenuata"	NA	"pinus attenuata lemmon"
"4657e894-885d-4d08-8aa9-3ab7fa1a2c1a"	"ds"	"ds200538"	"near summit mt. st. helena."	38.6689	-122.632569	"united states"	"california"	"napa"	NA	275	"pinaceae"	"pinus"	"attenuata"	NA	"pinus attenuata"
"46efcca0-2f37-4154-a79e-7832ed9a969e"	"hsc"	"hsc41332"	"horse mtn."	40.8739	-123.7336	"united states"	"california"	"humboldt"	NA	1308	"pinaceae"	"pinus"	"attenuata"	NA	"pinus attenuata"
"4741008b-29e5-4561-9ab7-e067d883bed0"	"rsa"	"rsa384287"	"near snow canyon, kings river."	37.6016	-119.092	"united states"	"california"	"fresno"	NA	1651	"pinaceae"	"pinus"	"attenuata"	NA	"pinus attenuata"
"476dc47c-f9ea-4e9e-a027-9446b5637b43"	"sdsu"	"sdsu1564"	"15.8 miles north from upper lake ranger station, mendocino nat. forest."	39.282	-122.8808	"united states"	"california"	"lake"	NA	1000	"pinaceae"	"pinus"	"attenuata"	NA	"pinus attenuata"
"47943092-79f8-4ad1-adea-a94d57c11d28"	"cas"	"95170"	"gasquet mountain"	41.877	-123.9938	"united states"	"california"	"del norte county"	NA	NA	"pinaceae"	"pinus"	"attenuata"	NA	"pinus attenuata  lemmon"
"480d65e7-41ad-4de6-8b19-7cff3a618557"	"rsa"	"rsa40896"	"one mile ne of timbered butte, modoc lava fields, on old stage road from dane to little hot springs valley."	41.1734	-121.5088	"united states"	"california"	"siskiyou"	NA	235	"pinaceae"	"pinus"	"attenuata"	NA	"pinus attenuata"
"481122d2-5a30-44d0-8a04-0c5bac6898f3"	"rsa"	"rsa1660"	"modoc lava beds; 1 mile w of timbered butte, on old road from c. w. hill farm to little hot springs valley."	41.1734	-121.5088	"united states"	"california"	"siskiyou"	NA	235	"pinaceae"	"pinus"	"attenuata"	NA	"pinus attenuata"
"4824bf43-8545-4a6b-a8da-7ed2481ffb8f"	"ds"	"ds569767"	"along martin\'s road, 0.8 miles east of bonny doon school, which is at intersection of martin\'s road and pine flat road."	37.0568	-122.1388	"united states"	"california"	"santa cruz"	NA	813	"pinaceae"	"pinus"	"attenuata"	NA	"pinus attenuata"
"495288c5-eca0-41d1-9b3d-26009acf4b6a"	"ucr"	"ucr138902"	"san gabriel mtns. w side of n fork san gabriel river, near mouth"	34.2456	-117.8675	"united states"	"california"	"los angeles"	NA	500	"pinaceae"	"pinus"	"attenuata"	NA	"pinus attenuata"
"49e4a429-6bf9-48ea-b7d9-9019b6693396"	"hsc"	"hsc41926"	"walker ridge rd."	39.0491	-122.469	"united states"	"california"	"lake"	NA	3246	"pinaceae"	"pinus"	"attenuata"	NA	"pinus attenuata"
"4a29dcad-8399-41c8-ae90-59e0e2f2773f"	"ds"	"ds164960"	"base of snow mt."	39.3835	-122.769	"united states"	"california"	"lake"	NA	2500	"pinaceae"	"pinus"	"attenuata"	NA	"pinus attenuata"
"4c552c22-b36c-4c6a-b18f-a17a061acab0"	"pom"	"pom299043"	"near summit of cayenne ridge, marble mountain."	41.6232	-123.1973	"united states"	"california"	"siskiyou"	NA	709	"pinaceae"	"pinus"	"attenuata"	NA	"pinus attenuata"
"4c716f0e-aa64-4500-9d76-d10b29393d77"	"uc"	"uc1134138"	"1 mi w cave point; mt. diablo quad."	37.84111	-121.89912	"united states"	"california"	"contra costa"	NA	NA	"pinaceae"	"pinus"	"attenuata"	NA	"pinus attenuata"
"4d61e0c2-d8d5-4112-8dc7-02a70133c9bd"	"asu"	"asu0000172"	"main ridge ca. 4 miles ne of bnsenada."	31.9333	-116.567	"mexico"	"baja california"	NA	NA	NA	"pinaceae"	"pinus"	"attenuata"	NA	"pinus attenuata"
"4dc8662e-0ab8-4048-9f6d-68124cdfab9b"	"ucsb"	"ucsb41928"	"grassy flats campground, hwy 199, six rivers national forest"	41.8564	-123.8885	"united states"	"california"	"del norte"	NA	250	"pinaceae"	"pinus"	"attenuata"	NA	"pinus attenuata"
"4e4fa171-d2b8-42a2-b87f-1d71372c4a60"	"cas"	"cas95172"	"french hill"	41.8199	-123.984	"united states"	"california"	"del norte"	NA	640	"pinaceae"	"pinus"	"attenuata"	NA	"pinus attenuata"
"4e6efb9a-0e7a-4aa3-a778-a9aeb9ffcbf2"	"des"	"des00015221"	"1 miles southwest of camp 6 l.o., slopes of lower coon mountain, six rivers national forest"	41.835725	-123.8971549	"united states"	"california"	"del norte"	NA	10000	"pinaceae"	"pinus"	"attenuata"	NA	"pinus attenuata"
"4e7e5b72-3873-4cfd-9bc7-eb3a656730ea"	"cas"	"cas1152061"	"mendocino national forest rd. 20n71 (ponderosa way). 2.2 miles south (by road) of county rd. 308"	39.5192	-122.6509	"united states"	"california"	"glenn"	NA	2360	"pinaceae"	"pinus"	"attenuata"	NA	"pinus attenuata"
"4f831a1f-eea9-43ff-8fbf-baa37885bc51"	"chsc"	"chsc32747"	"both sides of rd 21n80, ca. 1 mi nw of its jct with zink rd, ca. 1.5 air mi nw of big bald rock, ca. 2 air mi e of lake madrone"	39.6602777777778	-121.371944444444	"united states"	"california"	"butte"	NA	825	"pinaceae"	"pinus"	"attenuata"	NA	"pinus attenuata"
"4fbc9e5c-6109-4b95-b86f-5f6295335b46"	"des"	"des00039316"	"clearly reserves, 7.2 miles nw of pope valley."	38.678363	-122.532876	"united states"	"california"	"napa"	NA	10000	"pinaceae"	"pinus"	"attenuata"	NA	"pinus attenuata"
"4fc10ee0-4cdd-4227-b51e-2859a41122c9"	"sd"	"sd136371"	"northeast of sugarloaf peak, along main street, santa ana mountains"	33.7967	-117.6081	"united states"	"california"	"orange"	NA	1000	"pinaceae"	"pinus"	"attenuata"	NA	"pinus attenuata"
"4fcc0293-a6a3-49b9-ac1c-bf1b40e528e4"	"rsa"	"rsa246816"	"along old gasquet toll road, c. 6 mi ene of gasquet"	41.8635	-123.8917	"united states"	"california"	"del norte"	NA	160	"pinaceae"	"pinus"	"attenuata"	NA	"pinus attenuata"
"50210274-5d45-46fc-a64f-7700266bae87"	"ucsb"	"ucsb27034"	"500 feet above alder springs road, 7.5 miles west of junction with elk creek to paskenta road, northwest of willows"	39.6554789808861	-122.579105782659	"united states"	"california"	"glenn"	NA	2077	"pinaceae"	"pinus"	"attenuata"	NA	"pinus attenuata"
"5041bcba-069f-4e07-89d3-a27db26c32ba"	"cas"	"801408"	"red mt. campground, red mt. south gs. 2500 feet and higher; 853.5 m."	39.0815	-123.0947	"united states"	"california"	"mendocino county"	NA	NA	"pinaceae"	"pinus"	"attenuata"	NA	"pinus attenuata  lemmon"
"506f2e93-cac9-450b-a04a-af29077b2c31"	"chsc"	"chsc43331"	"near you bet, south-east of grass valley"	39.2094444444445	-120.899166666667	"united states"	"california"	"nevada"	NA	1650	"pinaceae"	"pinus"	"attenuata"	NA	"pinus attenuata"
"51089e35-7954-4a89-adfb-f49b1200f1f5"	"obi"	"obi6107"	"s slope of main ridge, saddle nw of sugarload pk (pleasants pk) 1-3/10 mi s of summit of skyline dr, santa ana mts"	33.7900174356021	-117.600882425486	"united states"	"california"	"orange"	NA	1650	"pinaceae"	"pinus"	"attenuata"	NA	"pinus attenuata"
"51550016-0704-419d-944b-e5dfda0311f1"	"ds"	"ds215489"	"seiad valley, post office, forks of seiad creek"	41.8422	-123.1965	"united states"	"california"	"siskiyou"	NA	34	"pinaceae"	"pinus"	"attenuata"	NA	"pinus attenuata"
"51937da8-820d-4992-bda1-3d55a9110c0c"	"rsa"	"rsa982"	"near big basin, santa cruz mts."	37.1689	-122.2208	"united states"	"california"	"santa cruz"	NA	10000	"pinaceae"	"pinus"	"attenuata"	NA	"pinus attenuata"
"523cd0ad-3656-4cda-baa6-a859941dfebe"	"uc"	"uc401410"	"head of russian creek russian creek"	41.325720148773	-123.060900304676	"united states"	"california"	"siskiyou"	NA	1151	"pinaceae"	"pinus"	"attenuata"	NA	"pinus attenuata"
"52583a77-491b-4451-b987-ca13faa4fbbb"	"sd"	"sd51330"	"15.8 miles north from upper lake ranger station on road into mendocino national forest"	39.282	-122.8808	"united states"	"california"	"lake"	NA	1000	"pinaceae"	"pinus"	"attenuata"	NA	"pinus attenuata"
"52f60d83-0fab-4c72-bd83-85012ae41504"	"rsa"	"rsa682710"	"eagle rock, across from eagle rock lookout station."	37.1477	-122.1948	"united states"	"california"	"santa cruz"	NA	898	"pinaceae"	"pinus"	"attenuata"	NA	"pinus attenuata"
"5419a840-fbf3-4399-869a-77219f5afaf8"	"cas"	"511034"	"above johnson dam - [hood's] hoods peak"	38.459304	-122.563582	"united states"	"california"	"sonoma county"	NA	NA	"pinaceae"	"pinus"	"attenuata"	NA	"pinus attenuata  lemmon"
"54d26cc8-e32a-4940-b349-c46f33f05f80"	"ds"	"ds13296"	"monterey peninsula - carmel-by-the-sea"	36.6339	-121.9383	"united states"	"california"	"monterey"	NA	265	"pinaceae"	"pinus"	"attenuata"	NA	"pinus attenuata"
"562d274c-687c-4635-b0d5-67ec68466151"	"rsa"	"rsa336446"	"san bernardino national forest: along city creek road."	34.1951	-117.1489	"united states"	"california"	"san bernardino"	NA	750	"pinaceae"	"pinus"	"attenuata"	NA	"pinus attenuata"
"56b9888f-a38f-4ac8-b2b8-878146b078f7"	"pgm"	"pgm6421"	"arroyo seco rd summit - betw arroyo seco camp & escondido camp - santa lucia mountains"	36.1486	-121.4914	"united states"	"california"	"monterey"	NA	654	"pinaceae"	"pinus"	"attenuata"	NA	"pinus attenuata"
"578a43ef-a097-49bb-9c34-d8cb761a7900"	"rsa"	"rsa176212"	"in rockland on recent lava flow ca. 1 1/2 miles s of gassaway reservoir."	41.2181	-121.4403	"united states"	"california"	"modoc"	NA	10000	"pinaceae"	"pinus"	"attenuata"	NA	"pinus attenuata"
"57abf1b7-3092-46c1-b03f-b73dae3d9e65"	"cas"	"cas511033"	"summit, pine flat rd."	38.736159	-122.762093	"united states"	"california"	"sonoma"	NA	1200	"pinaceae"	"pinus"	"attenuata"	NA	"pinus attenuata"
"57d2b959-1cf9-4670-952c-ce5e4931f697"	"pom"	"pom6962"	"san bernardino mountains. city creek road."	34.1831	-117.168	"united states"	"california"	"san bernardino"	NA	1400	"pinaceae"	"pinus"	"attenuata"	NA	"pinus attenuata"
"57f17bcb-26f6-4b60-8d4d-8e1119ef485c"	"cas"	"cas779051"	"w of little hot spring valley."	41.2308	-121.4058	"united states"	"california"	"modoc"	NA	NA	"pinaceae"	"pinus"	"attenuata"	NA	"pinus attenuata"
"582ced78-42b7-4d82-acf6-6bb0831e1970"	"rsa"	"rsa5314"	"2 mi. so. of summit of skyline drive on road along ridge to santiago peak. santa ana mts. altitude 3500-4000 ft."	33.809	-117.6239	"united states"	"california"	"orange"	NA	2000	"pinaceae"	"pinus"	"attenuata"	NA	"pinus attenuata"
"58428e3b-7e96-4ea7-9be9-6c80fc700f96"	"jeps"	"jeps47893"	"e lower slope of red mt. red mt. (n mendocino co.)"	39.921192792714	-123.624213251337	"united states"	"california"	"mendocino"	NA	9423	"pinaceae"	"pinus"	"attenuata"	NA	"pinus attenuata"
"596d91e0-dfbe-42a3-a1a1-b293cf15b6d0"	"ucsb"	"ucsb42"	"50 ft from top of la cumbre peak"	34.4945	-119.713	"united states"	"california"	"santa barbara"	NA	1000	"pinaceae"	"pinus"	"attenuata"	NA	"pinus attenuata"
"59d0c155-b5ea-4731-80ca-a1762c55f89f"	"uc"	"uc1713791"	"sherlocks"	37.5516	-120.0002	"united states"	"california"	"mariposa"	NA	1000	"pinaceae"	"pinus"	"attenuata"	NA	"pinus attenuata"
"5a186e47-c57b-4684-9ea5-15a632a106b7"	"ds"	"ds387355"	"near ben lomond. sand hills ne of felton."	37.0783478544271	-122.069474533878	"united states"	"california"	"santa cruz"	NA	2106	"pinaceae"	"pinus"	"attenuata"	NA	"pinus attenuata"
"5a6eb7c0-63f5-444d-a533-08ccea010ccc"	"hsc"	"hsc40747"	"1.0 mi sw of camp 6 l.o., slopes of lower coon mtn."	41.8203	-123.9	"united states"	"california"	"del norte"	NA	250	"pinaceae"	"pinus"	"attenuata"	NA	"pinus attenuata"
"5ad93ae0-cdda-48e2-8f5b-007325e911c2"	"hsc"	"hsc53749"	"near bald hill, close to the town of crescent city."	41.75522222	-124.0205833	"united states"	"california"	"del norte"	NA	NA	"pinaceae"	"pinus"	"attenuata"	NA	"pinus attenuata"
"5b274c95-1ca0-464e-9596-317ea5fe245a"	"ds"	"ds182381"	"north fork smith river, near stone corral ranger station"	41.9332	-124.0183	"united states"	"california"	"del norte"	NA	210	"pinaceae"	"pinus"	"attenuata"	NA	"pinus attenuata"
"5c9a85b4-9cc2-4c45-9c4e-a5766461d05d"	"ucsb"	"ucsb27699"	"road to south yolla bolly mtn., 33.7 mi. west of red bluff"	40.045	-122.6845	"united states"	"california"	"tehama"	NA	1600	"pinaceae"	"pinus"	"attenuata"	NA	"pinus attenuata"
"5cf0382a-2171-497e-89d5-f571c7b150a1"	"cas"	"cas578916"	"near french meadows"	39.1594	-120.3928	"united states"	"california"	"placer"	NA	1831	"pinaceae"	"pinus"	"attenuata"	NA	"pinus attenuata"
"5cf3b6cc-3e17-406a-9c75-8cf7d94eab5a"	"ds"	"ds105015"	"san bernardino mountains - city creek road"	34.1831	-117.168	"united states"	"california"	"san bernardino"	NA	1400	"pinaceae"	"pinus"	"attenuata"	NA	"pinus attenuata"
"5d8eb9a2-6bb6-455c-9027-aef6c17904dc"	"cas"	"cas247288"	"red mt., n. mendocino co."	39.9272558555419	-123.659443612442	"united states"	"california"	"mendocino"	NA	4951	"pinaceae"	"pinus"	"attenuata"	NA	"pinus attenuata"
"5fba2175-ff54-4025-86ee-b3e832cc5c18"	"uc"	"uc1193187"	"0.25 mi n of junction between highway 101 and <?> spyrock road; quad. 44a4"	39.7988457096303	-123.537995285439	"united states"	"california"	"mendocino"	NA	607	"pinaceae"	"pinus"	"attenuata"	NA	"pinus attenuata"
"6049c009-72d8-4c85-bd40-688eefeac6e7"	"cas"	"95173"	"sisson"	41.3102	-122.3244	"united states"	"california"	"siskiyou county"	NA	NA	"pinaceae"	"pinus"	"attenuata"	NA	"pinus attenuata  lemmon"
"6052a78b-b85c-4dec-9731-41ff6dccd220"	"cas"	"138267"	"middle fork of smith river to adams station"	41.8451	-123.9799	"united states"	"california"	"del norte county"	NA	NA	"pinaceae"	"pinus"	"attenuata"	NA	"pinus attenuata  lemmon"
"6060ae3c-5486-4034-ae75-c5659621a00e"	"cas"	"cas1145968"	"[sherlocks] sherlock"	37.5516	-120.0002	"united states"	"california"	"mariposa"	NA	1000	"pinaceae"	"pinus"	"attenuata"	NA	"pinus attenuata"
"61af8d65-7148-48cc-b9bd-640ad6abbd5b"	"cas"	"200538"	"near summit mt. st. helena."	38.6689	-122.632569	"united states"	"california"	"napa county"	NA	NA	"pinaceae"	"pinus"	"attenuata"	NA	"pinus attenuata  lemmon"
"61f7899f-a1fc-45dc-8ca8-f329c698012a"	"cas"	"497298"	"main ridge ca. 4 miles ne of ensenada"	31.9333333333	-116.5666666667	"mexico"	"baja california"	NA	NA	NA	"pinaceae"	"pinus"	"attenuata"	NA	"pinus attenuata  lemmon"
"62fa51ea-dbfc-4b01-bedf-44ad3e0f91f8"	"hsc"	"hsc70580"	"near somes mtn."	41.32	-123.4655556	"united states"	"california"	"humboldt"	NA	NA	"pinaceae"	"pinus"	"attenuata"	NA	"pinus attenuata"
"63b8c6fb-1df1-4e12-998f-4fd72d3caef8"	"jeps"	"jeps47895"	"mt. diablo mt. diablo (rocky ridge in chaparral)"	37.8749	-121.9503	"united states"	"california"	"contra costa"	NA	8400	"pinaceae"	"pinus"	"attenuata"	NA	"pinus attenuata"
"6431928e-f19a-4596-9f65-d91c33819c34"	"rsa"	"rsa175269"	"trabuco district, santa ana mts., cleveland national forest."	33.7966	-117.6117	"united states"	"california"	"orange"	NA	4000	"pinaceae"	"pinus"	"attenuata"	NA	"pinus attenuata"
"648766de-6472-49a9-98b7-34e248ea88a0"	"cas"	"cas394020"	"along ridge between reliz and bear canyons, santa lucia mts."	36.0673	-121.3231	"united states"	"california"	"monterey"	NA	1690	"pinaceae"	"pinus"	"attenuata"	NA	"pinus attenuata"
"65f37fab-d601-478a-9b71-0722666bd351"	"ny"	"42679"	"ucsc campus, adjacent to ""natural area"" at n edge of campus"	36.92	-122.17	"united states"	"california"	"santa cruz co."	NA	NA	"pinaceae"	"pinus"	"attenuata"	NA	"pinus attenuata lemmon"
"66625d2f-054e-4b91-a533-fb781effcc84"	"rsa"	"rsa658942"	"mt. baldy road 1.7 miles from the intersection of mills ave. adn mt. baldy rd. north side of the road."	34.1541	-117.6861	"united states"	"california"	"los angeles"	NA	500	"pinaceae"	"pinus"	"attenuata"	NA	"pinus attenuata"
"67431f92-11ff-439e-8959-97af2707fe51"	"ds"	"ds241470"	"n.e. of sugarloaf peak (plesants pk.), along main st. trail, santa ana mts."	33.7900174356021	-117.600882425486	"united states"	"california"	"orange"	NA	1650	"pinaceae"	"pinus"	"attenuata"	NA	"pinus attenuata"
"678ee3d0-2697-488b-9c36-e4c9be104694"	"rsa"	"rsa15670"	"mt. st. helena 1 mile beyond summit on road to middletown."	38.6611	-122.5985	"united states"	"california"	"napa"	NA	200	"pinaceae"	"pinus"	"attenuata"	NA	"pinus attenuata"
"67db6cf1-e5a8-4ab8-8b4e-20bf2e7028a7"	"hsc"	"hsc46080"	"2.7 mi. from junction with hwy. 199 on french hill rd."	41.8266	-124.0016	"united states"	"california"	"del norte"	NA	250	"pinaceae"	"pinus"	"attenuata"	NA	"pinus attenuata"
"68b09e61-4116-4580-86ab-90a05a6453c6"	"uc"	"uc338321"	"berkeley"	37.87167	-122.27167	"united states"	"california"	"alameda"	NA	NA	"pinaceae"	"pinus"	"attenuata"	NA	"pinus attenuata"
"691f3a8b-189a-47a2-aa8d-301813c77211"	"cas"	"340697"	"north coast range, 8 mi. e. of hoopa valley on new road towards trinity summit"	41.0906	-123.6269	"united states"	"california"	"humboldt county"	NA	NA	"pinaceae"	"pinus"	"attenuata"	NA	"pinus attenuata  lemmon"
"6955242a-980b-46b1-90f9-3da5f4f98bb2"	"uc"	"uc618592"	"below wagon camp (s and se slopes); mount shasta"	41.3253762572659	-122.214599147882	"united states"	"california"	"siskiyou"	NA	178	"pinaceae"	"pinus"	"attenuata"	NA	"pinus attenuata"
"6a33bbfc-00e2-4192-a193-73ed4e7f61c4"	"cas"	"148796"	"near mccloud at the foot of mt. shasta"	41.2555	-122.139	"united states"	"california"	"siskiyou county"	NA	NA	"pinaceae"	"pinus"	"attenuata"	NA	"pinus attenuata  lemmon"
"6a34d9e6-0207-490b-98f4-51b3e120a46a"	"rsa"	"rsa237210"	"near high ridge nw of horse range lake. salmon mtns. high lake basins in the vicinity of english peak. marble mountain wilderness area."	41.4323549270775	-123.209958038679	"united states"	"california"	"siskiyou"	NA	1498	"pinaceae"	"pinus"	"attenuata"	NA	"pinus attenuata"
"6a5ab7d2-fbfb-4f13-ae31-f0bd09ed4e9a"	"pom"	"pom21739"	"san leandro canyon [label data illegible]"	37.7688	-122.1106	"united states"	"california"	"alameda"	NA	5000	"pinaceae"	"pinus"	"attenuata"	NA	"pinus attenuata"
"6cfbe846-8599-4c63-bfdf-1d077cf6dbc7"	"ucd"	"ucd83837"	"lake county: southern part of cache creek wilderness area. area is accessed via morgan valley road and eastern forks of rocky creek road. permission granted to use private road to get to wilderness boundary"	38.93236	-122.46786	"united states"	"california"	"lake"	NA	NA	"pinaceae"	"pinus"	"attenuata"	NA	"pinus attenuata"
"6e6662f9-b5c5-4ed0-8e73-6e44306f70d7"	"ds"	"ds409657"	"ridge betw. upper reaches of china creek and blind horse creek"	41.0562198890394	-123.081836670829	"united states"	"california"	"siskiyou"	NA	3233	"pinaceae"	"pinus"	"attenuata"	NA	"pinus attenuata"
"6f315678-fe77-4f50-a3e0-ae288a07be98"	"rsa"	"rsa640322"	"san gabriel mountains: san antonio canyon."	34.2028	-117.6752	"united states"	"california"	"los angeles"	NA	600	"pinaceae"	"pinus"	"attenuata"	NA	"pinus attenuata"
"6fb0ad52-b60e-4ddb-9883-ea1d501fa5b9"	"rsa"	"rsa27567"	"along mariposa-el portal road, 10 miles from mariposa."	37.5917	-119.9652	"united states"	"california"	"mariposa"	NA	1500	"pinaceae"	"pinus"	"attenuata"	NA	"pinus attenuata"
"7058d2ea-278b-4765-8337-c6d6a80c7f4a"	"cas"	"177622"	"mt. st. helena"	38.668465	-122.630209	"united states"	"california"	"napa county"	NA	NA	"pinaceae"	"pinus"	"attenuata"	NA	"pinus attenuata  lemmon"
"712b88d5-adce-4430-96bc-d987f8ecc0bb"	"rsa"	"rsa709384"	"peninsular range: puerta la cruz road, above indian flats."	33.3661111111111	-116.675277777778	"united states"	"california"	"san diego"	NA	NA	"pinaceae"	"pinus"	"attenuata"	NA	"pinus attenuata"
"7239039e-5fd6-426f-8bb4-9d5da6957c5a"	"ny"	"951525"	"north side of alder springs road (rt. 162), about 11.4 miles w of the intersection with road 306, mendocino national forest"	39.6761	-122.6992	"united states"	"california"	"glenn co."	NA	NA	"pinaceae"	"pinus"	"attenuata"	NA	"pinus attenuata lemmon"
"7340e1e7-e518-4cef-95e1-6a5449d84614"	"cas"	"cas315027"	"[moroga] moraga ridge"	37.8275	-122.1546	"united states"	"california"	"alameda"	NA	1800	"pinaceae"	"pinus"	"attenuata"	NA	"pinus attenuata"
"735a3e69-b994-4fb4-a095-8bd023ce99de"	"ds"	"ds200750"	"moraga pass"	37.8352	-122.1857	"united states"	"california"	"alameda"	NA	750	"pinaceae"	"pinus"	"attenuata"	NA	"pinus attenuata"
"73a05963-0de9-4095-a9cb-60a26c2f4ced"	"uc"	"uc705871"	"near summit of cayenne ridge marble mountain, cayenne ridge"	41.6245433379449	-123.193088229745	"united states"	"california"	"siskiyou"	NA	3725	"pinaceae"	"pinus"	"attenuata"	NA	"pinus attenuata"
"73b697ca-6e23-475a-a244-578d9f6f98a3"	"rsa"	"rsa759628"	"\'white post turn\' on rt. 74, to the e. side of the road and nw part of the turn, about 3.9mi w. of the intersection with rt. 243. san bernardino national forest."	33.70238227701	-116.771217356627	"united states"	"california"	"riverside"	NA	NA	"pinaceae"	"pinus"	"attenuata"	NA	"pinus attenuata"
"74f6a369-d7b3-4245-851a-e922047a4f32"	"cas"	"cas863020"	"along lumpkin road, about 1.5 miles north-east of forbestown road"	39.5247222222	-121.3408333333	"united states"	"california"	"butte"	NA	1650	"pinaceae"	"pinus"	"attenuata"	NA	"pinus attenuata"
"761cb131-ead3-4fad-8a00-1e4806928fb1"	"ny"	"1186110"	"""white post turn"" on rt. 74, to the e. side of the road and nw part of the turn, about 3.9 mi w. of the intersection with rt. 243, san bernadino national forest"	33.70239	-116.77	"united states"	"california"	"riverside co."	NA	NA	"pinaceae"	"pinus"	"attenuata"	NA	"pinus attenuata lemmon"
"76b2f639-c899-410e-a7fb-d927954cee31"	"uc"	"uc54248"	"head mccloud river; sierra nevada mountains, ne shasta county, mccloud river"	41.1851770807265	-121.787915381683	"united states"	"california"	"shasta"	NA	475	"pinaceae"	"pinus"	"attenuata"	NA	"pinus attenuata"
"76c6f224-714a-435e-b186-3e0478a0679e"	"rsa"	"rsa29903"	"siskiyou mountains: west fork seiad creek. (mt. diablo mer.)"	41.9214	-123.1569	"united states"	"california"	"siskiyou"	NA	210	"pinaceae"	"pinus"	"attenuata"	NA	"pinus attenuata"
"77510e7b-fb7d-45f0-b29e-451bc33d05fe"	"chsc"	"chsc27324"	"whiskeytown lake along hwy 299, 2 mi w of park headquarters off main road on dirt road"	40.6269444444444	-122.535	"united states"	"california"	"shasta"	NA	825	"pinaceae"	"pinus"	"attenuata"	NA	"pinus attenuata"
"77b02aa2-1325-48fa-9309-d9da8841cca0"	"pgm"	"pgm1707"	"lockwood-san ardo rd - @ summit - santa lucia mountains"	35.9867	-121.015	"united states"	"california"	"monterey"	NA	2120	"pinaceae"	"pinus"	"attenuata"	NA	"pinus attenuata"
"77b0dcb5-d232-40f5-9f2d-c8ad7f617c3f"	"uc"	"uc400301"	"etna mills"	41.4569420747509	-122.89365397434	"united states"	"california"	"siskiyou"	NA	2075	"pinaceae"	"pinus"	"attenuata"	NA	"pinus attenuata"
"78909dc6-3342-427e-8fe8-090aeb3c7784"	"hsc"	"hsc59174"	"old gasquet toll rd. 13.5 mi n of s entrance at patrick creek, at old ranch ponds, bulk collection 215"	41.9145	-123.8553	"united states"	"california"	"del norte"	NA	125	"pinaceae"	"pinus"	"attenuata"	NA	"pinus attenuata"
"7a34c834-b442-4e86-a88f-639c5b595aa9"	"cas"	"511033"	"summit, pine flat rd."	38.736159	-122.762093	"united states"	"california"	"sonoma county"	NA	NA	"pinaceae"	"pinus"	"attenuata"	NA	"pinus attenuata  lemmon"
"7a6ec506-1a8a-4af2-85da-a65939093c53"	"cas"	"1195953"	"cleveland national forest. off long canyon road (forest service road 6s05). near entrance to falcon group camp"	33.6577777778	-117.4511111111	"united states"	"california"	"orange county"	NA	NA	"pinaceae"	"pinus"	"attenuata"	NA	"pinus attenuata  lemmon"
"7c0be283-0ac1-4deb-bfdf-850dc9d70c8c"	"ds"	"ds61204"	"[sherlocks] sherlock"	37.5516	-120.0002	"united states"	"california"	"mariposa"	NA	1000	"pinaceae"	"pinus"	"attenuata"	NA	"pinus attenuata"
"7cca2e65-9991-4f52-8f86-0d62edeaf495"	"rsa"	"rsa254812"	"in the roberts lake area of eden valley n of eden valley ranch. growing in woodland e of roberts lake."	39.6461	-123.1876	"united states"	"california"	"mendocino"	NA	600	"pinaceae"	"pinus"	"attenuata"	NA	"pinus attenuata"
"7e2ac9f5-7f5a-4ed2-b3c7-aec6e2428d19"	"rsa"	"rsa384290"	"elysian park, l.a."	34.0809	-118.2357	"united states"	"california"	"los angeles"	NA	1400	"pinaceae"	"pinus"	"attenuata"	NA	"pinus attenuata"
"7e97f857-1ee9-46ca-8f1f-96daea01cf7e"	"hsc"	"hsc99044"	"horse mountain botanical area. forest service road 6n36. 1 mile north of intersection with 6n36a."	40.8783	-123.7197	"united states"	"california"	"humboldt"	NA	300	"pinaceae"	"pinus"	"attenuata"	NA	"pinus attenuata"
"7ff1b4a4-8e54-4d43-bee3-e110f365ea23"	"cas"	"387350"	"mt. madona road along summit of santa cruz mts. between lands end and manzanita school"	37.0333333333	-121.75	"united states"	"california"	"santa cruz county"	NA	NA	"pinaceae"	"pinus"	"attenuata"	NA	"pinus attenuata  lemmon"
"800fa075-a6f2-48c6-9a34-c154bd16dd53"	"hsc"	"hsc49173"	"cedar spring road to red mountain"	39.9155	-123.5933	"united states"	"california"	"mendocino"	NA	3212	"pinaceae"	"pinus"	"attenuata"	NA	"pinus attenuata"
"82229396-fc8b-4838-90c8-752a273eeb40"	"rsa"	"rsa384288"	"mount tamalpais"	37.9276	-122.5884	"united states"	"california"	"marin"	NA	985	"pinaceae"	"pinus"	"attenuata"	NA	"pinus attenuata"
"823691ec-e8b6-4791-b3b9-86aa23d6d049"	"pom"	"pom181964"	"berkeley"	37.8675	-122.2682	"united states"	"california"	"alameda"	NA	3300	"pinaceae"	"pinus"	"attenuata"	NA	"pinus attenuata"
"833c1e8d-7a06-4e8f-9fe3-6a0f3a95736f"	"cas"	"cas95173"	"sisson"	41.3102	-122.3244	"united states"	"california"	"siskiyou"	NA	6900	"pinaceae"	"pinus"	"attenuata"	NA	"pinus attenuata"
"83a49afb-eb3b-4a6a-92e9-9b193186c054"	"ym-yose"	"ym-yose231799"	"yosemite national park: vicinity foresta, along foresta road 0.7 road miles southwest of the junction with highway 120"	37	-119	"united states"	"california"	"mariposa"	NA	NA	"pinaceae"	"pinus"	"attenuata"	NA	"pinus attenuata"
"8450f7ee-ea50-405d-b84f-d3a36224e3b4"	"jeps"	"jeps46795"	"devil\'s backbone devil\'s backbone (trinity summit to salmon summit)"	41.1586533536984	-123.432373484698	"united states"	"california"	"unknown"	NA	8263	"pinaceae"	"pinus"	"attenuata"	NA	"pinus attenuata"
"845249ca-636d-41af-a59a-cc0585bf5e4e"	"ds"	"ds138267"	"middle fork of smith river to adams station"	41.8451	-123.9799	"united states"	"california"	"del norte"	NA	1372	"pinaceae"	"pinus"	"attenuata"	NA	"pinus attenuata"
"84ab5f4d-70db-41ec-a069-35ebd0ed5a20"	"hsc"	"hsc50812"	"near monkey creek ridge, close to the town of gasquet"	41.99447222	-123.7882778	"united states"	"california"	"del norte"	NA	NA	"pinaceae"	"pinus"	"attenuata"	NA	"pinus attenuata"
"84c9d4f6-f72b-443e-9261-a51983a5d141"	"rsa"	"rsa336285"	"san bernardino national forest: along city creek road."	34.1926	-117.1586	"united states"	"california"	"san bernardino"	NA	750	"pinaceae"	"pinus"	"attenuata"	NA	"pinus attenuata"
"85c21030-3f6d-4c1c-a8fa-38e7d4ecfac5"	"rsa"	"rsa608749"	"diamond creek, copper prospect.: . ."	41.9693	-123.9733	"united states"	"california"	"del norte"	NA	850	"pinaceae"	"pinus"	"attenuata"	NA	"pinus attenuata"
"860d426c-2f3d-45b9-b69f-b769501f53d1"	"ds"	"ds325747"	"along forest road about 1.5 miles from summit of mount st. helena."	38.6571	-122.6126	"united states"	"california"	"napa"	NA	1350	"pinaceae"	"pinus"	"attenuata"	NA	"pinus attenuata"
"874de30a-4c8c-46f6-815f-95caa4a888fe"	"cas"	"344570"	"near summit of cayenne ridge, marble mountain"	41.6232	-123.1973	"united states"	"california"	"siskiyou county"	NA	NA	"pinaceae"	"pinus"	"attenuata"	NA	"pinus attenuata  lemmon"
"87fae221-345d-47be-b720-d896a67c2aaa"	"uc"	"uc1193186"	"south fork scotts creek; quad. 60b2"	39.0622	-123.0697	"united states"	"california"	"mendocino"	NA	506	"pinaceae"	"pinus"	"attenuata"	NA	"pinus attenuata"
"886b7afa-6f39-48f4-96ae-a579e518725d"	"rsa"	"rsa128690"	"near you bet"	39.209	-120.8983	"united states"	"california"	"nevada"	NA	308	"pinaceae"	"pinus"	"attenuata"	NA	"pinus attenuata"
"8a4f0c05-57b3-4cf5-a5ec-d0505b2314fc"	"uc"	"uc532152"	"ne sugarloaf peak (pleasants pk.) (along main st. trail); santa ana mts."	33.7900174356021	-117.600882425486	"united states"	"california"	"orange"	NA	1650	"pinaceae"	"pinus"	"attenuata"	NA	"pinus attenuata"
"8adbc8a0-aff4-4c96-b929-245d6b029043"	"cda"	"cda501"	"tollhouse rd., 3 mi above tollhouse."	37.0361	-119.394	"united states"	"california"	"fresno"	NA	836	"pinaceae"	"pinus"	"attenuata"	NA	"pinus attenuata"
"8b502212-4210-4059-ab0a-f0426cc88245"	"rsa"	"rsa12827"	"n.e. of sugarloaf peak (pleasants pk.), along main st. trail, santa ana mts. altitude 3800 ft.c."	33.7900174356021	-117.600882425486	"united states"	"california"	"orange"	NA	1650	"pinaceae"	"pinus"	"attenuata"	NA	"pinus attenuata"
"8b9b673e-552b-4cb1-8723-df583e8894e6"	"chsc"	"chsc24168"	"56 km e of willows on road to plaskett meadows. 10 m n of road on n facing slpoe in grindstone canyon"	39.6636111111111	-122.527222222222	"united states"	"california"	"glenn"	NA	825	"pinaceae"	"pinus"	"attenuata"	NA	"pinus attenuata"
"8cf7343c-e4b7-4e75-afa7-903d6ae247d1"	"ucsb"	"ucsb33651"	"millard canyon"	34.2044	-118.1658	"united states"	"california"	"los angeles"	NA	NA	"pinaceae"	"pinus"	"attenuata"	NA	"pinus attenuata"
"8d0c0c18-0c08-46c3-b5ab-4c780820f79c"	"uc"	"uc1134144"	"2 1/4 mi ese bear creek; sierra national forest, yosemite quadrangle"	37.555343	-120.067979	"united states"	"california"	"mariposa"	NA	5500	"pinaceae"	"pinus"	"attenuata"	NA	"pinus attenuata"
"8d9b1568-397e-47be-a66d-54262c59a570"	"cas"	"cas95170"	"gasquet mountain"	41.877	-123.9938	"united states"	"california"	"del norte"	NA	2148	"pinaceae"	"pinus"	"attenuata"	NA	"pinus attenuata"
"8da15ef6-0469-497c-a47f-6e45a20ac465"	"cas"	"cas181393"	"santa lucia mts. - canyon of the arroyo seco river."	36.125	-121.4463	"united states"	"california"	"monterey"	NA	2500	"pinaceae"	"pinus"	"attenuata"	NA	"pinus attenuata"
"8eda5e78-a64e-438f-a396-f7d0fdd9def0"	"uc"	"uc796589"	"1.5 mi from summit mount st. helena (along forest road)"	38.6571	-122.6126	"united states"	"california"	"napa"	NA	1350	"pinaceae"	"pinus"	"attenuata"	NA	"pinus attenuata"
"8f48d572-fc0c-4f79-8a4f-66efe11ff781"	"uc"	"uc134149"	"head pine canyon; bryson quad., pine canyon"	36.545617	-121.641037	"united states"	"california"	"monterey"	NA	1075	"pinaceae"	"pinus"	"attenuata"	NA	"pinus attenuata"
"8f5c647d-2df1-49cc-b826-fa24cf8086d7"	"ds"	"ds340758"	"7/10 mi east of bonnie doon, santa cruz mts."	37.0608484216304	-122.13727728168	"united states"	"california"	"santa cruz"	NA	1064	"pinaceae"	"pinus"	"attenuata"	NA	"pinus attenuata"
"8f96cf93-e009-46bd-a917-e1d156812955"	"sbbg"	"sbbg94112"	"santa lucia mtns: 2.2 mi e of us hwy 101 at cuesta pass on e cuesta ridge rd"	35.337273961795	-120.616902231659	"united states"	"california"	"san luis obispo"	NA	1000	"pinaceae"	"pinus"	"attenuata"	NA	"pinus attenuata"
"8fbfd7ac-9333-4a35-a654-9cc28e3133cb"	"jeps"	"jeps46794"	"chaparral ridge beyond cold spring post (santa lucias); santa lucia mountain"	36.2727	-121.77	"united states"	"california"	"monterey"	NA	295	"pinaceae"	"pinus"	"attenuata"	NA	"pinus attenuata"
"91a7a6ad-45ee-40fb-9b92-b0311391745d"	"cas"	"569766"	"vicinity of loma prieta, summit of the santa cruz mts."	37.0833333333	-121.8333333333	"united states"	"california"	"santa cruz county"	NA	NA	"pinaceae"	"pinus"	"attenuata"	NA	"pinus attenuata  lemmon"
"9270f957-9d69-485e-bf5a-96591f7a15de"	"ucd"	"ucd134384"	"sonoma county: near top of the world ranch, about 5 miles due east of glen ellen"	38.3646	-122.4431	"united states"	"california"	"sonoma"	NA	2000	"pinaceae"	"pinus"	"attenuata"	NA	"pinus attenuata"
"92e889c8-a60a-437c-8a95-a400eec4f38a"	"hsc"	"hsc76293"	"near mosquito lake"	41.29	-123.7205556	"united states"	"california"	"humboldt"	NA	NA	"pinaceae"	"pinus"	"attenuata"	NA	"pinus attenuata"
"930cbad7-fde0-4402-a7e8-e0461eecb8ad"	"uc"	"uc55656"	"shackleford canyon, near marble mountain; north coast ranges, shackleford canyon"	41.5443	-123.0924	"united states"	"california"	"siskiyou"	NA	2250	"pinaceae"	"pinus"	"attenuata"	NA	"pinus attenuata"
"93350336-774d-4a17-bc97-01e6d8cfc94c"	"ds"	"ds504661"	"near bonnie doon, santa cruz mountains."	37.0483	-122.1396	"united states"	"california"	"santa cruz"	NA	1208	"pinaceae"	"pinus"	"attenuata"	NA	"pinus attenuata"
"935ba483-8a8f-442f-955e-f59966854b53"	"rsa"	"rsa659887"	"evey cyn., 1 mile n of padua on mt. baldy rd"	34.174	-117.6975	"united states"	"california"	"los angeles"	NA	600	"pinaceae"	"pinus"	"attenuata"	NA	"pinus attenuata"
"9362092a-9a2c-4554-ac8c-e1438107e230"	"cas"	"cas297566"	"so. slope of main ridge, saddle n.w. of sugarloaf pk. (pleasants pk) 1 3/10 mi. so. of summit of skyline drive, santa ana mts."	33.7900174356021	-117.600882425486	"united states"	"california"	"orange"	NA	1650	"pinaceae"	"pinus"	"attenuata"	NA	"pinus attenuata"
"9386849c-2e1a-4252-bb70-3e76043e4783"	"cas"	"cas1145901"	"bear wallows, 2 mi. north of sanger peak"	41.9496	-123.6557	"united states"	"california"	"del norte"	NA	325	"pinaceae"	"pinus"	"attenuata"	NA	"pinus attenuata"
"93a730af-c264-4270-9f8d-8b54ba481f0f"	"ds"	"ds387350"	"mt. madona road along summit of santa cruz mts. between lands end and manzanita school"	37.0333333333	-121.75	"united states"	"california"	"santa cruz"	NA	NA	"pinaceae"	"pinus"	"attenuata"	NA	"pinus attenuata"
"944c66c4-016d-4861-ba00-e92769c8a4ec"	"hsc"	"hsc53720"	"near bald hill, close to the town of crescent city."	41.75936111	-124.0228889	"united states"	"california"	"del norte"	NA	NA	"pinaceae"	"pinus"	"attenuata"	NA	"pinus attenuata"
"949bbd9b-955f-460a-bd5b-d2f4f3d0f59d"	"ku"	"327299"	"mount saint helena"	38.66944	-122.63222	"united states"	"california"	NA	NA	NA	"pinaceae"	"pinus"	"attenuata"	NA	"pinus attenuata"
"94f57895-6fb7-4872-a13e-f4c76c381183"	"uc"	"uc70582"	"etna"	41.4569420747509	-122.89365397434	"united states"	"california"	"siskiyou"	NA	2075	"pinaceae"	"pinus"	"attenuata"	NA	"pinus attenuata"
"94fb2530-8e3c-4e2d-bda4-1a5221a58d76"	"ucr"	"ucr231189"	"peninsular range; santa ana mtns. near pleasants peak along the main divide truck trail"	33.79639	-117.61647	"united states"	"california"	"orange"	NA	100	"pinaceae"	"pinus"	"attenuata"	NA	"pinus attenuata"
"95df8934-f66c-46f2-b443-643e88109a47"	"ny"	"951526"	"north side of alder springs road (rt. 162), about 11.4 miles w of the intersection with road 306, mendocino national forest"	39.6761	-122.6992	"united states"	"california"	"glenn co."	NA	NA	"pinaceae"	"pinus"	"attenuata"	NA	"pinus attenuata lemmon"
"95f6273d-54b2-48a7-a69c-8adbb069b2e8"	"uc"	"uc146"	"oakland hills e of san leandro ck. oakland hills"	37.8067873346326	-122.183967858293	"united states"	"california"	"alameda"	NA	10610	"pinaceae"	"pinus"	"attenuata"	NA	"pinus attenuata"
"96de3713-7742-4a5a-99a3-fc55611c5fd5"	"jeps"	"jeps106182"	"on the south side of cache creek, on the south side of bartlett springs road (road m 12), about 2 miles west of the northwest part of indian valley reservoir"	39.165	-122.62862	"united states"	"california"	"lake"	NA	NA	"pinaceae"	"pinus"	"attenuata"	NA	"pinus attenuata"
"973e86df-6780-4449-8fe5-dce4bbff5563"	"cas"	"cas586324"	"yost canyon on the northeast side of hames valley."	35.9455	-120.9582	"united states"	"california"	"monterey"	NA	2515	"pinaceae"	"pinus"	"attenuata"	NA	"pinus attenuata"
"97a633c0-e78c-4ec6-8d08-32954bb92add"	"cas"	"cas1121649"	"peninsular range: puerta la cruz road, above indian flats elev. given as 3920ft."	33.3661111111	-116.6752777778	"united states"	"california"	"san diego"	NA	NA	"pinaceae"	"pinus"	"attenuata"	NA	"pinus attenuata"
"9888b8fc-c0e2-43f8-8116-dc4791650980"	"jeps"	"jeps46917"	"moraga ridge"	37.8245	-122.1507	"united states"	"california"	"contra costa"	NA	500	"pinaceae"	"pinus"	"attenuata"	NA	"pinus attenuata"
"9c43cb15-43d8-404e-b6ba-58523e7fa966"	"ucr"	"ucr23377"	"san bernardino mtns. city creek"	34.18472	-117.18	"united states"	"california"	"san bernardino"	NA	10000	"pinaceae"	"pinus"	"attenuata"	NA	"pinus attenuata"
"9c4eed2f-536b-4366-845c-cc0d0861c635"	"rsa"	"rsa384291"	"elysian park, l.a."	34.0809	-118.2357	"united states"	"california"	"los angeles"	NA	1400	"pinaceae"	"pinus"	"attenuata"	NA	"pinus attenuata"
"9c56ec4a-6e75-4ac1-8eaa-840eaccc3bd8"	"chsc"	"chsc23311"	"along old gasquet toll road, c. 6 mi. ene of gasquet"	41.8608333333333	-123.898055555556	"united states"	"california"	"del norte"	NA	1650	"pinaceae"	"pinus"	"attenuata"	NA	"pinus attenuata"
"9cd1b208-e5b9-4a6d-83ce-438c81190ba8"	"ucr"	"ucr54516"	"san bernardino mtns. city creek road, 7 miles above highland"	34.18556	-117.14528	"united states"	"california"	"san bernardino"	NA	10000	"pinaceae"	"pinus"	"attenuata"	NA	"pinus attenuata"
"9d940c9f-0089-4506-bca3-1603ca0fe06c"	"ucr"	"ucr114215"	"san gabriel mtns. 2 miles east of mt. gleason at little gleason forestry plantation, on so. cal. edison mesa-vincent transmission line at tower 7-2"	34.3825	-118.14583	"united states"	"california"	"los angeles"	NA	NA	"pinaceae"	"pinus"	"attenuata"	NA	"pinus attenuata"
"9da4c4b3-647c-4b8f-8da6-06b65f36bb71"	"pom"	"pom980"	"san antonio canyon"	34.2359	-117.6587	"united states"	"california"	"los angeles"	NA	6000	"pinaceae"	"pinus"	"attenuata"	NA	"pinus attenuata"
"9fb0794e-0e2d-43df-a5b1-9b6d45773d0a"	"hsc"	"hsc54791"	"near bear creek, close to the town of gasquet"	41.96052778	-123.9201111	"united states"	"california"	"del norte"	NA	NA	"pinaceae"	"pinus"	"attenuata"	NA	"pinus attenuata"
"9ff19e74-8082-46cd-8d9c-0caef16d8c89"	"ucr"	"ucr143211"	"delta, on the sacramento river"	40.9425	-122.42611	"united states"	"california"	"shasta"	NA	1000	"pinaceae"	"pinus"	"attenuata"	NA	"pinus attenuata"
"a03a5e6a-1996-498d-9f11-75404d2ceb06"	"sjsu"	"sjsu1000"	"pine mt c. 2 mi s of center of big basin"	37.1506	-122.2272	"united states"	"california"	"santa cruz"	NA	1101	"pinaceae"	"pinus"	"attenuata"	NA	"pinus attenuata"
"a16b02af-0256-4ad1-b8e5-980611406285"	"uc"	"uc813196"	"delta sacramento river (sacramento river, on clay mesa)"	40.9435476371032	-122.426194450033	"united states"	"california"	"shasta"	NA	359	"pinaceae"	"pinus"	"attenuata"	NA	"pinus attenuata"
"a272b381-b836-439a-a8cc-a4287156e552"	"rsa"	"rsa228863"	"angeles national forest:, chilao flat near entrance"	34.3187	-118.0102	"united states"	"california"	"los angeles"	NA	400	"pinaceae"	"pinus"	"attenuata"	NA	"pinus attenuata"
"a2dd748c-af38-41cc-9a52-e5d6cfbfac6e"	"sdsu"	"sdsu15979"	"palomar mountain, cleveland national forest. approximately 100 meters north of old green cabin south of peak 5696 m."	33.35028	-116.89639	"united states"	"california"	"san diego"	NA	NA	"pinaceae"	"pinus"	"attenuata"	NA	"pinus attenuata"
"a327532b-6aef-41a8-b517-127e0b6626f8"	"ucd"	"ucd50248"	"flicker ridge, contra costa county"	37.8333333333333	-122.15	"united states"	"california"	"contra costa"	NA	NA	"pinaceae"	"pinus"	"attenuata"	NA	"pinus attenuata"
"a3b55186-a63c-4817-9589-8ea92d5caa02"	"uc"	"uc692077"	"ne fork, toward top of middle ridge sycamore canyon"	37.8457885569945	-121.90671905081	"united states"	"california"	"contra costa"	NA	707	"pinaceae"	"pinus"	"attenuata"	NA	"pinus attenuata"
"a77e1943-ddf3-4867-89dd-4114df162252"	"cas"	"cas389319"	"sierra nevada - near you bet."	39.2092	-120.8989	"united states"	"california"	"nevada"	NA	503	"pinaceae"	"pinus"	"attenuata"	NA	"pinus attenuata"
"a8934ef9-783c-4e21-9b47-48573cf4e1fa"	"cas"	"1145900"	"whiskey lake near sanger peak"	41.9224	-123.6459	"united states"	"california"	"del norte county"	NA	NA	"pinaceae"	"pinus"	"attenuata"	NA	"pinus attenuata  lemmon"
"a8dbd4ef-633b-4bff-8d6d-9c57876ac703"	"pom"	"pom212313"	"n.e. of sugarloaf peak (pleasants pk.), along main st. trail, santa ana mts. altitude 3800 ft.c."	33.7900174356021	-117.600882425486	"united states"	"california"	"orange"	NA	1650	"pinaceae"	"pinus"	"attenuata"	NA	"pinus attenuata"
"a9016d7a-d54b-43c9-9f3d-8925f0c1aca9"	"jeps"	"jeps47897"	"mt. hanna"	38.8872192109332	-122.746051220659	"united states"	"california"	"lake"	NA	1663	"pinaceae"	"pinus"	"attenuata"	NA	"pinus attenuata"
"a997b1bd-c138-4cd1-9939-b39edb4fcc3a"	"ucd"	"ucd20497"	"lake county: mclaughlin uc reserve. lower reaches of southeastern slopes of research hill. about 0.25 miles sw of gate to old 4-wheel drive road that goes s from knoxville-berryessa rd"	38.8563888886943	-122.405833333358	"united states"	"california"	"lake"	NA	NA	"pinaceae"	"pinus"	"attenuata"	NA	"pinus attenuata"
"a9da9155-a25d-436c-a463-7e1072a6e038"	"ucd"	"ucd134376"	"el dorado county: northern sierra neveda foothills, el dorado national forest, along volcanoville road, 7.7 mi n of wentworth springs road, ne of georgetown"	38.9811111109952	-120.792222222437	"united states"	"california"	"el dorado"	NA	NA	"pinaceae"	"pinus"	"attenuata"	NA	"pinus attenuata"
"aa014c61-b89b-44e2-8d6c-4e6a5c4b90ab"	"hsc"	"hsc29671"	"marble mtn. wilderness area, near ridge top of ""rusty ridge"" near where it grades into frang peak w of horse range lake, bulk collection 52"	41.4323549270775	-123.209958038679	"united states"	"california"	"siskiyou"	NA	1498	"pinaceae"	"pinus"	"attenuata"	NA	"pinus attenuata"
"ab39c713-ea88-4c27-aee2-faf7effcb1dd"	"cda"	"cda502"	"tollhouse rd., 3 mi above tollhouse."	37.0361	-119.394	"united states"	"california"	"fresno"	NA	836	"pinaceae"	"pinus"	"attenuata"	NA	"pinus attenuata"
"adb1a45e-91e0-4e94-96f5-bffc1e58522e"	"ds"	"ds196447"	"big creek - trail from finley camp to english lake"	41.3954	-123.0919	"united states"	"california"	"siskiyou"	NA	120	"pinaceae"	"pinus"	"attenuata"	NA	"pinus attenuata"
"ae00d25f-9a0b-4a64-a97c-dde7ce49b3ac"	"ds"	"ds170368"	"san bernardino mts. - 2 miles down grade from inspiration point - city creek - road"	34.192	-117.1548	"united states"	"california"	"san bernardino"	NA	1400	"pinaceae"	"pinus"	"attenuata"	NA	"pinus attenuata"
"ae7db610-0c3b-4e8c-b05c-96c069ed6b2a"	"cas"	"409657"	"ridge betw. upper reaches of china creek and blind horse creek"	41.0562198890394	-123.081836670829	"united states"	"california"	"siskiyou county"	NA	NA	"pinaceae"	"pinus"	"attenuata"	NA	"pinus attenuata  lemmon"
"b02e29f2-03fb-4403-983b-96aac84a0790"	"uc"	"uc1193185"	"high valley ridge quad. 47d3, high valley ridge"	39.06945	-122.75153	"united states"	"california"	"lake"	NA	450	"pinaceae"	"pinus"	"attenuata"	NA	"pinus attenuata"
"b040617e-e594-465a-a209-1e50a8f2f6d5"	"rsa"	"rsa797189"	"los padres national forest/fort hunter liggett (training area 11) interface, ca. 4.5 air km sse of chalk peak, ca. 4.5 air km northwest of basket spring, ca. 3.4 road km (2.1 miles) southeast of junction of coast ridge road and mckern trail."	35.9438711711155	-121.404015362597	"united states"	"california"	"monterey"	NA	NA	"pinaceae"	"pinus"	"attenuata"	NA	"pinus attenuata"
"b06ce7d4-9bf0-4318-807b-7988547df39f"	"ds"	"ds196732"	"cecilville"	41.1406	-123.1406	"united states"	"california"	"siskiyou"	NA	500	"pinaceae"	"pinus"	"attenuata"	NA	"pinus attenuata"
"b0e3447c-ad3d-4580-8b90-16953aaba97f"	"chsc"	"chsc89538"	"on the south side of cache creek, on the south side of bartlett springs road (road m 12), about 2 miles west of the northwest part of indian valley reservoir"	39.165	-122.628611111111	"united states"	"california"	"lake"	NA	NA	"pinaceae"	"pinus"	"attenuata"	NA	"pinus attenuata"
"b1cdb813-0762-4b8e-9978-49e76c7308d7"	"ucd"	"ucd134385"	"glenn county: about 2 miles below (east of) alder springs"	39.6328	-122.6955	"united states"	"california"	"glenn"	NA	3500	"pinaceae"	"pinus"	"attenuata"	NA	"pinus attenuata"
"b1f26eeb-eeb2-4a58-a552-453adea14970"	"ds"	"ds278807"	"along mariposa-el portal road, 10 miles from mariposa"	37.5917	-119.9652	"united states"	"california"	"mariposa"	NA	1500	"pinaceae"	"pinus"	"attenuata"	NA	"pinus attenuata"
"b24317a4-a345-43b1-819d-9b90e94e19f2"	"hsc"	"hsc32778"	"roberts lake area of eden valley, n of eden valley ranch, e of roberts lake"	39.6492	-123.1694	"united states"	"california"	"mendocino"	NA	517	"pinaceae"	"pinus"	"attenuata"	NA	"pinus attenuata"
"b27cb1d1-b4cf-4c7d-9193-23b7b5862fe1"	"ucr"	"ucr23368"	"san gabriel mtns ridge c. 3 mi south of charlton flats, angeles crest hwy"	34.27389	-118.01639	"united states"	"california"	"los angeles"	NA	1000	"pinaceae"	"pinus"	"attenuata"	NA	"pinus attenuata"
"b34845e3-fdbd-4cc8-b380-0c008a0f5836"	"ny"	"42656"	"ucsc campus, adjacent to ""natural area"" at n edge of campus"	36.92	-122.17	"united states"	"california"	"santa cruz co."	NA	NA	"pinaceae"	"pinus"	"attenuata"	NA	"pinus attenuata lemmon"
"b35c8e8f-7ca7-4568-9377-bafa9833c664"	"cas"	"cas188710"	"mt. charlie, 5 miles west of los gatos, santa cruz mts."	37.1381463837368	-121.9867704536	"united states"	"california"	"santa cruz"	NA	425	"pinaceae"	"pinus"	"attenuata"	NA	"pinus attenuata"
"b3dc6ffb-bc53-451c-a02c-782ebeae7320"	"uc"	"uc1193174"	"on cobb mountain 2 mi w of cobb (sonoma-lake county line); quadrangle 60b4, cobb mountain"	38.8072778535082	-122.776192983164	"united states"	"california"	"lake"	NA	5990	"pinaceae"	"pinus"	"attenuata"	NA	"pinus attenuata"
"b52c5e93-6899-478d-9c72-f42500e38af0"	"jeps"	"jeps47894"	"devil\'s backbone"	41.1586533536984	-123.432373484698	"united states"	"california"	"siskiyou"	NA	8263	"pinaceae"	"pinus"	"attenuata"	NA	"pinus attenuata"
"b5a7599f-81a7-413c-885d-8f99a0dd2a22"	"sbbg"	"sbbg104229"	"santa lucia mtns: pick and shovel mine; camp san luis obispo"	35.3659737752538	-120.670004292961	"united states"	"california"	"san luis obispo"	NA	1000	"pinaceae"	"pinus"	"attenuata"	NA	"pinus attenuata"
"b5fc6514-951b-4889-ab7b-0fa31e9ab874"	"hsc"	"hsc53220"	"near red mtn. lookout, close to the town of klamath"	41.51638889	-123.9031667	"united states"	"california"	"del norte"	NA	NA	"pinaceae"	"pinus"	"attenuata"	NA	"pinus attenuata"
"b7ea7d9b-c120-430b-aceb-6db77f6eec64"	"jeps"	"jeps88716"	"trinity summit to salmon summit; devil\'s backbone"	41.1586533536984	-123.432373484698	"united states"	"california"	"siskiyou"	NA	8263	"pinaceae"	"pinus"	"attenuata"	NA	"pinus attenuata"
"b81f25cb-f756-4d62-b7da-e6aee2806a26"	"ds"	"ds339677"	"klamath river, 3/10 mi. below walker creek"	41.8349	-123.177	"united states"	"california"	"siskiyou"	NA	108	"pinaceae"	"pinus"	"attenuata"	NA	"pinus attenuata"
"b914e4db-01db-4e6d-bd75-e508287e7ded"	"ds"	"ds735165"	"1 mi. southwest of camp 6 l.o., slopes of lower coon mtn., six rivers n.f."	41.8203	-123.9	"united states"	"california"	"del norte"	NA	250	"pinaceae"	"pinus"	"attenuata"	NA	"pinus attenuata"
"b9fbd319-2a91-4f27-9033-8c6af0df6dd3"	"rsa"	"rsa384289"	"santa ana mts. cleveland nat. forest. pleasants peak (on orange-riverside co. line)."	33.7956	-117.6106	"united states"	"california"	"orange"	NA	1000	"pinaceae"	"pinus"	"attenuata"	NA	"pinus attenuata"
"babc94f8-a484-4c73-8c51-1088685727bd"	"uc"	"uc1001192"	"n side of pope creek; up a canyon, between samuels springs and walters springs"	38.6298	-122.333	"united states"	"california"	"napa"	NA	3000	"pinaceae"	"pinus"	"attenuata"	NA	"pinus attenuata"
"bbf2dd0e-0bc4-417f-9ec0-e60991698a56"	"hsc"	"hsc51486"	"near cedar spring, close to the town of gasquet"	41.82866667	-123.893	"united states"	"california"	"del norte"	NA	NA	"pinaceae"	"pinus"	"attenuata"	NA	"pinus attenuata"
"bc6b903e-32fc-4d27-b743-a337b24f2055"	"jeps"	"jeps103997"	"mt. st. helena"	38.7413	-122.6015	"united states"	"california"	"napa"	NA	825	"pinaceae"	"pinus"	"attenuata"	NA	"pinus attenuata"
"bc7e68c4-2390-4360-b72c-7da09a838e9a"	"pom"	"pom215876"	"siskiyou mountains: west fork seiad creek. (mt. diablo mer.)"	41.9214	-123.1569	"united states"	"california"	"siskiyou"	NA	210	"pinaceae"	"pinus"	"attenuata"	NA	"pinus attenuata"
"bd1068d2-6639-4b08-ad0b-1efedab9ffe0"	"hsc"	"hsc12254"	"switzer\'s camp, angeles crest hwy. 9 mi beyond intersection with foothill blvd."	34.2662	-118.1459	"united states"	"california"	"los angeles"	NA	400	"pinaceae"	"pinus"	"attenuata"	NA	"pinus attenuata"
"bd4cae55-10db-40e7-970e-173cc234ec57"	"rsa"	"rsa176213"	"on recent lava flow ca. 1 mile s of gassaway reservoir"	41.2166	-121.4408	"united states"	"california"	"modoc"	NA	1465	"pinaceae"	"pinus"	"attenuata"	NA	"pinus attenuata"
"be7ce9cf-c068-4a3a-ae0c-fbc1ee4c66f1"	"rsa"	"rsa86530"	"city creek road."	34.1801	-117.1484	"united states"	"california"	"san bernardino"	NA	1400	"pinaceae"	"pinus"	"attenuata"	NA	"pinus attenuata"
"bf91b38e-9182-4f5a-b64c-a91d54c21265"	"ucd"	"ucd50247"	"contra costa county: flicker ridge, contra costa county"	37.8333333333333	-122.15	"united states"	"california"	"contra costa"	NA	NA	"pinaceae"	"pinus"	"attenuata"	NA	"pinus attenuata"
"c0953623-275a-4f41-a803-70d9cb33fa07"	"ds"	"ds300990"	"near summit of cayenne ridge, marble mountain"	41.6232	-123.1973	"united states"	"california"	"siskiyou"	NA	709	"pinaceae"	"pinus"	"attenuata"	NA	"pinus attenuata"
"c0b5c8ba-e235-4a5f-b371-03c74320079c"	"ym-yose"	"ym-yose66496"	"el portal"	37.6724	-119.7859	"united states"	"california"	"mariposa"	NA	1500	"pinaceae"	"pinus"	"attenuata"	NA	"pinus attenuata"
"c0b659db-6e62-48ea-aea0-cabaf59af758"	"cas"	"cas332586"	"on ridges and slopes immediately south and east of south fork american river along the michigan-calif. lumber co. railway"	38.7758	-120.8129	"united states"	"california"	"el dorado"	NA	5422	"pinaceae"	"pinus"	"attenuata"	NA	"pinus attenuata"
"c1e987e6-eca8-4a19-a863-f45c3581e1d9"	"jeps"	"jeps46797"	"hupa region"	41.0659	-123.6858	"united states"	"california"	"humboldt"	NA	6305	"pinaceae"	"pinus"	"attenuata"	NA	"pinus attenuata"
"c2003529-542d-4bdc-9c09-ccd98af4d62d"	"sbbg"	"sbbg336"	"summit of moraga ridge"	37.8245	-122.1507	"united states"	"california"	"contra costa"	NA	1000	"pinaceae"	"pinus"	"attenuata"	NA	"pinus attenuata"
"c205eb6c-f444-483f-ba74-1a3cb0755f31"	"uc"	"uc1134145"	"2 mi ne lopez mtn.; santa barbara national forest, san luis obispo quadrangle"	35.3167	-120.548	"united states"	"california"	"san luis obispo"	NA	NA	"pinaceae"	"pinus"	"attenuata"	NA	"pinus attenuata"
"c21715fe-e257-4501-ac1d-2f905eeaab02"	"cda"	"cda18781"	"north coast ranges mt. st. helena, 1/4 mile n of ida clayton rd summit."	38.6766666666667	-122.666388888889	"united states"	"california"	"sonoma"	NA	NA	"pinaceae"	"pinus"	"attenuata"	NA	"pinus attenuata"
"c2d7ef4e-f9a0-4bf4-9473-d3063e94557f"	"rsa"	"rsa185746"	"mt. madona road along summit of santa cruz mtns. between lands end and manzanita school."	37.0333333333333	-121.75	"united states"	"california"	"santa cruz"	NA	NA	"pinaceae"	"pinus"	"attenuata"	NA	"pinus attenuata"
"c52da004-f473-4f7a-828d-0784a290f41c"	"jeps"	"jeps46914"	"red mt."	39.9138327593203	-123.660303407134	"united states"	"california"	"mendocino"	NA	5788	"pinaceae"	"pinus"	"attenuata"	NA	"pinus attenuata"
"c5c56b6d-d174-40f1-8eda-d151049821e8"	"uc"	"uc143"	"moraga"	37.8334	-122.1319	"united states"	"california"	"contra costa"	NA	3000	"pinaceae"	"pinus"	"attenuata"	NA	"pinus attenuata"
"c5fc8049-de1a-4c70-9527-38cefc793fd7"	"uc"	"uc521576"	"summit redwood ridge"	37.8222728393015	-122.165987245996	"united states"	"california"	"alameda"	NA	4420	"pinaceae"	"pinus"	"attenuata"	NA	"pinus attenuata"
"c691c720-5a86-48a8-b4e2-e8e44e94663b"	"sd"	"sd27919"	"mount saint helena grade"	38.6291	-122.6023	"united states"	"california"	"napa"	NA	2635	"pinaceae"	"pinus"	"attenuata"	NA	"pinus attenuata"
"c89b56eb-4e40-45e7-88bd-f524fe6a5e9b"	"hsc"	"hsc98703"	"horse mountain botanical area. forest service road 6n36."	40.8717	-123.7231	"united states"	"california"	"humboldt"	NA	264	"pinaceae"	"pinus"	"attenuata"	NA	"pinus attenuata"
"c8daba81-85b6-4b3d-b3ad-361e9596cac0"	"uc"	"uc1134139"	"lost valley lucia quad., santa barbara forest"	36.155491	-121.566327	"united states"	"california"	"monterey"	NA	1425	"pinaceae"	"pinus"	"attenuata"	NA	"pinus attenuata"
"c9dcdec8-51e2-4cb0-8be6-8c35e8c64ebf"	"cas"	"cas344296"	"ridge approaching somes peak, orleans region"	41.3198	-123.4653	"united states"	"california"	"humboldt"	NA	1430	"pinaceae"	"pinus"	"attenuata"	NA	"pinus attenuata"
"cd6e8141-d08d-49c9-a4a6-15d8b08b36cb"	"uc"	"uc400304"	"between snow mt. and hull mt. (between yellow and grey leaf <pine?> belts)"	39.3938382750777	-122.86466425472	"united states"	"california"	"lake"	NA	9566	"pinaceae"	"pinus"	"attenuata"	NA	"pinus attenuata"
"ce6a5c5d-94d6-45ba-852a-c60dce439e1b"	"uc"	"uc147"	"berkeley; nw alameda co."	37.8675	-122.2682	"united states"	"california"	"alameda"	NA	3300	"pinaceae"	"pinus"	"attenuata"	NA	"pinus attenuata"
"ceb82ec5-0892-484a-ae48-66653b4650d9"	"uc"	"uc338322"	"berkeley"	37.87167	-122.27167	"united states"	"california"	"alameda"	NA	NA	"pinaceae"	"pinus"	"attenuata"	NA	"pinus attenuata"
"ced64b8e-5192-431e-9ee0-35b766124a17"	"ds"	"ds194154"	"near summit mt. st. helena."	38.6689	-122.632569	"united states"	"california"	"napa"	NA	275	"pinaceae"	"pinus"	"attenuata"	NA	"pinus attenuata"
"cf69b7c5-296d-424e-be2c-9cfa01afd2fa"	"rsa"	"rsa639078"	"little rattlesnake mountain."	41.6853	-123.9545	"united states"	"california"	"del norte"	NA	300	"pinaceae"	"pinus"	"attenuata"	NA	"pinus attenuata"
"cf8ac83a-f0a1-44b5-a52e-67d25a0c7a22"	"irvc"	"irvc20664"	"live oak canyon. santa ana mountains"	33.6916666666667	-117.608333333333	"united states"	"california"	"orange"	NA	NA	"pinaceae"	"pinus"	"attenuata"	NA	"pinus attenuata"
"cfc0caf9-68ed-4472-8dce-0c3570b17cb6"	"cas"	"cas386499"	"on north side of hooker creek, hoods peak range"	38.3608	-122.4716	"united states"	"california"	"sonoma"	NA	1865	"pinaceae"	"pinus"	"attenuata"	NA	"pinus attenuata"
"cffec9ca-8faa-4195-9eaf-6eef77f734ee"	"sd"	"sd162001"	"palomar mountain, cleveland national forest. approximately 100 meters north of old green cabin south of peak, 5696 m. in part sun"	33.35028	-116.89639	"united states"	"california"	"san diego"	NA	NA	"pinaceae"	"pinus"	"attenuata"	NA	"pinus attenuata"
"d0a699be-6950-4c5a-a723-f3b5429c0fdf"	"rsa"	"rsa89801"	"0.1 mi w of boundry of six-rivers nat. forest, hwy 199 between crescent city and grants pass (oregon)."	41.7911	-124.0613	"united states"	"california"	"del norte"	NA	350	"pinaceae"	"pinus"	"attenuata"	NA	"pinus attenuata"
"d0e55176-92fa-4677-b87d-2eb43633b274"	"sd"	"sd136373"	"mount saint helena grade"	38.6291	-122.6023	"united states"	"california"	"napa"	NA	2635	"pinaceae"	"pinus"	"attenuata"	NA	"pinus attenuata"
"d23116aa-1949-4430-be7e-b12e82dca830"	"hsc"	"hsc1359"	"head of russian creek, w side of salmon mtn."	41.3118	-123.0089	"united states"	"california"	"siskiyou"	NA	787	"pinaceae"	"pinus"	"attenuata"	NA	"pinus attenuata"
"d4467ee2-8bed-439d-9958-be5522740004"	"hsc"	"hsc31986"	"along 14n02 near bear basin"	41.8042	-123.7378	"united states"	"california"	"del norte"	NA	350	"pinaceae"	"pinus"	"attenuata"	NA	"pinus attenuata"
"d4e7acd0-6f0d-4715-9bfa-a1d8e271b17f"	"rsa"	"rsa263775"	"hagador canyon, santa ana mountains. feet alt. 2600."	33.8045	-117.6149	"united states"	"california"	"riverside"	NA	1000	"pinaceae"	"pinus"	"attenuata"	NA	"pinus attenuata"
"d63a471b-f9b4-4125-bf34-0c2f8e9b1a0f"	"ucd"	"ucd73854"	"placer county: along hwy 80. southwest of gold run, on magra road northeast of secret town road exit. between magra road and the highway"	39.15497	-120.886788	"united states"	"california"	"placer"	NA	NA	"pinaceae"	"pinus"	"attenuata"	NA	"pinus attenuata"
"d65c82ae-0ffb-4251-ac4a-9e3cc84ec480"	"cas"	"300990"	"near summit of cayenne ridge, marble mountain"	41.6232	-123.1973	"united states"	"california"	"siskiyou county"	NA	NA	"pinaceae"	"pinus"	"attenuata"	NA	"pinus attenuata  lemmon"
"d6bfda30-239e-4a0e-9019-33633077b964"	"rsa"	"rsa593956"	"foster mountain, mendocino no. 16."	39.441	-123.1744	"united states"	"california"	"mendocino"	NA	800	"pinaceae"	"pinus"	"attenuata"	NA	"pinus attenuata"
"d8c7b605-1b2d-4480-8612-e7691dd2ebd1"	"uc"	"uc1061647"	"head of short canyon s waddell creek"	37.1401	-122.2222	"united states"	"california"	"santa cruz"	NA	2202	"pinaceae"	"pinus"	"attenuata"	NA	"pinus attenuata"
"d9130c07-bf3a-4efb-ae36-4aa53ede30fb"	"jeps"	"jeps48223"	"oakland hills moraga ridge; , moraga ridge"	37.8268966616511	-122.15346682929	"united states"	"california"	"contra costa"	NA	1135	"pinaceae"	"pinus"	"attenuata"	NA	"pinus attenuata"
"d93a8dbf-f5f3-42a7-b398-92a5fc86ae2c"	"hsc"	"hsc82936"	"red mtn. campground, red mtn. n"	39.912	-123.66	"united states"	"california"	"mendocino"	NA	1334	"pinaceae"	"pinus"	"attenuata"	NA	"pinus attenuata"
"d965a342-44f5-453a-b50a-cdd0b07818ac"	"uc"	"uc1134141"	"2/5 mi sw veeder mountain; napa quadrangle"	38.3655125489763	-122.456191039676	"united states"	"california"	"sonoma"	NA	NA	"pinaceae"	"pinus"	"attenuata"	NA	"pinus attenuata"
"d9b4c4a3-2ad0-480c-b859-ae24ffafe957"	"pom"	"pom120194"	"russian creek"	41.3118	-123.0089	"united states"	"california"	"siskiyou"	NA	787	"pinaceae"	"pinus"	"attenuata"	NA	"pinus attenuata"
"d9d80a32-44dc-4c9e-a7e9-4f4dee3cbe0d"	"cas"	"182381"	"north fork smith river, near stone corral ranger station"	41.9332	-124.0183	"united states"	"california"	"del norte county"	NA	NA	"pinaceae"	"pinus"	"attenuata"	NA	"pinus attenuata  lemmon"
"d9dfe407-b087-4ac0-8a44-2a1d6139c739"	"cas"	"cas252151"	"salmon river near big flat"	41.069	-122.9365	"united states"	"california"	"siskiyou"	NA	816	"pinaceae"	"pinus"	"attenuata"	NA	"pinus attenuata"
"da88db95-771f-42ec-8c7f-007578455674"	"ucr"	"ucr181017"	"eastern san gabriel mtns. stockton flat, west fork lytle creek"	34.29694	-117.59333	"united states"	"california"	"san bernardino"	NA	1000	"pinaceae"	"pinus"	"attenuata"	NA	"pinus attenuata"
"daf9aeca-17e3-4efc-8c1c-aa93b381b38b"	"jeps"	"jeps46915"	"mt. diablo"	37.881704606061	-121.914159430165	"united states"	"california"	"contra costa"	NA	5550	"pinaceae"	"pinus"	"attenuata"	NA	"pinus attenuata"
"db00baed-da57-40ce-b3c5-bf2fdfb00ab1"	"ny"	"34616"	NA	38.581545	-121.494345	"united states"	"california"	NA	NA	NA	"pinaceae"	"pinus"	"attenuata"	NA	"pinus attenuata lemmon"
"dccd072b-7aff-47a4-87b3-99f2d69ddd36"	"uc"	"uc1409508"	"talus slope on ridge nw of horse range lake (w siskiyou co.); salmon mountains, marble mountain wilderness area"	41.4323949255737	-123.209998040994	"united states"	"california"	"siskiyou"	NA	1498	"pinaceae"	"pinus"	"attenuata"	NA	"pinus attenuata"
"dd3934fa-7551-4c84-a80d-fc1eadf85c3e"	"ucr"	"ucr4686"	"idylwild road, 0.25 mi. from state hwy 17 [w of s end of lexington reservoir]"	37.17778	-121.99583	"united states"	"california"	"santa clara"	NA	1000	"pinaceae"	"pinus"	"attenuata"	NA	"pinus attenuata"
"dd959bfc-3754-4819-aa06-a52b71c3b286"	"rsa"	"rsa10628"	"upper slopes of mount st. helena"	38.6688	-122.6319	"united states"	"california"	"napa"	NA	3000	"pinaceae"	"pinus"	"attenuata"	NA	"pinus attenuata"
"df255e31-6839-4226-965f-071f4197f103"	"obi"	"obi33224"	"ca 10-12 mi s of scott mt pass on sr 3"	41.1375	-122.6874	"united states"	"california"	"trinity"	NA	148	"pinaceae"	"pinus"	"attenuata"	NA	"pinus attenuata"
"df47b2f5-906a-4a68-9a1f-ed14d669ab11"	"ucd"	"ucd133139"	"napa county: 0.5 mile w of aetna springs"	38.6533	-122.496	"united states"	"california"	"napa"	NA	600	"pinaceae"	"pinus"	"attenuata"	NA	"pinus attenuata"
"e242d05d-c7de-4b26-b5c7-51ff6eb21664"	"rsa"	"rsa612294"	"san gabriel mountains: west side north fork san gabriel river, near mouth. t2 n r9 w sw 1/4 sec. 19."	34.2456	-117.8675	"united states"	"california"	"los angeles"	NA	500	"pinaceae"	"pinus"	"attenuata"	NA	"pinus attenuata"
"e2ca6940-889a-4239-a7cb-7a730d5b665f"	"cas"	"cas511034"	"above johnson dam - [hood\'s] hoods peak"	38.459304	-122.563582	"united states"	"california"	"sonoma"	NA	300	"pinaceae"	"pinus"	"attenuata"	NA	"pinus attenuata"
"e2fca82b-5a05-4b0f-bd3d-61f3e07c551e"	"cas"	"cas505851"	"3 1/2 miles se of bee camp spring, cone peak-marble peak trail."	36.0519	-121.4963	"united states"	"california"	"monterey"	NA	89	"pinaceae"	"pinus"	"attenuata"	NA	"pinus attenuata"
"e3cd6b8c-357b-40c0-b926-8986352bf1e1"	"sd"	"sd13289"	"santa ana mountains, northeast of sugarloaf peak (pleasants peak), along main street trail"	33.7973	-117.6182	"united states"	"california"	"orange"	NA	1000	"pinaceae"	"pinus"	"attenuata"	NA	"pinus attenuata"
"e5dc4a66-f85d-4a4c-b0c9-dedebf007974"	"hsc"	"hsc34020"	"2.1 mi n of junction of bottle rd. and hwy. 175, bulk collection 68"	38.8422	-122.7494	"united states"	"california"	"lake"	NA	750	"pinaceae"	"pinus"	"attenuata"	NA	"pinus attenuata"
"e727a414-d47d-4a83-8edf-7809a9b49d15"	"ucsb"	"ucsb11878"	"3 mi. n of u.s. 101 at cummings on logging road"	39.8562742371267	-123.643732102133	"united states"	"california"	"mendocino"	NA	343	"pinaceae"	"pinus"	"attenuata"	NA	"pinus attenuata"
"e72ca6e2-1001-43b1-bc0a-2946bc7a21b3"	"rsa"	"rsa263726"	"main divide truck trail, pleasant peak north slope."	33.7986	-117.6062	"united states"	"california"	"riverside"	NA	284	"pinaceae"	"pinus"	"attenuata"	NA	"pinus attenuata"
"e7889521-7ba6-4521-a678-7c1ecd6ba2be"	"rsa"	"rsa706248"	"nw of boulder creek, sw of eagle peak. along poor \'\'road\'\' above n side of mill creek. lockheed missile test base, empire grade road."	37.125	-122.208333333333	"united states"	"california"	"santa cruz"	NA	NA	"pinaceae"	"pinus"	"attenuata"	NA	"pinus attenuata"
"e83b702b-ac9f-49c9-ab85-50461203276f"	"ds"	"ds196422"	"hazelview summit on crescent city, grants pass road"	41.9721	-123.7518	"united states"	"california"	"del norte"	NA	400	"pinaceae"	"pinus"	"attenuata"	NA	"pinus attenuata"
"e948f01c-2224-4fe4-96da-ac5dd7215642"	"ds"	"ds61203"	"red mt. near ukiah"	39.0653	-123.09	"united states"	"california"	"mendocino"	NA	1487	"pinaceae"	"pinus"	"attenuata"	NA	"pinus attenuata"
"e9e36ad2-8c5a-4612-b9b0-89e847dfab1f"	"uc"	"uc691929"	"toward top of middle ridge (in ne fork of creek); mount diablo, inner black hills, sycamore creek"	37.8422906465906	-121.913169227472	"united states"	"california"	"contra costa"	NA	330	"pinaceae"	"pinus"	"attenuata"	NA	"pinus attenuata"
"ea4a4058-66ec-40b2-8e02-b9d6444bbeed"	"pom"	"pom126378"	"near airlas upper ranch above san antonio creek."	36.0497	-121.2984	"united states"	"california"	"monterey"	NA	1550	"pinaceae"	"pinus"	"attenuata"	NA	"pinus attenuata"
"ea6f5f61-f135-44d2-85c8-a1bf42282969"	"cas"	"863020"	"along lumpkin road, about 1.5 miles north-east of forbestown road"	39.5247222222	-121.3408333333	"united states"	"california"	"butte county"	NA	NA	"pinaceae"	"pinus"	"attenuata"	NA	"pinus attenuata  lemmon"
"ead1052a-20f2-414a-9d05-1db634cb42fe"	"uc"	"uc747598"	"immediately s and e along the michigan-calif. lumber co. railway south fork american river; michigan-calif. lumber co. railway"	38.7758	-120.8129	"united states"	"california"	"el dorado"	NA	5422	"pinaceae"	"pinus"	"attenuata"	NA	"pinus attenuata"
"eb37850b-2cbe-4513-90c6-e03c6e896b6c"	"sdsu"	"sdsu17282"	"dirt service road to eagle rock, ca. 0.4 along road from peak, ca. 0.3 mile southwest of peak (directly), big basin redwood state park boundary."	37.14444	-122.19944	"united states"	"california"	"santa cruz"	NA	NA	"pinaceae"	"pinus"	"attenuata"	NA	"pinus attenuata"
"eb7e4f92-b0c1-45ca-9aa1-8aa3ad231d28"	"sjsu"	"sjsu2224"	"junction of hardscrabble creek & middle fork of smith river"	41.8403	-124.0268	"united states"	"california"	"del norte"	NA	165	"pinaceae"	"pinus"	"attenuata"	NA	"pinus attenuata"
"ec68e348-f5b4-4b93-9c79-2af3f1392bc5"	"rsa"	"rsa12825"	"so. slope of main ridge, saddle n.w. of sugarloaf pk. (pleasants pk.) 1 3/10 mi. so. of summit of skyline drive, santa ana mts. altitude 3800 ft. c."	33.7900174356021	-117.600882425486	"united states"	"california"	"orange"	NA	1650	"pinaceae"	"pinus"	"attenuata"	NA	"pinus attenuata"
"ec9ecda3-fd4a-43da-bbdc-a78c2cd6f115"	"ds"	"ds569766"	"vicinity of loma prieta, summit of the santa cruz mts."	37.0833333333	-121.8333333333	"united states"	"california"	"santa cruz"	NA	NA	"pinaceae"	"pinus"	"attenuata"	NA	"pinus attenuata"
"ecb250ae-4982-43a3-9f32-2d7a492ed2d3"	"cas"	"252151"	"salmon river near big flat"	41.069	-122.9365	"united states"	"california"	"siskiyou county"	NA	NA	"pinaceae"	"pinus"	"attenuata"	NA	"pinus attenuata  lemmon"
"ee5a9dea-8457-4627-90ef-a3949c36054b"	"cas"	"cas801408"	"red mt. campground, red mt. south gs. 2500 feet and higher; 853.5 m."	39.0815	-123.0947	"united states"	"california"	"mendocino"	NA	472	"pinaceae"	"pinus"	"attenuata"	NA	"pinus attenuata"
"ee7bbdba-129f-47b2-8176-1dda09fcfc6c"	"ny"	"34615"	NA	38.581545	-121.494345	"united states"	"california"	NA	NA	NA	"pinaceae"	"pinus"	"attenuata"	NA	"pinus attenuata lemmon"
"eeb0b382-eac0-409f-9af3-90e0ce272c26"	"cas"	"1145901"	"bear wallows, 2 mi. north of sanger peak"	41.9496	-123.6557	"united states"	"california"	"del norte county"	NA	NA	"pinaceae"	"pinus"	"attenuata"	NA	"pinus attenuata  lemmon"
"ef243c00-08fc-4450-8ba7-c592e410212e"	"ds"	"ds159057"	"along the smith river, 1/2 mile below patrick\'s creek"	41.8696	-123.8392	"united states"	"california"	"del norte"	NA	167	"pinaceae"	"pinus"	"attenuata"	NA	"pinus attenuata"
"ef2446a6-197b-4b49-88d4-c7c796817657"	"cas"	"cas344570"	"near summit of cayenne ridge, marble mountain"	41.6232	-123.1973	"united states"	"california"	"siskiyou"	NA	709	"pinaceae"	"pinus"	"attenuata"	NA	"pinus attenuata"
"ef9c68b4-70a1-4c32-8b81-72a21800a376"	"sd"	"sd42286"	"north coast range, 8 miles east of hoop valley on new road towards trinity summit"	41.0906	-123.6269	"united states"	"california"	"humboldt"	NA	507	"pinaceae"	"pinus"	"attenuata"	NA	"pinus attenuata"
"efb45831-3cc4-4702-a90d-07ee6da7b998"	"uc"	"uc1713793"	"shasta; se slopes"	41.3837464864422	-122.162758625654	"united states"	"california"	"siskiyou"	NA	3544	"pinaceae"	"pinus"	"attenuata"	NA	"pinus attenuata"
"f02c4eec-1506-48dd-bf92-13448d83cf2b"	"uc"	"uc813197"	"below rattlesnake spring; alder springs grade"	39.6518785483963	-122.726007665804	"united states"	"california"	"glenn"	NA	404	"pinaceae"	"pinus"	"attenuata"	NA	"pinus attenuata"
"f18a1a3b-8f54-462c-898a-d0477ceeb270"	"hsc"	"hsc50712"	"near wimer rd., close to the town of smith river"	41.91286111	-124.0223889	"united states"	"california"	"del norte"	NA	NA	"pinaceae"	"pinus"	"attenuata"	NA	"pinus attenuata"
"f2b3459c-b259-467c-94bf-196de7f966d1"	"cas"	"200750"	"moraga pass"	37.8352	-122.1857	"united states"	"california"	"alameda county"	NA	NA	"pinaceae"	"pinus"	"attenuata"	NA	"pinus attenuata  lemmon"
"f309fdf1-53d2-4121-bae3-3d3f9e00117a"	"hsc"	"hsc77992"	"trail to big bear lake"	41.1991	-122.6993	"united states"	"california"	"trinity"	NA	267	"pinaceae"	"pinus"	"attenuata"	NA	"pinus attenuata"
"f327722a-b81c-40bd-b1a2-e5a13dee7ace"	"dek"	"dek000091054"	"rancho santa ana botanic garden"	33.74556	-117.86694	"united states"	"california"	"orange"	"claremont"	7271	"pinaceae"	"pinus"	"attenuata"	NA	"pinus attenuata"
"f5bc608c-f208-45bd-8aeb-487b95b7ba27"	"cas"	"cas386991"	"mt. veeder"	38.3769	-122.446	"united states"	"california"	"napa"	NA	550	"pinaceae"	"pinus"	"attenuata"	NA	"pinus attenuata"
"f5de7373-c607-4787-9a57-1a4acfbf3f6a"	"chsc"	"chsc23632"	"35 miles east of willows on road to plaskett meadows. 10 yards n of road on north facing slope in grindstone canyon"	39.6636111111111	-122.527222222222	"united states"	"california"	"glenn"	NA	825	"pinaceae"	"pinus"	"attenuata"	NA	"pinus attenuata"
"f5f09e7b-2a87-4b8f-a597-2a0757573674"	"sd"	"sd136372"	"south slope of main ridge, saddle northwest of sugarloaf peak, 1.3 mile south of summit of skyline drive, santa ana mountains"	33.7973	-117.6182	"united states"	"california"	"orange"	NA	1000	"pinaceae"	"pinus"	"attenuata"	NA	"pinus attenuata"
"f5f56c77-e1fc-47b9-8587-e90ea93f90be"	"uc"	"uc144"	"moraga"	37.8334	-122.1319	"united states"	"california"	"contra costa"	NA	3000	"pinaceae"	"pinus"	"attenuata"	NA	"pinus attenuata"
"f7484040-af83-46db-ac24-12403c84df51"	"rsa"	"rsa10627"	"upper slopes of mount st. helena"	38.6688	-122.6319	"united states"	"california"	"napa"	NA	3000	"pinaceae"	"pinus"	"attenuata"	NA	"pinus attenuata"
"f7f2fc7a-6f8e-4108-b1b2-98b483ae5468"	"hsc"	"hsc51990"	"near ship mtn., close to the town of gasquet"	41.70486111	-123.7958611	"united states"	"california"	"del norte"	NA	NA	"pinaceae"	"pinus"	"attenuata"	NA	"pinus attenuata"
"f9250871-ef19-4e2e-8d18-498cbb04ffa9"	"cas"	"159057"	"along the smith river, 1/2 mile below patrick's creek"	41.8696	-123.8392	"united states"	"california"	"del norte county"	NA	NA	"pinaceae"	"pinus"	"attenuata"	NA	"pinus attenuata  lemmon"
"fa62e8c3-ff5f-4e37-85cb-fafe9c88d4f6"	"uc"	"uc532151"	"saddle nw of sugarloaf pk. (pleasants pk.) (s slope of main ridge, 1.3 mi s of summit of skyline drive); santa ana mts."	33.7900174356021	-117.600882425486	"united states"	"california"	"orange"	NA	1650	"pinaceae"	"pinus"	"attenuata"	NA	"pinus attenuata"
"facc7409-7951-4751-9d76-0f27a3ee97d3"	"ucr"	"ucr19"	"san bernardino mtns. city creek canyon"	34.18333	-117.13333	"united states"	"california"	"san bernardino"	NA	NA	"pinaceae"	"pinus"	"attenuata"	NA	"pinus attenuata"
"fad8bb02-44e6-4c99-960d-bb1e0496d480"	"chsc"	"chsc105196"	"ca 11 air mi ssw of stonyford, 5 mi nw of indian valley reservoir, just n of colusa/lake co line, near bear wallow spring. in serpentine substrate on gentle n-facing slope along lovelady ridge rd ca 0.35 mi n of its jcn with usfs rd 16n06, near top of pacific ridge"	39.2175	-122.592777777778	"united states"	"california"	"colusa"	NA	NA	"pinaceae"	"pinus"	"attenuata"	NA	"pinus attenuata"
"fb3db473-fbbd-401a-933a-c27c09633ea5"	"uc"	"uc70575"	"near kinsley"	37.6981	-119.9821	"united states"	"california"	"mariposa"	NA	600	"pinaceae"	"pinus"	"attenuata"	NA	"pinus attenuata"
"fb5c1331-4a0f-4de2-81e1-78678b2ce48d"	"sfv"	"sfv7868"	"san gabriel mountains angeles forest highway."	34.2608	-118.1155	"united states"	"california"	"los angeles"	NA	900	"pinaceae"	"pinus"	"attenuata"	NA	"pinus attenuata"
"fbc903a8-befb-4f1b-8cfa-542d3af70094"	"chsc"	"chsc42502"	"along lumpkin road, about 1.5 miles north-east of forbestown road"	39.5247222222222	-121.340833333333	"united states"	"california"	"butte"	NA	1650	"pinaceae"	"pinus"	"attenuata"	NA	"pinus attenuata"
"fc47a2a2-30d1-454f-9fa6-24eb53b62e91"	"sdsu"	"sdsu18980"	"lockheed-martin facility at northern terminus of empire grade road, on northern end of ben lomond mountain. approximately 7 linear km west of boulder creek."	37.12389	-122.22028	"united states"	"california"	"santa cruz"	NA	3	"pinaceae"	"pinus"	"attenuata"	NA	"pinus attenuata"
"fd55ca30-9033-4af7-874d-dcb307574ad5"	"ucr"	"ucr137333"	"peninsular range puerta la cruz road, above indian flats"	33.36611	-116.67528	"united states"	"california"	"san diego"	NA	1000	"pinaceae"	"pinus"	"attenuata"	NA	"pinus attenuata"
"fda55aad-4bb7-47ed-99b0-a09052a503f3"	"rsa"	"rsa12507"	"3/10 mile below walker creek, klamath river."	41.8349	-123.177	"united states"	"california"	"siskiyou"	NA	108	"pinaceae"	"pinus"	"attenuata"	NA	"pinus attenuata"
"fe4df216-13d8-451d-9096-18d76aad9e07"	"uc"	"uc1134146"	"2.6 mi ne hunter point; lakeport quad., mendocino nat. forest"	39.2159490482963	-122.937108045851	"united states"	"california"	"lake"	NA	262	"pinaceae"	"pinus"	"attenuata"	NA	"pinus attenuata"
"fe527e0f-1507-4b6d-b792-82d566dfb748"	"cas"	"cas177724"	"on road to saratoga, near big basin, santa cruz mts."	37.1689	-122.2208	"united states"	"california"	"santa cruz"	NA	10000	"pinaceae"	"pinus"	"attenuata"	NA	"pinus attenuata"
"feb69985-c5b0-4084-b992-4a07222781e1"	"ds"	"ds61205"	"red mt. northern mendocino co."	39.9208	-123.6616	"united states"	"california"	"mendocino"	NA	2969	"pinaceae"	"pinus"	"attenuata"	NA	"pinus attenuata"
