"00817440-6741-49d7-86b9-715b55f76a63"	"dbg"	"khd00038755"	"tolland"	39.903083	-105.588064	"united states"	"colorado"	"gilpin county"	NA	10000	"rosaceae"	"potentilla"	"fruticosa"	NA	"potentilla fruticosa"
"019877f5-3f2c-4dc5-afcc-a5dfbe8677b8"	"ucr"	"ucr123197"	"eastern sierra nevada mountains rock creek valley, 1.0 mi south of rock creek lake"	37.435	-118.74833	"united states"	"california"	"inyo"	NA	1000	"rosaceae"	"potentilla"	"fruticosa"	NA	"potentilla fruticosa"
"0258987b-c383-45e7-b8e1-f03dd65a31b2"	"ypm"	"cbs.021155"	NA	41.9945	-72.6788	"united states"	"connecticut"	"hartford county"	"suffield"	8341	"rosaceae"	"potentilla"	"fruticosa"	NA	"potentilla fruticosa"
"031c17bd-7319-436f-ac67-3ffdb58c49a0"	"uc"	"uc903055"	"above dobkins lake (n side of mount eddy); above dobkins lake, n side mount eddy"	41.3404210542867	-122.481089052777	"united states"	"california"	"siskiyou"	NA	375	"rosaceae"	"potentilla"	"fruticosa"	NA	"potentilla fruticosa"
"04fe4d59-506d-42b2-8e24-93dc3a748629"	"uc"	"uc1311742"	"vicinity crooked creek cave (on slope s of cave); white mountains, crooked creek canyon"	37.5065	-118.1577	"united states"	"california"	"mono"	NA	450	"rosaceae"	"potentilla"	"fruticosa"	NA	"potentilla fruticosa"
"0813d0a1-d8cd-40d4-8159-e303d8302e11"	"ypm"	"yu.054765"	NA	41.6049	-72.88	"united states"	"connecticut"	"hartford county"	"southington"	7725	"rosaceae"	"potentilla"	"fruticosa"	NA	"potentilla fruticosa"
"08a1265d-6533-4743-8e7b-6acfa47aea42"	"sd"	"sd93479"	"garnet creek above middle fork san joaquin river."	37.7	-119.13333	"united states"	"california"	"madera"	NA	NA	"rosaceae"	"potentilla"	"fruticosa"	NA	"potentilla fruticosa"
"0b0ff8f0-22b3-4295-be2a-c5a48b6eaabd"	"uvsc"	"3462"	"box-death hollow wilderness area, up pine creek; upper box."	37.951667	-111.650003	"united states"	"utah"	"garfield"	NA	1800	"rosaceae"	"potentilla"	"fruticosa"	NA	"potentilla fruticosa"
"0bdd5797-1524-4d19-94a1-fc8f65f57c9c"	"ypm"	"cbs.021138"	NA	41.8426	-72.7407	"united states"	"connecticut"	"hartford county"	"bloomfield"	7112	"rosaceae"	"potentilla"	"fruticosa"	NA	"potentilla fruticosa"
"0d95adb8-ddca-4397-bd4f-e34ec9df0d0c"	"dbg"	"khd00016360"	NA	39.675627	-105.455246	"united states"	"colorado"	"clear creek county"	NA	NA	"rosaceae"	"potentilla"	"fruticosa"	NA	"potentilla fruticosa"
"0db2c54a-ffde-415c-b1ff-5d6786818b47"	"uc"	"uc859865"	"meadow near the head wagon creek canyon (mt. eddy); mt. eddy"	41.3241915547576	-122.464048183747	"united states"	"california"	"siskiyou"	NA	1580	"rosaceae"	"potentilla"	"fruticosa"	NA	"potentilla fruticosa"
"0dbbb04a-f489-4d78-99a8-b1118849c610"	"uc"	"uc1128171"	"walker mt. mono national forest, bridgeport quad."	38.2396171200709	-119.469598971725	"united states"	"california"	"mono"	NA	825	"rosaceae"	"potentilla"	"fruticosa"	NA	"potentilla fruticosa"
"0e9f97ff-1e77-4208-912c-da1734f23d34"	"uc"	"uc1299880"	"south fork of crooked creek white mountains, south fork of crooked creek"	37.5	-118.25	"united states"	"california"	"mono"	NA	NA	"rosaceae"	"potentilla"	"fruticosa"	NA	"potentilla fruticosa"
"10f116be-5abe-4168-9592-a1cb505b1298"	"dbg"	"khd00033846"	NA	38.681907	-108.682592	"united states"	"colorado"	"mesa county"	NA	NA	"rosaceae"	"potentilla"	"fruticosa"	NA	"potentilla fruticosa"
"112c03a3-3568-4db2-b733-a998ca2dd76d"	"rsa"	"rsa717491"	"s of tioga pass, mt. dana trail. near"	37.9	-119.233333333333	"united states"	"california"	"tuolumne"	NA	NA	"rosaceae"	"potentilla"	"fruticosa"	NA	"potentilla fruticosa"
"11681a9c-8579-47b0-be55-194206af3f1c"	"ypm"	"yu.054762"	NA	41.986	-73.4257	"united states"	"connecticut"	"litchfield county"	"salisbury"	9878	"rosaceae"	"potentilla"	"fruticosa"	NA	"potentilla fruticosa"
"118bc2ef-479e-4d1f-9e11-4b53e7647e57"	"ypm"	"yu.054763"	NA	41.7406	-73.3449	"united states"	"connecticut"	"litchfield county"	"warren"	5847	"rosaceae"	"potentilla"	"fruticosa"	NA	"potentilla fruticosa"
"1222a128-4d0c-4b60-a978-36eac0885402"	"dbg"	"khd00019495"	"4 miles nw of alma, pike national forest"	39.310802	-106.117723	"united states"	"colorado"	"park county"	NA	1000	"rosaceae"	"potentilla"	"fruticosa"	NA	"potentilla fruticosa"
"124ff1e8-62f4-49cb-ba18-fd2caaf86a51"	"uc"	"uc12523"	"bridge creek"	40.48056	-120.95694	"united states"	"california"	"lassen"	NA	NA	"rosaceae"	"potentilla"	"fruticosa"	NA	"potentilla fruticosa"
"12a5f802-d607-4acb-a16e-fd43e6b7ae7e"	"ym-yose"	"ym-yose64417"	"donohue pass"	37.7611	-119.249	"united states"	"california"	"tuolumne"	NA	600	"rosaceae"	"potentilla"	"fruticosa"	NA	"potentilla fruticosa"
"12dbc8e0-0127-46d8-bec2-71f8c0f4f117"	"chsc"	"chsc1571"	"mt. eddy"	41.3205555555556	-122.478333333333	"united states"	"california"	"siskiyou"	NA	825	"rosaceae"	"potentilla"	"fruticosa"	NA	"potentilla fruticosa"
"140270b7-e713-4b50-adff-0d459636535d"	"ills"	NA	"sabatini family land, immediately south of the bow river, 20 miles southeast of calgary, alberta"	50.8058	-113.6725	"canada"	"alberta"	NA	NA	NA	"rosaceae"	"potentilla"	"fruticosa"	NA	"potentilla fruticosa"
"14a462de-68b4-454c-be11-04f729058fe4"	"dbg"	"khd00024283"	"7.5' windy peak quad, pike nat'l forest, lost creek drainage between tarryall and kenosha mts., along forest trail 609, ca .85 air miles se of lost park campground."	39.272504	-105.49472	"united states"	"colorado"	"park county"	NA	20	"rosaceae"	"potentilla"	"fruticosa"	NA	"potentilla fruticosa"
"165f53be-5464-4388-b12d-cf03c1810ef2"	"dbg"	"khd00038715"	"estern san miguel mountains; east fok trail, 0.5 miles s of colorado 145."	37.790466	-107.936646	"united states"	"colorado"	"dolores county"	NA	NA	"rosaceae"	"potentilla"	"fruticosa"	NA	"potentilla fruticosa"
"18824964-228e-44e0-a4f3-c2287509ab58"	"uc"	"uc562992"	"piute pass sierra nevada, , great western divide"	37.24	-118.6805	"united states"	"california"	"inyo"	NA	600	"rosaceae"	"potentilla"	"fruticosa"	NA	"potentilla fruticosa"
"1914249f-9691-4f85-8f07-85380da5cda1"	"ypm"	"cbs.021151"	NA	41.4854	-72.2664	"united states"	"connecticut"	"new london county"	"salem"	7093	"rosaceae"	"potentilla"	"fruticosa"	NA	"potentilla fruticosa"
"1a241a46-28ed-42ec-ae8a-214d3535cbb9"	"des"	"des00001153"	"flagstaff."	35.19806	-111.65056	"united states"	"arizona"	"coconino"	NA	5059	"rosaceae"	"potentilla"	"fruticosa"	NA	"potentilla fruticosa"
"1a2bcc5d-8ed8-4002-b4f4-52a37d740993"	"rsa"	"rsa85689"	"shores of heart lake, rock creek lake basin, northern inyo county"	37.4201	-118.7549	"united states"	"california"	"inyo"	NA	270	"rosaceae"	"potentilla"	"fruticosa"	NA	"potentilla fruticosa"
"1b4fef50-c2ba-4853-82de-c43fd21bd5f8"	"dbg"	"khd00019499"	"denver county, auraria campus"	39.73917	-104.98417	"united states"	"colorado"	"denver county"	NA	NA	"rosaceae"	"potentilla"	"fruticosa"	NA	"potentilla fruticosa"
"1bdf44c5-0870-4196-a8e5-a5be05daca79"	"dbg"	"khd00038717"	"mosquito range. pike national forest. intersection of buffalo peaks raod (431) and bear gulch raod."	39.12158	-106.062498	"united states"	"colorado"	"park county"	NA	NA	"rosaceae"	"potentilla"	"fruticosa"	NA	"potentilla fruticosa"
"1e74a46e-6da4-428a-842a-72433756b9a5"	"uconn"	"conn00060523"	"mansfield"	41.78833	-72.22944	"united states"	"connecticut"	"tolland county"	"mansfield"	20000	"rosaceae"	"potentilla"	"fruticosa"	NA	"potentilla norvegica var. norvegica l."
"1ee5834a-f655-4623-8af3-cb6874f75fa0"	"ypm"	"yu.054765"	NA	41.6049	-72.88	"united states"	"connecticut"	"hartford county"	"southington"	7725	"rosaceae"	"potentilla"	"fruticosa"	NA	"potentilla fruticosa"
"1f5ecc6e-5662-4f5e-bcdd-b21ce7dbfaab"	"dbg"	"khd00038749"	"florissant fossil beds national monument"	38.918864	-105.247593	"united states"	"colorado"	"teller county"	NA	NA	"rosaceae"	"potentilla"	"fruticosa"	NA	"potentilla fruticosa"
"210268cf-bf7a-4240-8b85-385247531b59"	"dbg"	"khd00038752"	"golden gate canyon state park, 100 yards below the spillway of dudes fishing holes."	39.862596	-105.416891	"united states"	"colorado"	"gilpin county"	NA	NA	"rosaceae"	"potentilla"	"fruticosa"	NA	"potentilla fruticosa"
"219fa2d8-9066-4ea4-97c2-8c641def9079"	"ypm"	"cbs.021143"	NA	41.325	-73.3974	"united states"	"connecticut"	"fairfield county"	NA	43847	"rosaceae"	"potentilla"	"fruticosa"	NA	"potentilla fruticosa"
"21a8a161-639f-4d4a-b78d-3b7fb8df206a"	"uc"	"uc1215499"	"rocky iceplaned nw facing gradual slope at base peak & overlooking 3 lakelets above s wall n. goddard creek canyon (top of rock ledge next to creek below lower (s westernmost) lakelet); blackcap mt and mt. goddard quadrangles"	37.1280878649295	-118.751513126587	"united states"	"california"	"fresno"	NA	1663	"rosaceae"	"potentilla"	"fruticosa"	NA	"potentilla fruticosa"
"22ede092-76c9-4c68-a276-0cffebbd6c1c"	"ypm"	"yu.054766"	NA	41.4675	-73.3923	"united states"	"connecticut"	"fairfield county"	"brookfield"	5533	"rosaceae"	"potentilla"	"fruticosa"	NA	"potentilla fruticosa"
"23302c63-e98c-42d2-ba30-a37101af9248"	"dbg"	NA	"rio grande national forest, san juan mountains; private property (humphreys ranch) that includes lake humphreys and hay press lake, ca. 6.5 miles s of wagon wheel gap and confluence with rio grande. sw of lake humphreys near mouth of inlet from upper ponds."	37.67486	-106.85983	"united states"	"colorado"	"mineral county"	NA	NA	"rosaceae"	"potentilla"	"fruticosa"	NA	"potentilla fruticosa"
"2334c789-822d-4528-b10b-78633fa67d4b"	"dbg"	"khd00038722"	"fraser"	39.942976	-105.816201	"united states"	"colorado"	NA	NA	10000	"rosaceae"	"potentilla"	"fruticosa"	NA	"potentilla fruticosa"
"23cbfb84-8b5f-4fc0-a328-4a1e69f1a2e7"	"uc"	"uc609368"	"edge of lower wright lake, east side"	41.5836260998397	-123.08699197924	"united states"	"california"	"siskiyou"	NA	343	"rosaceae"	"potentilla"	"fruticosa"	NA	"potentilla fruticosa"
"24e9d7a6-0b7f-4ad4-be27-f203b5bbadea"	"ypm"	"yu.054767"	NA	41.3062	-73.5019	"united states"	"connecticut"	"fairfield county"	"ridgefield"	8441	"rosaceae"	"potentilla"	"fruticosa"	NA	"potentilla fruticosa"
"253dd7d8-0faf-4cb0-9e98-9935ee200d7e"	"ym-yose"	"ym-yose64415"	"mt. dana"	37.90112648965	-119.228384300551	"united states"	"california"	"tuolumne"	NA	3222	"rosaceae"	"potentilla"	"fruticosa"	NA	"potentilla fruticosa"
"25d81853-9a77-4e7e-8170-dedc7453ae93"	"dbg"	"khd00038716"	"s slope over pass on avery mountain"	38.978315	-106.975923	"united states"	"colorado"	NA	NA	10000	"rosaceae"	"potentilla"	"fruticosa"	NA	"potentilla fruticosa"
"25d8d5ff-33dc-4192-9090-034385d94d48"	"ypm"	"cbs.021142"	NA	41.7288	-72.841	"united states"	"connecticut"	"hartford county"	"farmington"	7700	"rosaceae"	"potentilla"	"fruticosa"	NA	"potentilla fruticosa"
"2600dc36-a017-40de-b747-873e5f2f47a3"	"cda"	"cda19339"	"john muir wilderness ""hanging"" meadow beside trail overlooking mildred lake."	37.5333333333333	-118.866666666667	"united states"	"california"	"mono"	NA	NA	"rosaceae"	"potentilla"	"fruticosa"	NA	"potentilla fruticosa"
"26672832-f8a2-48b2-9b71-541c1779e5c2"	"ny"	"194971"	"village of hudu"	102.17	37	"china"	"qinghai"	NA	NA	NA	"rosaceae"	"potentilla"	"fruticosa"	NA	"potentilla fruticosa l."
"26cf9420-8370-428d-aa9d-6449fb772250"	"dbg"	"khd00057745"	"rio grande national forest, san juan mountains; private property (humphreys ranch) surrounding lake humphreys and hay press lake, ca. 6 miles s of wagon wheel gap."	37.68262	-106.85392	"united states"	"colorado"	"mineral county"	NA	NA	"rosaceae"	"potentilla"	"fruticosa"	NA	"potentilla fruticosa"
"283ce19a-8b33-4861-b72f-78094c76eced"	"ny"	"01154235"	"fort hall indian reservation, west side of clear creek"	43.0431	-112.5442	"united states"	"idaho"	"bingham co."	NA	NA	"rosaceae"	"potentilla"	"fruticosa"	NA	"potentilla fruticosa l."
"28a2adfd-a96a-4fab-a17b-dd0bae3b5d7d"	"ym-yose"	"ym-yose117489"	"above upper gaylor lake"	37.9131709170594	-119.264908863729	"united states"	"california"	"tuolumne"	NA	NA	"rosaceae"	"potentilla"	"fruticosa"	NA	"potentilla fruticosa"
"297774ba-7d36-4a13-965c-236f25a8d139"	"ucr"	"ucr26463"	"sierra nevada mtns. se of the dam that forms ellery lake, north side of the dana plateau"	37.93389	-119.23056	"united states"	"california"	"mono"	NA	1000	"rosaceae"	"potentilla"	"fruticosa"	NA	"potentilla fruticosa"
"2a1d2da2-08c9-43e4-ac19-1e24c1fdd4e8"	"ym-yose"	"ym-yose117247"	"head of virginia canyon, yosemite national park"	38.0646224581282	-119.348865602697	"united states"	"california"	"tuolumne"	NA	NA	"rosaceae"	"potentilla"	"fruticosa"	NA	"potentilla fruticosa"
"2a807583-955e-4906-8f7f-72ef67b2de68"	"ypm"	"cbs.021146"	NA	41.3348	-72.7005	"united states"	"connecticut"	"new haven county"	"guilford"	11053	"rosaceae"	"potentilla"	"fruticosa"	NA	"potentilla fruticosa"
"2b99d9db-18c9-48f8-b670-73b45be06273"	"ny"	"748598"	"green river basin: little sandy creek, ca. 5 air miles southeast of leckie"	42.53	-109.21	"united states"	"wyoming"	"sublette co."	NA	NA	"rosaceae"	"potentilla"	"fruticosa"	NA	"potentilla fruticosa l."
"2c6e9524-9525-4d86-bfa5-413f6677d788"	"ypm"	"yu.054771"	NA	41.3645	-72.7767	"united states"	"connecticut"	"new haven county"	"north branford"	8305	"rosaceae"	"potentilla"	"fruticosa"	NA	"potentilla fruticosa"
"2d2e0e7e-3fa9-416f-83ce-f36307071a4f"	"dbg"	"khd00038745"	"mosquito range, san isabel national forest, n. of buffalo peaks, along usfs rd. 431, headwaters of e. fork of lynch creek."	39.024781	-106.097933	"united states"	"colorado"	"park county"	NA	NA	"rosaceae"	"potentilla"	"fruticosa"	NA	"potentilla fruticosa"
"2d715945-6737-4037-8263-daf86b987581"	"ypm"	"yu.054760"	NA	41.7413	-73.1931	"united states"	"connecticut"	"litchfield county"	"litchfield"	11151	"rosaceae"	"potentilla"	"fruticosa"	NA	"potentilla fruticosa"
"308e42f4-bc95-4453-ae77-853722476ed3"	"ypm"	"cbs.021150"	NA	41.4313	-73.1351	"united states"	"connecticut"	"new haven county"	"oxford"	7184	"rosaceae"	"potentilla"	"fruticosa"	NA	"potentilla fruticosa"
"310a26de-e0da-49c5-bd15-881e3c9953c2"	"lsu"	"lsu00088552"	"s side of nwt 1, 21 km ese of jct. nwt 1 and nwt 7. 59 air km sse of fort simpson. fort simpson 95 h quad. map 1:250,000"	61.376	-120.918	"canada"	"northwest territories"	"fort smith region"	NA	NA	"rosaceae"	"potentilla"	"fruticosa"	NA	"potentilla fruticosa"
"3176f131-58ad-49e1-86b5-40bda4341849"	"utc"	"utc00260897"	"wind river range: fitzpatrick wilderness area: shoshone national forest: ross lake trail."	43.4209	-109.6429	"united states"	"wyoming"	"fremont"	NA	NA	"rosaceae"	"potentilla"	"fruticosa"	NA	"potentilla fruticosa"
"318f07b1-7921-4e1a-ae65-51bc8f13dcde"	"mesa"	"mesa01276"	"grand mesa national forest; along new lands end road."	39.013682	-108.20959	"united states"	"colorado"	"mesa county"	NA	NA	"rosaceae"	"potentilla"	"fruticosa"	NA	"potentilla fruticosa"
"32632b10-a140-480d-93da-6cff70b7ba58"	"ypm"	"yu.054770"	NA	41.3113	-72.9246	"united states"	"connecticut"	"new haven county"	"new haven"	7484	"rosaceae"	"potentilla"	"fruticosa"	NA	"potentilla fruticosa"
"32c6acf5-e686-4ea6-a176-2c9dedb2333c"	"uvsc"	"15799"	"uinta mountains, where fr058 crosses steel creek, ca. 100 meters e of the junction with fr074, ca. 0.5 miles n of turnoff to hewinta guard station;"	40.960334	-110.483853	"united states"	"utah"	"summit"	NA	30	"rosaceae"	"potentilla"	"fruticosa"	NA	"potentilla fruticosa"
"3372c66a-75aa-47c3-9e21-9170e4f04816"	"rsa"	"rsa281646"	"bidwell peak se of dismal swamp, 6 air-miles e of highway 395 at newpine creek, warner mountains."	41.9639	-120.1635	"united states"	"california"	"modoc"	NA	700	"rosaceae"	"potentilla"	"fruticosa"	NA	"potentilla fruticosa"
"34a961b5-8f26-4b33-bd8b-a08a82250b49"	"dbg"	"khd00038719"	"catamount creek"	38.9984	-105.500278	"united states"	"colorado"	NA	NA	NA	"rosaceae"	"potentilla"	"fruticosa"	NA	"potentilla fruticosa"
"35758a0c-8165-417a-a80d-4e2b7fd54364"	"ypm"	"cbs.021145"	NA	41.3348	-72.7005	"united states"	"connecticut"	"new haven county"	"guilford"	11053	"rosaceae"	"potentilla"	"fruticosa"	NA	"potentilla fruticosa"
"37791277-2ea3-47b2-9c63-3b698afb62d8"	"jeps"	"jeps95566"	"t39n r6w ne1/4 nw1/4 sec. 25, 5850 ft, yellow pine forest. gumboot creek on the upstream side of forest rd. 26 (to mt. shasta), ca. 0.5 mi ne of gumboot lake, w of dunsmuir. woody perennial growing on the rocky edge of the creek."	41.2395710647257	-122.543729948909	"united states"	"california"	"siskiyou"	NA	4950	"rosaceae"	"potentilla"	"fruticosa"	NA	"potentilla fruticosa"
"37d7cd1e-5be1-40f8-8548-ed37e9a49ff7"	"mesa"	"mesa01273"	"8 miles s of hwy 330 on buzzard creek rd"	39.125423	-107.96361	"united states"	"colorado"	"montrose"	NA	10681	"rosaceae"	"potentilla"	"fruticosa"	NA	"potentilla fruticosa"
"3b97ef2e-7c27-4046-b7b5-3293c17f2a1c"	"ypm"	"cbs.021151"	NA	41.4854	-72.2664	"united states"	"connecticut"	"new london county"	"salem"	7093	"rosaceae"	"potentilla"	"fruticosa"	NA	"potentilla fruticosa"
"3c5fb0b6-3d0a-45f1-b7c7-ba4f1e13c191"	"dbg"	"khd00038750"	"rocky mountain national park, wild basin, north saint vrain creek."	40.220749	-105.54299	"united states"	"colorado"	"boulder county"	NA	NA	"rosaceae"	"potentilla"	"fruticosa"	NA	"potentilla fruticosa"
"3c76ed91-a557-4846-998b-77e15a619eba"	"ypm"	"cbs.021146"	NA	41.3348	-72.7005	"united states"	"connecticut"	"new haven county"	"guilford"	11053	"rosaceae"	"potentilla"	"fruticosa"	NA	"potentilla fruticosa"
"3cb34153-a09d-4f46-b010-6ef73351e828"	"ypm"	"yu.054774"	NA	41.3988	-73.2928	"united states"	"connecticut"	"fairfield county"	"newtown"	9643	"rosaceae"	"potentilla"	"fruticosa"	NA	"potentilla fruticosa"
"3d6ee650-6d2d-476c-ba4c-47a4339fed9d"	"rsa"	"rsa85686"	"gem lake, alt 9100ft, mono county"	37.7502	-119.1503	"united states"	"california"	"mono"	NA	1300	"rosaceae"	"potentilla"	"fruticosa"	NA	"potentilla fruticosa"
"3f86f3e3-a085-41a1-9875-6b8c97afb088"	"ypm"	"cbs.021149"	NA	41.9599	-73.3101	"united states"	"connecticut"	"litchfield county"	"canaan"	6663	"rosaceae"	"potentilla"	"fruticosa"	NA	"potentilla fruticosa"
"424e9a23-727f-45c2-9c12-dd910e299b13"	"uvsc"	"131"	"wasatch plateau, skyline drive, ca. 15 km s of fairview canyon road."	39.337222	-111.448611	"united states"	"utah"	"sanpete"	NA	NA	"rosaceae"	"potentilla"	"fruticosa"	NA	"potentilla fruticosa"
"447bb086-af7a-4ecc-a9fb-cd289e832c81"	"ypm"	"yu.054772"	NA	41.367	-72.717	"united states"	"connecticut"	"new haven county"	"north guilford"	5062	"rosaceae"	"potentilla"	"fruticosa"	NA	"potentilla fruticosa"
"44fd0879-a119-42c1-bc26-b853ad6a7004"	"ypm"	"yu.054768"	NA	41.305	-73.3914	"united states"	"connecticut"	"fairfield county"	"redding"	7272	"rosaceae"	"potentilla"	"fruticosa"	NA	"potentilla fruticosa"
"46d6308b-5f8f-4b68-b964-e54435199771"	"mesa"	"mesa01280"	"grand mesa, crater view road at lands end"	39.02639	-108.22222	"united states"	"colorado"	"mesa"	NA	301	"rosaceae"	"potentilla"	"fruticosa"	NA	"potentilla fruticosa"
"470dbc21-b231-48b0-8645-a89c06217250"	"uconn"	"conn00045037"	"mt. equinox, manchester"	43.17027	-73.11166	"united states"	"vermont"	"bennington county"	"manchester"	20000	"rosaceae"	"potentilla"	"fruticosa"	NA	"dasiphora floribunda (pursh) kartesz"
"47184b3f-a621-45b4-b719-b93319ec660a"	"ypm"	"cbs.021149"	NA	41.9599	-73.3101	"united states"	"connecticut"	"litchfield county"	"canaan"	6663	"rosaceae"	"potentilla"	"fruticosa"	NA	"potentilla fruticosa"
"484706dd-0727-4363-aa00-bf846c6b4d0a"	"jeps"	"jeps21557"	"about 2 mi above evolution valley bridge (goddard canyon); , above evolution valley bridge"	37.1813024409184	-118.726755007083	"united states"	"california"	"fresno"	NA	2488	"rosaceae"	"potentilla"	"fruticosa"	NA	"potentilla fruticosa"
"494f9227-9994-4d43-9ae0-93c4f34ba3b1"	"chsc"	"chsc48859"	"hwy 36, 12.6 mi e of the lassen-plumas county line, 0.8 mi e of fredonyer pass. roadcut"	40.3655555555556	-120.8475	"united states"	"california"	"lassen"	NA	206	"rosaceae"	"potentilla"	"fruticosa"	NA	"potentilla fruticosa"
"4a9a5a0e-3ec6-49b5-89e7-922b6f47e4d2"	"uc"	"uc419759"	"saddlebag lake"	37.9736	-119.2749	"united states"	"california"	"tuolumne"	NA	1800	"rosaceae"	"potentilla"	"fruticosa"	NA	"potentilla fruticosa"
"4c8c9412-9459-4106-96af-6653c8f42ef9"	"uc"	"uc1368622"	"on little hillock in bog molybdenite creek molybdenite creek"	38.272	-119.4281	"united states"	"california"	"mono"	NA	750	"rosaceae"	"potentilla"	"fruticosa"	NA	"potentilla fruticosa"
"4c8ca1eb-6c87-4564-a653-d3b8290a477e"	"uvsc"	"4112"	"aquarius plateau, near junction of rowlakes road."	38.058055	-111.584722	"united states"	"utah"	"garfield"	NA	NA	"rosaceae"	"potentilla"	"fruticosa"	NA	"potentilla fruticosa"
"4fdf7770-7474-44ae-a40a-199636375646"	"rsa"	"rsa123319"	"1 mile s of hunewill lake."	38.1072	-119.3354	"united states"	"california"	"mono"	NA	500	"rosaceae"	"potentilla"	"fruticosa"	NA	"potentilla fruticosa"
"4ff09616-e738-41cc-a878-9012fa47e10e"	"uam"	"212642"	"in the firth river, at its jct with muskeg creek"	68.7833333333	-140.4666666667	"canada"	"yukon territory"	NA	NA	1	"rosaceae"	"potentilla"	"fruticosa"	NA	"potentilla fruticosa"
"4ff4c6c0-63e5-402e-869f-1264a2891b31"	"mesa"	"mesa01272"	"t11s r96w sec 25, grand mesa"	39.0688	-108.0697	"united states"	"colorado"	"mesa"	NA	969	"rosaceae"	"potentilla"	"fruticosa"	NA	"potentilla fruticosa"
"519e7be5-a0c0-428a-b527-7fe85b4b8051"	"uc"	"uc1128168"	"2 1/2 mi ssw sonora pass; stanislaus national forest, dardanelles quad."	38.294728610817	-119.654695873156	"united states"	"california"	"tuolumne"	NA	1031	"rosaceae"	"potentilla"	"fruticosa"	NA	"potentilla fruticosa"
"52466ba3-f47d-470c-84b3-a3e6ac60bc69"	"jeps"	"jeps44191"	"mt. dana, saddle"	37.9011664886486	-119.2283543009	"united states"	"california"	"tuolumne"	NA	3222	"rosaceae"	"potentilla"	"fruticosa"	NA	"potentilla fruticosa"
"52bc5888-ea3d-45d9-943d-feecbbeaf9bd"	"uc"	"uc30038"	"saddle bet dana and gibbs; saddle bet dana and gibbs"	37.8905288046714	-119.225737907232	"united states"	"california"	"tuolumne"	NA	12272	"rosaceae"	"potentilla"	"fruticosa"	NA	"potentilla fruticosa"
"5350cdd8-29bd-4d56-9f72-f76135a97c82"	"uc"	"uc1281143"	"virginia lakes"	38.0471	-119.2621	"united states"	"california"	"mono"	NA	750	"rosaceae"	"potentilla"	"fruticosa"	NA	"potentilla fruticosa"
"53c72bf5-f2f1-45bb-9c2d-7eea35df3a43"	"mesa"	"mesa01279"	"intersection of forest service road 265 and dyke creek, 30 meters south of creek, west side of road"	39.127202	-107.559056	"united states"	"colorado"	"delta"	NA	210	"rosaceae"	"potentilla"	"fruticosa"	NA	"potentilla fruticosa"
"541b131e-850d-49d6-962e-9ef1ac76fb0e"	"ypm"	"yu.054769"	NA	41.3113	-72.9246	"united states"	"connecticut"	"new haven county"	"new haven"	7484	"rosaceae"	"potentilla"	"fruticosa"	NA	"potentilla fruticosa"
"548bf701-7b62-4fc9-a48b-24599036da78"	"ypm"	"cbs.021137"	NA	41.426	-72.9929	"united states"	"connecticut"	"new haven county"	"bethany"	5764	"rosaceae"	"potentilla"	"fruticosa"	NA	"potentilla fruticosa"
"54b86396-0811-4ee5-9860-a97b328c2d27"	"uc"	"uc463514"	"tamarack trail glen alpine canyon, tamarack trail"	38.8773876431834	-120.09306865268	"united states"	"california"	"el dorado"	NA	2075	"rosaceae"	"potentilla"	"fruticosa"	NA	"potentilla fruticosa"
"54b8f941-5819-416f-b651-13793461cc1b"	"ucr"	"ucr171338"	"northern sierra nevada mtns. nw of lake tahoe; junction of bear creek road and big john drive (c. 2.2 mi west of calif. highway 89 and just south of alpine meadows road)"	39.17556	-120.23389	"united states"	"california"	"placer"	NA	1000	"rosaceae"	"potentilla"	"fruticosa"	NA	"potentilla fruticosa"
"55c2d8f8-aa77-49da-862a-4266b57e1a03"	"uam"	"249789"	"lower noatak valley. wide plain, east side of noatak river just southeast of village of noatak."	67.5	-162.6666666667	"united states"	"alaska"	NA	NA	1	"rosaceae"	"potentilla"	"fruticosa"	NA	"potentilla fruticosa"
"55fe20ff-2e0b-4c91-895c-cd06e9036f88"	"uc"	"uc1861839"	"yosemite national park; head of virginia canyon"	38.06462	-119.34887	"united states"	"california"	"tuolumne"	NA	NA	"rosaceae"	"potentilla"	"fruticosa"	NA	"potentilla fruticosa"
"56ff4fdb-8b5c-449c-96c2-168b3177204c"	"uam"	"212641"	"small lake, in old crow flats, ca 22 mi southwest sam lake"	68.25	-138.8333333333	"canada"	"yukon territory"	NA	NA	1	"rosaceae"	"potentilla"	"fruticosa"	NA	"potentilla fruticosa"
"57780ea6-04a8-4482-911f-1eccf48d4d21"	"jeps"	"jeps44187"	"soda springs canyon above kennedy\'s lake; sierra nevada, soda springs canyon above kennedy\'s lake"	38.2503262167136	-119.673686306478	"united states"	"california"	"tuolumne"	NA	1544	"rosaceae"	"potentilla"	"fruticosa"	NA	"potentilla fruticosa"
"5987362a-753e-444e-b5df-adc35c6af46d"	"dbg"	"khd00038747"	"adjacent to colorado 17; 1.9 miles w of horca junction."	37.128234	-106.367519	"united states"	"colorado"	"conejos county"	NA	NA	"rosaceae"	"potentilla"	"fruticosa"	NA	"potentilla fruticosa"
"5ba18ac9-f399-41a7-95d1-44f940c79d5d"	"ypm"	"yu.054762"	NA	41.986	-73.4257	"united states"	"connecticut"	"litchfield county"	"salisbury"	9878	"rosaceae"	"potentilla"	"fruticosa"	NA	"potentilla fruticosa"
"5ba69bd8-d2de-47d0-8b11-8e14a80beba8"	"uvsc"	"9640"	"lapie river, near campbell highway"	61.982222	-132.600833	"canada"	"yukon territory"	NA	NA	NA	"rosaceae"	"potentilla"	"fruticosa"	"floribunda"	"potentilla fruticosa subsp. floribunda"
"5be703de-d2cb-4849-8754-aa54eb2f287b"	"uvsc"	"1105"	"dave's hollow, ca 4 km w of ruby's inn."	37.671666	-112.201388	"united states"	"utah"	"garfield"	NA	NA	"rosaceae"	"potentilla"	"fruticosa"	NA	"potentilla fruticosa"
"5d41abba-2880-45d3-bde9-f137e0993ced"	"mesa"	"mesa01277"	"r102w t14s sect 16, left hand turnoff 2 miles past hay press campground, in 1/8 mi turn left and go to locked gate"	38.8352	-108.8001	"united states"	"colorado"	"mesa"	NA	969	"rosaceae"	"potentilla"	"fruticosa"	NA	"potentilla fruticosa"
"5db29d66-ef14-4103-8533-29f9ec7981a0"	"mesa"	"mesa01286"	"grand mesa, ward lake area"	39.04028	-107.94917	"united states"	"colorado"	"delta"	NA	3036	"rosaceae"	"potentilla"	"fruticosa"	NA	"potentilla fruticosa"
"5de9429d-190d-4283-99d7-0038dc301d2d"	"pom"	"pom34668"	"soda springs"	39.3225	-120.3787	"united states"	"california"	"nevada"	NA	2163	"rosaceae"	"potentilla"	"fruticosa"	NA	"potentilla fruticosa"
"5e5be2a2-3774-4262-b3ab-98c163160ccc"	"uc"	"uc555508"	"ridge e second lake (gaylor lakes); , ridge e of second lake"	37.9129558233752	-119.264956046428	"united states"	"california"	"tuolumne"	NA	1106	"rosaceae"	"potentilla"	"fruticosa"	NA	"potentilla fruticosa"
"5ee12c6d-78b2-4b11-89ee-f79e0dfe181d"	"dbg"	"khd00019500"	"jefferson county, rampart range"	39.5	-105.3	"united states"	"colorado"	"jefferson county"	NA	10000	"rosaceae"	"potentilla"	"fruticosa"	NA	"potentilla fruticosa"
"605be4fe-ece7-4816-acf3-2e8b467c7592"	"des"	"des00069076"	"hart prairie, the nature conservancy property, 14 miles north of flagstaff off fr 151 to hart prairie rd, ne side of willows with open meadow adjacent."	35.345639	-111.731361	"united states"	"arizona"	"coconino county"	NA	NA	"rosaceae"	"potentilla"	"fruticosa"	NA	"potentilla fruticosa"
"60dd178c-ac50-448e-a196-c681094b4586"	"ym-yose"	"ym-yose64413"	"near mt. lyell trail"	37.7394	-119.2706	"united states"	"california"	"madera"	NA	2000	"rosaceae"	"potentilla"	"fruticosa"	NA	"potentilla fruticosa"
"613ed851-a865-4d05-9913-1e095d1453a5"	"asu"	NA	"bank of the black river."	33.7667	-109.35	"united states"	"arizona"	"apache county"	NA	NA	"rosaceae"	"potentilla"	"fruticosa"	NA	"potentilla fruticosa"
"61676b49-fe09-4548-9c32-41c54527200a"	"chsc"	"chsc1572"	"yosemite n.p"	37.9094444444444	-119.515833333333	"united states"	"california"	"tuolumne"	NA	24750	"rosaceae"	"potentilla"	"fruticosa"	NA	"potentilla fruticosa"
"61ffa61e-ccbf-4c7a-a3e9-e9d864044909"	"jeps"	"jeps93908"	"w of kangaroo lake (near the pacific crest trail in the scott mountains); scott mountains"	41.3274687663007	-122.637834353763	"united states"	"california"	"siskiyou"	NA	825	"rosaceae"	"potentilla"	"fruticosa"	NA	"potentilla fruticosa"
"6437de9d-91d5-4528-950f-7595921bc386"	"ypm"	"yu.070483"	NA	41.407	-72.9316	"united states"	"connecticut"	"new haven county"	"new haven"	37206	"rosaceae"	"potentilla"	"fruticosa"	NA	"potentilla fruticosa"
"64798be5-4f22-4268-b43d-9c27b554ad0d"	"eiu"	NA	"sheffield: legeyt road. bash bish falls usgs quad."	42.116667	-73.35	"united states"	"massachusetts"	"berkshire"	NA	NA	"rosaceae"	"potentilla"	"fruticosa"	NA	"potentilla fruticosa"
"64c8341d-30df-40ac-ba2a-6099fb049e24"	"asu"	NA	"flagstaff, near motel 6, near end of hwy 17."	35.1667	-111.65	"united states"	"arizona"	"coconino county"	NA	NA	"rosaceae"	"potentilla"	"fruticosa"	NA	"potentilla fruticosa"
"654f0522-0e05-43c5-95f0-f8b70d34f308"	"uc"	"uc551583"	"mount lyell trail yosemite national park, mount lyell trail"	37.7394	-119.2706	"united states"	"california"	"mariposa"	NA	2000	"rosaceae"	"potentilla"	"fruticosa"	NA	"potentilla fruticosa"
"65a80348-3184-4986-b932-7e20558bb413"	"uc"	"uc1281103"	"thimble peak"	38.6624984765036	-120.060543879196	"united states"	"california"	"amador"	NA	673	"rosaceae"	"potentilla"	"fruticosa"	NA	"potentilla fruticosa"
"6684ca5e-b1e7-4b61-99c3-09e516d656f2"	"ypm"	"cbs.021153"	"spring street"	41.5161	-72.7589	"united states"	"connecticut"	NA	NA	97977	"rosaceae"	"potentilla"	"fruticosa"	NA	"potentilla fruticosa"
"66aab1f4-a74b-4c3e-b6d0-c49bfc60b0ae"	"rsa"	"rsa498665"	"saddle bag lake"	37.9738	-119.2753	"united states"	"california"	"mono"	NA	1300	"rosaceae"	"potentilla"	"fruticosa"	NA	"potentilla fruticosa"
"671cb44e-7a4f-4a55-9824-140c745925c2"	"ny"	"850637"	"wasatch-cache national forest. ca. 5 air miles north of bear lake summit"	41.99267	-111.48733	"united states"	"utah"	"rich co."	NA	NA	"rosaceae"	"potentilla"	"fruticosa"	NA	"potentilla fruticosa l."
"676ac882-f712-40f8-a982-5330aa1a4132"	"ny"	"02207001"	"chugach national forest, slopes ne of palmer creek road, 6â€“7 air km sse of hope and ca 1.3 air km se of cowan peak"	60.879417	-149.556472	"united states"	"alaska"	"kenai peninsula borough"	NA	100	"rosaceae"	"potentilla"	"fruticosa"	NA	"potentilla fruticosa l."
"692e0930-9d5b-4ecc-b8ca-cd836e8c1670"	"uvsc"	"3067"	"pine valley campground, off highway 150, 9 miles e of kamas."	40.689722	-110.948888	"united states"	"utah"	"wasatch"	NA	1800	"rosaceae"	"potentilla"	"fruticosa"	NA	"potentilla fruticosa"
"69dc9268-4b04-47be-9db5-57e0a428e245"	"uc"	"uc420527"	"mt. eddy"	41.3198613402086	-122.477868632676	"united states"	"california"	"siskiyou"	NA	4138	"rosaceae"	"potentilla"	"fruticosa"	NA	"potentilla fruticosa"
"69e85108-3e66-49e5-8846-1de619675601"	"uc"	"uc1128173"	"1 mi s of saddle on trail between soda springs and wolf creek; mono national forest, dardanelles quad."	38.3595663288325	-119.569149061111	"united states"	"california"	"alpine"	NA	4950	"rosaceae"	"potentilla"	"fruticosa"	NA	"potentilla fruticosa"
"6a1c333f-6949-4f4a-8249-ab8cfefb3ded"	"uvsc"	"15344"	"springville, 1700 e canyon rd;"	40.154261	-111.579025	"united states"	"utah"	"utah"	NA	30	"rosaceae"	"potentilla"	"fruticosa"	NA	"potentilla fruticosa"
"6a79d5ec-62d2-4d2a-8e60-c2d3fc317701"	"rsa"	"rsa4674"	"mcafee meadow, white mountains."	37.5885	-118.2275	"united states"	"california"	"mono"	NA	800	"rosaceae"	"potentilla"	"fruticosa"	NA	"potentilla fruticosa"
"6c61a75d-4fda-420a-9376-87f6d25418c5"	"uc"	"uc1536912"	"woods lake"	36.88611	-118.38361	"united states"	"california"	"fresno"	NA	NA	"rosaceae"	"potentilla"	"fruticosa"	NA	"potentilla fruticosa"
"6d4cf393-a496-4ef3-a98e-7bd5af283c8e"	"rsa"	"rsa640550"	"eastern sierra nevada: west end of ruby lake. near 37&deg;25\'n 118&deg;46\'w. t6s r29e sec. 14"	37.4166666666667	-118.766666666667	"united states"	"california"	"inyo"	NA	NA	"rosaceae"	"potentilla"	"fruticosa"	NA	"potentilla fruticosa"
"6d8555aa-c22d-435c-a610-e085fd21c471"	"lsu"	"lsu00088554"	"w side of creek, overlooking the ""borrow pit."" 1 mi. sw of galbraith lake airstrip. philip smith mountains (b-5) quad."	68.467	-149.533	"united states"	"alaska"	"north slope borough"	NA	NA	"rosaceae"	"potentilla"	"fruticosa"	NA	"potentilla fruticosa"
"6e2326d2-399f-4ef7-8521-d8b193c7f2bc"	"ypm"	"cbs.021143"	NA	41.325	-73.3974	"united states"	"connecticut"	"fairfield county"	NA	43847	"rosaceae"	"potentilla"	"fruticosa"	NA	"potentilla fruticosa"
"6e46a7ff-5a48-4adb-8150-33744a236cfa"	"ypm"	"cbs.021157"	NA	41.9694	-72.0221	"united states"	"connecticut"	"windham county"	"woodstock"	9799	"rosaceae"	"potentilla"	"fruticosa"	NA	"potentilla fruticosa"
"6e8dcb31-515b-44da-8b19-66085587552f"	"uc"	"uc191286"	"mount stanford"	39.3655696322214	-120.349186258829	"united states"	"california"	"nevada"	NA	1486	"rosaceae"	"potentilla"	"fruticosa"	NA	"potentilla fruticosa"
"6e9aa9e9-b780-432a-9cf3-2386f374c9d2"	"rsa"	"rsa7512"	"saddlebag lake."	37.9756	-119.2754	"united states"	"california"	"mono"	NA	1400	"rosaceae"	"potentilla"	"fruticosa"	NA	"potentilla fruticosa"
"6ea56fcf-4142-44a4-bc1c-c68da7aa5b14"	"dbg"	"khd00020581"	"denver botanic gardens, 909 york street, cutting garden center north"	39.73193	-104.9619	"united states"	"colorado"	"denver county"	NA	NA	"rosaceae"	"potentilla"	"fruticosa"	NA	"potentilla fruticosa 'katherine dykes'"
"6fa8c1fd-b4f4-4bb8-9b79-6a6ef5d90cdf"	"uc"	"uc527165"	"rocks just below ellery lake dam (tioga pass); sierra nevada, , below ellery lake dam"	37.9352	-119.2318	"united states"	"california"	"mono"	NA	400	"rosaceae"	"potentilla"	"fruticosa"	NA	"potentilla fruticosa"
"726d2ccd-8c9c-4c65-9210-50d935ce621c"	"chsc"	"chsc63417"	"gumboot creek on the upstream side of forest rd. 26 (to mt. shasta), ca. 0.5 mi ne of gumboot lake, w of dunsmuir"	41.2169444444444	-122.501944444444	"united states"	"california"	"siskiyou"	NA	412	"rosaceae"	"potentilla"	"fruticosa"	NA	"potentilla fruticosa"
"74ab27fb-23fc-4cf0-99f4-953a82640ff4"	"uc"	"uc555306"	"mt. eddy"	41.3198613402086	-122.477868632676	"united states"	"california"	"siskiyou"	NA	4138	"rosaceae"	"potentilla"	"fruticosa"	NA	"potentilla fruticosa"
"74bcbbd3-f546-4ec0-815f-82a649482974"	"dbg"	"khd00038744"	"walter s. reed botanic gardens; 6 miles west of evergreen; upper bear creek canyon. site g."	39.61666	-105.41666	"united states"	"colorado"	"clear creek county"	NA	NA	"rosaceae"	"potentilla"	"fruticosa"	NA	"potentilla fruticosa"
"74c2ac5b-5212-4d7c-b937-c4c4c660aa9c"	"iac"	"1651"	NA	42.7833	-76.85	"united states"	"new york"	NA	"seneca county"	NA	"rosaceae"	"potentilla"	"fruticosa"	NA	"potentilla fruticosa"
"76c8b1f7-8779-4076-8bbb-d1e711347e9d"	"ypm"	"cbs.021148"	"thicket along faun brook"	41.6328	-72.4544	"united states"	"connecticut"	"hartford county"	"marlborough"	6223	"rosaceae"	"potentilla"	"fruticosa"	NA	"potentilla fruticosa"
"779ae676-993f-49cf-9d35-809558cb0dd8"	"dbg"	"khd00011163"	"flying j ranch. jefferson county open space park. located in the aspen park/conifer area near junction of hwy 73 and shadow mountain dr. plot 1, sw of lake, near power lines."	39.533426	-105.313226	"united states"	"colorado"	"jefferson county"	NA	NA	"rosaceae"	"potentilla"	"fruticosa"	NA	"potentilla fruticosa"
"78254d7e-b941-4b0b-9dea-7f76edf6fccc"	"ypm"	"yu.070483"	NA	41.407	-72.9316	"united states"	"connecticut"	"new haven county"	NA	37206	"rosaceae"	"potentilla"	"fruticosa"	NA	"potentilla fruticosa"
"78f1bf65-15c5-48ab-a47c-cc195e9e10e8"	"ypm"	"yu.054759"	NA	41.7413	-73.1931	"united states"	"connecticut"	"litchfield county"	"litchfield"	11151	"rosaceae"	"potentilla"	"fruticosa"	NA	"potentilla fruticosa"
"79a19a65-9fe4-45cd-9472-6c71965d228c"	"ypm"	"cbs.021154"	NA	41.9875	-72.3123	"united states"	"connecticut"	"tolland county"	"stafford"	10110	"rosaceae"	"potentilla"	"fruticosa"	NA	"potentilla fruticosa"
"79d8846f-5f47-4bc5-b2a3-6ddde59c6e14"	"pom"	"pom307752"	"mt. conness, tioga pass. north side."	37.9383	-119.2495	"united states"	"california"	"mono"	NA	7425	"rosaceae"	"potentilla"	"fruticosa"	NA	"potentilla fruticosa"
"7a3b54b6-78cf-4854-822d-e588a2096b81"	"uvsc"	"6359"	"deep creek mountains, summit of ibapah peak."	39.828333	-113.918889	"united states"	"utah"	"juab"	NA	1800	"rosaceae"	"potentilla"	"fruticosa"	NA	"potentilla fruticosa"
"7a3c4e81-9bc7-4d0d-ba39-f9b74dfd392b"	"ypm"	"cbs.021145"	NA	41.3348	-72.7005	"united states"	"connecticut"	"new haven county"	"guilford"	11053	"rosaceae"	"potentilla"	"fruticosa"	NA	"potentilla fruticosa"
"7cbf4843-2368-4812-9f51-dd9c13da29e2"	"des"	"des00001224"	"near springerville."	34.13333	-109.28528	"united states"	"arizona"	"apache"	NA	6498	"rosaceae"	"potentilla"	"fruticosa"	NA	"potentilla fruticosa"
"7d786550-d93f-47dd-9d4e-c5aa2f8478d6"	"des"	"des00018002"	"sc boulder, 11 miles due nnw of boulder."	38	-111.5	"united states"	"utah"	"garfield co."	NA	NA	"rosaceae"	"potentilla"	"fruticosa"	NA	"potentilla fruticosa"
"7dbd35d4-e310-46d8-ac04-2f068354ee48"	"ypm"	"yu.054764"	NA	41.6523	-73.3145	"united states"	"connecticut"	"litchfield county"	"washington"	7762	"rosaceae"	"potentilla"	"fruticosa"	NA	"potentilla fruticosa"
"7f31ddff-f439-4c10-9b04-67a8cec8e78d"	"uc"	"uc642639"	"nw plateau mount dana sierra nevada, nw plateau mount dana"	37.8972366012662	-119.228264179482	"united states"	"california"	"tuolumne"	NA	2958	"rosaceae"	"potentilla"	"fruticosa"	NA	"potentilla fruticosa"
"8212338d-b111-4bef-a10a-adbf624713ac"	"dbg"	"khd00038743"	"walter s. reed botanic gardens; 6 miles west of evergreen; upper bear creek canyon. site g."	39.61666	-105.41666	"united states"	"colorado"	"clear creek county"	NA	NA	"rosaceae"	"potentilla"	"fruticosa"	NA	"potentilla fruticosa"
"82b93bb5-5e4a-4d3a-847e-825d947d724e"	"ypm"	"cbs.021150"	NA	41.4313	-73.1351	"united states"	"connecticut"	"new haven county"	"oxford"	7184	"rosaceae"	"potentilla"	"fruticosa"	NA	"potentilla fruticosa"
"82e60d3d-b772-4978-935b-6db371a4951a"	"ypm"	"yu.054761"	NA	41.986	-73.4257	"united states"	"connecticut"	"litchfield county"	"salisbury"	9878	"rosaceae"	"potentilla"	"fruticosa"	NA	"potentilla fruticosa"
"8356056f-1267-43e7-a68a-01507bba5a90"	"ypm"	"cbs.025278"	"route 25, 2 miles south of route 341"	41.6522	-73.3144	"united states"	"connecticut"	"litchfield county"	"washington"	7762	"rosaceae"	"potentilla"	"fruticosa"	NA	"potentilla fruticosa"
"83fe09f2-638b-44ba-8737-0b83e87b6cd3"	"uam"	"212675"	"ca 13 mi due west of sam lake"	68.3833333333	-139.1666666667	"canada"	"yukon territory"	NA	NA	1	"rosaceae"	"potentilla"	"fruticosa"	NA	"potentilla fruticosa"
"8449a0bc-6f01-4f35-89c2-d2344913bc18"	"uvsc"	"5492"	"highway 150, bear river lodge, sw of lodge; along stream bank, on sand bar."	40.91667	-110.81667	"united states"	"utah"	"summit"	NA	1800	"rosaceae"	"potentilla"	"fruticosa"	NA	"potentilla fruticosa"
"85f07b1f-ba09-4412-9907-30111f9bb114"	"utc"	"utc00260898"	"wind river range: fitzpatrick wilderness area: shoshone national forest: along drainage leading to hidden lake and trail to north end of ross lake, ca 8 air mi sse of dubois."	43.4065	-109.6429	"united states"	"wyoming"	"fremont"	NA	NA	"rosaceae"	"potentilla"	"fruticosa"	NA	"potentilla fruticosa"
"86d5a456-db0d-4be6-9d2b-107b7656bd43"	"ym-yose"	"ym-yose117248"	"head of virginia canyon, yosemite national park"	38.0646224581282	-119.348865602697	"united states"	"california"	"tuolumne"	NA	NA	"rosaceae"	"potentilla"	"fruticosa"	NA	"potentilla fruticosa"
"87a6c9ba-68bf-456f-93f1-6bf653fe70fa"	"uc"	"uc12521"	"ebbett\'s pass"	38.54657	-119.8091	"united states"	"california"	"alpine"	NA	NA	"rosaceae"	"potentilla"	"fruticosa"	NA	"potentilla fruticosa"
"880e3061-2eb8-45ab-a700-f6ad9223bddb"	"des"	"des00022283"	"ca. 1 mi above sheep's crossing and mount baldy trailhead, white mountains."	33.954427	-109.520582	"united states"	"arizona"	"apache"	NA	818	"rosaceae"	"potentilla"	"fruticosa"	NA	"potentilla fruticosa"
"887e6d61-e56c-4709-abba-4f39cc6a26a9"	"ypm"	"cbs.021157"	NA	41.9694	-72.0221	"united states"	"connecticut"	"windham county"	"woodstock"	9799	"rosaceae"	"potentilla"	"fruticosa"	NA	"potentilla fruticosa"
"888dfc2f-1d44-4626-a726-07a37db51d32"	"chsc"	"chsc71601"	"near the pacific crest trail in the scott mtns. west of kangaroo lake"	41.3347222222222	-122.643055555556	"united states"	"california"	"siskiyou"	NA	412	"rosaceae"	"potentilla"	"fruticosa"	NA	"potentilla fruticosa"
"892330a6-97ec-4ba8-816f-9fa207661944"	"uc"	"uc1128174"	"3 mi ene fish valley pk; mono national forest, dardanelles quad."	38.4545118845047	-119.511801109416	"united states"	"california"	"mono"	NA	825	"rosaceae"	"potentilla"	"fruticosa"	NA	"potentilla fruticosa"
"892d322e-6661-4257-aad4-86f22ea1cf12"	"des"	"des00022071"	"yankee boy basin, ca. 4 mi off rte 550, just outside ouray."	37.99611	-107.77694	"united states"	"colorado"	"ouray"	NA	1000	"rosaceae"	"potentilla"	"fruticosa"	NA	"potentilla fruticosa"
"8955d4c0-9598-46b8-a3e2-a8dc5a36a243"	"jeps"	"jeps57177"	"summit region of mt. eddy"	41.3197613120002	-122.479418688778	"united states"	"california"	"siskiyou"	NA	607	"rosaceae"	"potentilla"	"fruticosa"	NA	"potentilla fruticosa"
"8998ef95-415e-42a5-8872-5f2fc49b1a5e"	"jeps"	"jeps74487"	"kidd creek trail trinity alps, kidd creek trail"	41.0236642983667	-122.925141657066	"united states"	"california"	"siskiyou"	NA	825	"rosaceae"	"potentilla"	"fruticosa"	NA	"potentilla fruticosa"
"8a6e1e79-2df2-46f6-b494-5b25849d6c4f"	"utc"	"utc00212655"	"little missouri national grasslands ; 0.25 miles west of mine area on forest service road 767"	46.6444444	-103.3927778	"united states"	"north dakota"	"billings"	NA	NA	"rosaceae"	"potentilla"	"fruticosa"	NA	"potentilla fruticosa"
"8d8da995-8f0b-4585-80ae-d3d431d93d66"	"asc"	"99569"	"hart prairie, the nature conservancy property, 14 miles north of flagstaff off fr 151 to hart prairie rd, ne side of willows with open meadow adjacent."	35.345639	-111.731361	"united states"	"arizona"	"coconino county"	NA	NA	"rosaceae"	"potentilla"	"fruticosa"	NA	"potentilla fruticosa"
"8f4a7507-95a8-4666-b162-95965ac4910a"	"ypm"	"cbs.021139"	NA	41.8475	-73.3298	"united states"	"connecticut"	"litchfield county"	"cornwall"	10100	"rosaceae"	"potentilla"	"fruticosa"	NA	"potentilla fruticosa"
"9079136e-2c11-4b37-8881-846681de6400"	"uvsc"	"3078"	"found 1.5 miles up lake blanch trail, in big cottonwood canyon, 3 ft. off the left of the trail in rich/dark soil."	40.542777	-111.710833	"united states"	"utah"	"salt lake"	NA	1800	"rosaceae"	"potentilla"	"fruticosa"	NA	"potentilla fruticosa"
"9241a866-d85c-4ff4-a983-06cf83ea54bd"	"uc"	"uc1293787"	"bear crk where muir trail starts climb for seldon pass 3 map-mi s 7-gables ca 2 1/2 mi se bear creek, where muir trail starts climb for seldon pass"	37.3299215983096	-118.867471406292	"united states"	"california"	"fresno"	NA	425	"rosaceae"	"potentilla"	"fruticosa"	NA	"potentilla fruticosa"
"924a3e3f-dc1c-48f6-8389-2c5f6976a147"	"asc"	"94100"	"walnut canyon"	35.1685	-111.5085	"united states"	"arizona"	"coconino"	NA	NA	"rosaceae"	"potentilla"	"fruticosa"	NA	"potentilla fruticosa"
"92eeaf8b-ea13-40bb-b72e-dca12475c145"	"uconn"	"conn00045038"	"sharon swamp"	41.87916	-73.47666	"united states"	"connecticut"	"litchfield county"	"sharon"	20000	"rosaceae"	"potentilla"	"fruticosa"	NA	"dasiphora floribunda (pursh) kartesz"
"93601fea-9ce3-4bf7-ad53-8c459a3be2f5"	"dbg"	"khd00016361"	"10 miles s of crested buttes where road crosses river."	38.782109	-106.870008	"united states"	"colorado"	NA	NA	10000	"rosaceae"	"potentilla"	"fruticosa"	NA	"potentilla fruticosa"
"93b7b12b-68b2-476e-bd96-1002a83d4e7a"	"uc"	"uc1300274"	"along canyon walls white mountains, mcafee creek canyon"	37.5	-118.25	"united states"	"california"	"mono"	NA	NA	"rosaceae"	"potentilla"	"fruticosa"	NA	"potentilla fruticosa"
"945470cf-21f3-43fd-943c-455e10908874"	"dbg"	"khd00038721"	"1 mile n of jefferson, south park area."	39.387398	-105.787802	"united states"	"colorado"	NA	NA	10000	"rosaceae"	"potentilla"	"fruticosa"	NA	"potentilla fruticosa"
"947e2e94-1e8d-4f27-87ef-78305765ee6a"	"mor"	"0062914mor"	"morton arboretum, schulenberg prairie"	41.814717	-88.091833	"united states"	"illinois"	"dupage"	NA	NA	"rosaceae"	"potentilla"	"fruticosa"	NA	"potentilla fruticosa"
"982ada69-e204-4dca-99a8-fef95421778b"	"dbg"	"khd00038753"	"foothills, along conejos river; spectacle lake campground."	37.171703	-106.437009	"united states"	"colorado"	"conejos county"	NA	NA	"rosaceae"	"potentilla"	"fruticosa"	NA	"potentilla fruticosa"
"98a53970-9880-4e41-9094-51c94f25ebab"	"pom"	"pom34952"	"wood\'s creek."	36.873	-118.4336	"united states"	"california"	"fresno"	NA	5000	"rosaceae"	"potentilla"	"fruticosa"	NA	"potentilla fruticosa"
"99ff474f-f3f1-44df-90b5-446cb50be155"	"ypm"	"cbs.021155"	NA	41.9945	-72.6788	"united states"	"connecticut"	"hartford county"	"suffield"	8341	"rosaceae"	"potentilla"	"fruticosa"	NA	"potentilla fruticosa"
"9a567fd8-05ba-44ba-b400-b1c1e7b7cf2c"	"dbg"	"khd00019494"	"3.5 miles nw of alma, pike national forest"	39.294124	-106.105398	"united states"	"colorado"	"park county"	NA	NA	"rosaceae"	"potentilla"	"fruticosa"	NA	"potentilla fruticosa"
"9a973fed-78c6-4d0c-933e-ef10dae9ada5"	"ypm"	"yu.054763"	NA	41.7406	-73.3449	"united states"	"connecticut"	"litchfield county"	"warren"	5847	"rosaceae"	"potentilla"	"fruticosa"	NA	"potentilla fruticosa"
"9b2a7508-3b17-4920-afa8-2ccc54070cd9"	"uc"	"uc1128172"	"2 mi sw sonora pass; dardanelles quadrangle"	38.3064933079711	-119.660696140896	"united states"	"california"	"tuolumne"	NA	825	"rosaceae"	"potentilla"	"fruticosa"	NA	"potentilla fruticosa"
"9bbfe83f-972f-4e44-b5c1-8a4751f8e780"	"lsu"	"lsu00088553"	"around site of great northern mine. 0.5 mi. n of caribou townsite. 4 mi. nnw of nederland. nederland quad."	39.9889984	-105.5770035	"united states"	"colorado"	"boulder county"	NA	NA	"rosaceae"	"potentilla"	"fruticosa"	NA	"potentilla fruticosa"
"9c47e328-ebca-4946-aec9-d4d513896206"	"des"	"des00007111"	"2 mi south of rte 273 on maverick road."	33.713762	-109.54667	"united states"	"arizona"	"apache"	NA	6033	"rosaceae"	"potentilla"	"fruticosa"	NA	"potentilla fruticosa"
"9c7cb908-afdd-425e-8fc0-be45aa83d25b"	"pom"	"pom366504"	"near virginia lake, sierra nevada mts."	38.0468	-119.265	"united states"	"california"	"mono"	NA	1600	"rosaceae"	"potentilla"	"fruticosa"	NA	"potentilla fruticosa"
"9caaa451-fd1c-4fd7-b151-dc1f0daa7ef4"	"ypm"	"cbs.021139"	NA	41.8475	-73.3298	"united states"	"connecticut"	"litchfield county"	"cornwall"	10100	"rosaceae"	"potentilla"	"fruticosa"	NA	"potentilla fruticosa"
"9cbe2704-62b5-43dd-9fbf-5aa57fcae64b"	"utc"	"utc00259543"	"northwest territories, mackenzie district, 1/2 mile ne of mackenzie river opposite fort simpson."	61.866667	-121.366667	"canada"	NA	NA	NA	NA	"rosaceae"	"potentilla"	"fruticosa"	NA	"potentilla fruticosa"
"9ccb4a1d-ff07-4c85-a2bc-09851a12887b"	"jeps"	"jeps71909"	"echo lakes to fallen leaf lake; echo lakes to fallen leaf lake"	38.864747595942	-120.081394271312	"united states"	"california"	"el dorado"	NA	3806	"rosaceae"	"potentilla"	"fruticosa"	NA	"potentilla fruticosa"
"9d6aea79-cd28-4e4c-86fc-3c612420d4aa"	"uvsc"	"15343"	"springville, 1700 e canyon rd;"	40.154261	-111.579025	"united states"	"utah"	"utah"	NA	30	"rosaceae"	"potentilla"	"fruticosa"	NA	"potentilla fruticosa"
"9ea70962-cbb0-46cc-a1c4-8f083ae654b5"	"mesa"	"mesa01281"	"grand mesa, crater view road at lands end"	39.02639	-108.22222	"united states"	"colorado"	"mesa"	NA	301	"rosaceae"	"potentilla"	"fruticosa"	NA	"potentilla fruticosa"
"9ebd3845-638b-4f57-bb50-9888f383b439"	"uc"	"uc639574"	"0.25 mi w stanton peak; bridgeport quad., w of stanton peak"	38.076421152241	-119.351593185987	"united states"	"california"	"tuolumne"	NA	825	"rosaceae"	"potentilla"	"fruticosa"	NA	"potentilla fruticosa"
"9f20dc02-d17e-4470-b8bb-b37e42bde3af"	"ypm"	"yu.054769"	NA	41.3113	-72.9246	"united states"	"connecticut"	"new haven county"	"new haven"	7484	"rosaceae"	"potentilla"	"fruticosa"	NA	"potentilla fruticosa"
"9fc5136c-8af2-45ed-9c7a-f95e1e675869"	"chsc"	"chsc71716"	"meadow lake rd. (usfs 86) 5.6 mi northeast of summit city site at meadow lake, ca. 3.4 mi south of webber lake. on the east side of the road"	39.4394444444444	-120.438888888889	"united states"	"california"	"nevada"	NA	412	"rosaceae"	"potentilla"	"fruticosa"	NA	"potentilla fruticosa"
"a0b74402-0bd5-4c78-b8d7-9d1a5d84033e"	"dbg"	"khd00038754"	"duck lake, ward"	40.081312	-105.510518	"united states"	"colorado"	NA	NA	10000	"rosaceae"	"potentilla"	"fruticosa"	NA	"potentilla fruticosa"
"a0ce9107-a7ed-4391-9bc6-9f09a389d23e"	"mesa"	"mesa01282"	"grand mesa, big creek reservoir 1"	39.086713	-107.900472	"united states"	"colorado"	"mesa"	NA	301	"rosaceae"	"potentilla"	"fruticosa"	NA	"potentilla fruticosa"
"a19a1de6-de08-4c0f-a85f-8b774a9f1c04"	"mesa"	"mesa01271"	"west of big creek reservoir on grand mesa"	39.086713	-107.900472	"united states"	"colorado"	"mesa"	NA	301	"rosaceae"	"potentilla"	"fruticosa"	NA	"potentilla fruticosa"
"a216a481-bcf7-4204-98dd-a4f7bb3e87a3"	"ypm"	"cbs.021137"	NA	41.426	-72.9929	"united states"	"connecticut"	"new haven county"	"bethany"	5764	"rosaceae"	"potentilla"	"fruticosa"	NA	"potentilla fruticosa"
"a2a29cfa-b9b1-4d35-a8fe-e288e0c45e87"	"pom"	"pom366503"	"sierra nevada, saddlebag lake, on metamorphic rock southwest of and above the dam."	37.967	-119.2753	"united states"	"california"	"mono"	NA	400	"rosaceae"	"potentilla"	"fruticosa"	NA	"potentilla fruticosa"
"a3b590c7-ca4e-4a6f-9e91-207676dd21c4"	"ypm"	"cbs.021152"	NA	41.986	-73.4257	"united states"	"connecticut"	"litchfield county"	"salisbury"	9878	"rosaceae"	"potentilla"	"fruticosa"	NA	"potentilla fruticosa"
"a42aa459-e44f-42da-9ffb-0d9ab6c693e3"	"ypm"	"yu.054760"	NA	41.7413	-73.1931	"united states"	"connecticut"	"litchfield county"	"litchfield"	11151	"rosaceae"	"potentilla"	"fruticosa"	NA	"potentilla fruticosa"
"a60835ad-c6ba-4299-8a15-ec6aeb18c263"	"uc"	"uc1128169"	"lake 1.5 mi se onion lake; yosemite national park, bridgeport quadrangle"	38.0332220449977	-119.33319222378	"united states"	"california"	"tuolumne"	NA	825	"rosaceae"	"potentilla"	"fruticosa"	NA	"potentilla fruticosa"
"a6791b2f-8587-4c4e-ac4e-2340ad908e03"	"ypm"	"yu.054773"	NA	41.6921	-72.5472	"united states"	"connecticut"	"hartford county"	"glastonbury"	9532	"rosaceae"	"potentilla"	"fruticosa"	NA	"potentilla fruticosa"
"a698879d-554c-406e-a54a-d664063b09ec"	"ypm"	"cbs.021140"	NA	41.3677	-72.2362	"united states"	"connecticut"	"new london county"	"east lyme"	9535	"rosaceae"	"potentilla"	"fruticosa"	NA	"potentilla fruticosa"
"a6cfad80-8b8a-4162-a5a3-ede6553c3e9e"	"dbg"	"khd00038751"	"beaver ridge"	39.333541	-106.037307	"united states"	"colorado"	"park county"	NA	10000	"rosaceae"	"potentilla"	"fruticosa"	NA	"potentilla fruticosa"
"a8464b2f-93dc-4141-bda6-dea308a95671"	"eiu"	NA	"hampden: s of east longmeadow rd., just e of e. longmeadow - hampden town line."	42.066667	-72.416667	"united states"	"massachusetts"	"hampden"	NA	NA	"rosaceae"	"potentilla"	"fruticosa"	NA	"potentilla fruticosa"
"a9179951-4300-42e8-9d3d-bba93cf6f663"	"rsa"	"rsa716243"	"gardisky lake area. near"	37.9544444444444	-119.25	"united states"	"california"	"mono"	NA	NA	"rosaceae"	"potentilla"	"fruticosa"	NA	"potentilla fruticosa"
"a9c3480a-c61a-4f53-aff6-a442358eaa56"	"ym-yose"	"ym-yose64416"	"mount lyell trail"	37.7394	-119.2706	"united states"	"california"	"mariposa"	NA	2000	"rosaceae"	"potentilla"	"fruticosa"	NA	"potentilla fruticosa"
"aa6c2e0c-0f1c-4854-b642-feca498ea9a8"	"ypm"	"cbs.021141"	NA	41.9151	-72.4485	"united states"	"connecticut"	"tolland county"	"ellington"	12089	"rosaceae"	"potentilla"	"fruticosa"	NA	"potentilla fruticosa"
"ac53217e-db01-4f64-8886-a1aafaaa4620"	"dbg"	"khd00055084"	"rio grande national forest, san juan mountains; ca. 12 air miles south, southeast from creede, ca. 6 miles s of wagon wheel gap (co hwy 149). private property (humphreys ranch) surrounding lake humphreys and hay press lake."	37.68361	-106.85332	"united states"	"colorado"	"mineral county"	NA	NA	"rosaceae"	"potentilla"	"fruticosa"	NA	"potentilla fruticosa"
"ad5e070a-6c94-4561-b7b8-2ad22cc356a8"	"pom"	"pom366505"	"trail to lake mildred, 1-5 miles sw of convict lake, sw of highway 395. along convict creek."	37.5629	-118.8727	"united states"	"california"	"mono"	NA	1750	"rosaceae"	"potentilla"	"fruticosa"	NA	"potentilla fruticosa"
"ad601f1c-29a5-4c1c-a7d6-01a78e144081"	"uconn"	"conn00049927"	"junius"	42.97083	-76.90944	"united states"	"new york"	"seneca county"	"waterloo, junius"	20000	"rosaceae"	"potentilla"	"fruticosa"	NA	"dasiphora floribunda (pursh) kartesz"
"ae2d0fcc-450c-4355-bc1f-8280d1a178d1"	"ypm"	"cbs.021138"	NA	41.8426	-72.7407	"united states"	"connecticut"	"hartford county"	"bloomfield"	7112	"rosaceae"	"potentilla"	"fruticosa"	NA	"potentilla fruticosa"
"b0f7b4c3-f27b-47fa-b9ca-d48798046233"	"dbg"	"khd00038714"	"grand mesa national forest; along new lands end road."	39.013682	-108.20959	"united states"	"colorado"	"mesa county"	NA	NA	"rosaceae"	"potentilla"	"fruticosa"	NA	"potentilla fruticosa"
"b3de53ba-8aab-48ba-a817-e0b15b0948bb"	"ypm"	"cbs.021152"	NA	41.986	-73.4257	"united states"	"connecticut"	"litchfield county"	"salisbury"	9878	"rosaceae"	"potentilla"	"fruticosa"	NA	"potentilla fruticosa"
"b479dd7e-1054-44c7-934c-f2e100d94f9b"	"dbg"	"khd00038746"	"front range, arapahoe national forest, mt. goliath, alpine garden trail"	39.636196	-105.596938	"united states"	"colorado"	"clear creek county"	NA	10000	"rosaceae"	"potentilla"	"fruticosa"	NA	"potentilla fruticosa"
"b5fe196e-c835-4d73-99e9-0e2cc6338c44"	"uconn"	"conn00049086"	"buckland hills shopping area, target parking lot."	41.80694	-72.54583	"united states"	"connecticut"	"hartford county"	"manchester, buckland"	5000	"rosaceae"	"potentilla"	"fruticosa"	NA	"dasiphora floribunda (pursh) kartesz"
"b60019e1-3603-44fe-96d7-2254af39958b"	"ypm"	"yu.054758"	"trumbull, 24 deepdene road"	41.265	-73.3	"united states"	"connecticut"	"fairfield county"	"easton"	7501	"rosaceae"	"potentilla"	"fruticosa"	NA	"potentilla fruticosa"
"b75115fb-2b24-4d2e-8778-715b1ee03a25"	"des"	"des00026024"	"western shore of miramonte reservoir."	37.9734	-108.3426	"united states"	"colorado"	"san miguel"	NA	969	"rosaceae"	"potentilla"	"fruticosa"	NA	"potentilla fruticosa"
"b7acc204-cdeb-4c48-a5e0-90ed4c823058"	"mesa"	"mesa01285"	"1 1/4 miles north of the confluence of two and one half creek and the laramie river, t8n r75w sec 18"	40.664607	-105.857504	"united states"	"colorado"	"larimer"	NA	969	"rosaceae"	"potentilla"	"fruticosa"	NA	"potentilla fruticosa"
"b9cb42ea-ca6e-4866-a8da-4a3bf3f2c5b8"	"rsa"	"rsa498666"	"lundy canyon (high sierras), dry and rocky."	38.0079	-119.2897	"united states"	"california"	"mono"	NA	600	"rosaceae"	"potentilla"	"fruticosa"	NA	"potentilla fruticosa"
"bc14e0ac-d096-43ca-bcfb-0e1e7314db37"	"dbg"	"khd00019493"	"3.5 miles nw of alma, pike national forest"	39.294124	-106.105398	"united states"	"colorado"	"park county"	NA	NA	"rosaceae"	"potentilla"	"fruticosa"	NA	"potentilla fruticosa"
"bd5378f8-cd8e-48a6-8d12-03083df7521c"	"uc"	"uc12522"	"county = placer on label, bowman lakes region, nevada co fide jepson fieldbooks 28_158"	39.454	-120.6372	"united states"	"california"	"nevada"	NA	5758	"rosaceae"	"potentilla"	"fruticosa"	NA	"potentilla fruticosa"
"bdb8f7f3-3dd5-4310-a8ab-2dddcf85d876"	"rsa"	"rsa297012"	"molybdenite creek"	38.272	-119.4281	"united states"	"california"	"mono"	NA	750	"rosaceae"	"potentilla"	"fruticosa"	NA	"potentilla fruticosa"
"bdc0bf88-cb35-4834-a0e1-7ce9b1235817"	"uc"	"uc1128170"	"1 mi s hunewill lake; mono national forest, bridgeport quad."	38.119520721166	-119.333192394306	"united states"	"california"	"mono"	NA	825	"rosaceae"	"potentilla"	"fruticosa"	NA	"potentilla fruticosa"
"bdc7de16-3365-4e27-b123-3b5d6ac08745"	"jeps"	"jeps44194"	"parker pass"	37.8374284025676	-119.208881957065	"united states"	"california"	"madera"	NA	500	"rosaceae"	"potentilla"	"fruticosa"	NA	"potentilla fruticosa"
"be58e683-8546-4d8c-9b4c-e8e0c6223290"	"ypm"	"cbs.021144"	NA	41.6921	-72.5472	"united states"	"connecticut"	"hartford county"	"glastonbury"	9532	"rosaceae"	"potentilla"	"fruticosa"	NA	"potentilla fruticosa"
"be5cb0f0-6f82-46a2-9817-a0418e855974"	"ut"	"ut0001008"	"reader fen, approximately 3km south of chepeta lake and 55km northwest of whiterocks, ut, off ute 171 road."	40.770462	-110.040863	"united states"	"utah"	"duchesne"	NA	NA	"rosaceae"	"potentilla"	"fruticosa"	NA	"potentilla fruticosa"
"befcee47-012c-4f32-a4c3-25c5ae6285d2"	"ypm"	"yu.054761"	NA	41.986	-73.4257	"united states"	"connecticut"	"litchfield county"	"salisbury"	9878	"rosaceae"	"potentilla"	"fruticosa"	NA	"potentilla fruticosa"
"c1d2764f-491d-4b9d-a03e-1f2e2993dde1"	"uconn"	"conn00058740"	"moore brook, salisbury"	41.99666	-73.41722	"united states"	"connecticut"	"litchfield county"	"salisbury"	5000	"rosaceae"	"potentilla"	"fruticosa"	NA	"dasiphora floribunda (pursh) kartesz"
"c21ac211-fea3-46a1-b5f6-7b668a443cd7"	"dbg"	"khd00019501"	"gilpin county"	39.848111	-105.516676	"united states"	"colorado"	"gilpin county"	NA	NA	"rosaceae"	"potentilla"	"fruticosa"	NA	"potentilla fruticosa"
"c24f223d-2c97-42d2-87c7-2e441ec242fc"	"chsc"	"chsc99703"	"klamath ranges. the eddys/scott mountains; tamarack flat, along an upper southern fork of parks creek. broad meadow"	41.3763888888889	-122.531666666667	"united states"	"california"	"siskiyou"	NA	NA	"rosaceae"	"potentilla"	"fruticosa"	NA	"potentilla fruticosa"
"c2828876-abc5-44d5-91a8-1b881057ad43"	"chsc"	"chsc20643"	"sierra nevada. sw of saddlebag lake"	37.9652777777778	-119.278055555556	"united states"	"california"	"mono"	NA	1650	"rosaceae"	"potentilla"	"fruticosa"	NA	"potentilla fruticosa"
"c4be758e-c158-4426-9bc5-f4e290d29e8a"	"ypm"	"yu.054759"	NA	41.7413	-73.1931	"united states"	"connecticut"	"litchfield county"	"litchfield"	11151	"rosaceae"	"potentilla"	"fruticosa"	NA	"potentilla fruticosa"
"c539750b-8896-4dba-9d24-9f8af0084946"	"ucr"	"ucr17167"	"sierra nevada mtns. saddlebag lake"	37.965	-119.27278	"united states"	"california"	"mono"	NA	10000	"rosaceae"	"potentilla"	"fruticosa"	NA	"potentilla fruticosa"
"c5fb1491-73b2-4ed2-a117-c8421c7d378f"	"uam"	"212674"	"along loney creek, a tributary of firth river, north slope of buckland mts."	69.3333333333	-139.8333333333	"canada"	"yukon territory"	NA	NA	1	"rosaceae"	"potentilla"	"fruticosa"	NA	"potentilla fruticosa"
"c6ad6f48-5228-47d1-8375-e9387951e83f"	"jeps"	"jeps80544"	"backside of black mountain , backside of black mountain (marble mt. wilderness area)"	41.9539898779474	-123.064214952548	"united states"	"california"	"siskiyou"	NA	3608	"rosaceae"	"potentilla"	"fruticosa"	NA	"potentilla fruticosa"
"c8d6a2ef-ad5b-4215-8cbd-83a9444caceb"	"uc"	"uc1128167"	"0.25 mi w stanton peak; yosemite national park, bridgeport quad., w of stanton peak"	38.076421152241	-119.351593185987	"united states"	"california"	"tuolumne"	NA	825	"rosaceae"	"potentilla"	"fruticosa"	NA	"potentilla fruticosa"
"c92e4376-8350-49fb-8d92-0cb3edf44358"	"uconn"	"conn00049926"	"woods east of yonkers (northwest of bronxville)."	40.93111	-73.89916	"united states"	"new york"	"westchester county"	"yonkers"	20000	"rosaceae"	"potentilla"	"fruticosa"	NA	"dasiphora floribunda (pursh) kartesz"
"caa2eb86-9fa4-4aa5-b483-cd42dfdaf36a"	"chsc"	"chsc61703"	"trail between lower and upper deadfall lakes, w of the summit of mt. eddy, ca. 8 mi (air) sw of weed. along the edge of a meadow in the deadfall lakes area"	41.3186111111111	-122.500277777778	"united states"	"california"	"trinity"	NA	412	"rosaceae"	"potentilla"	"fruticosa"	NA	"potentilla fruticosa"
"caafce82-790b-4060-9ead-2c782fa4ad7c"	"ypm"	"yu.054770"	NA	41.3113	-72.9246	"united states"	"connecticut"	"new haven county"	"new haven"	7484	"rosaceae"	"potentilla"	"fruticosa"	NA	"potentilla fruticosa"
"cb004714-5882-4463-b92a-20917b619c2f"	"ypm"	"yu.054764"	NA	41.6523	-73.3145	"united states"	"connecticut"	"litchfield county"	"washington"	7762	"rosaceae"	"potentilla"	"fruticosa"	NA	"potentilla fruticosa"
"cc024979-d46d-4105-8b20-982df04eb7ed"	"uam"	"251041"	"1/2 mile ne of mackenzie river opposite fort simpson."	61.8666666667	-121.3666666667	"canada"	"northwest territories"	"district of mackenzie"	NA	1	"rosaceae"	"potentilla"	"fruticosa"	NA	"potentilla fruticosa"
"cc3f9178-c131-4aa9-b996-25366a609d76"	"ypm"	"yu.054773"	NA	41.6921	-72.5472	"united states"	"connecticut"	"hartford county"	"glastonbury"	9532	"rosaceae"	"potentilla"	"fruticosa"	NA	"potentilla fruticosa"
"cd34727c-150a-4973-9d59-cf4ae8d218e8"	"uvsc"	"8067"	"uinta mountains, ca 4 km due s of grandaddy lake."	40.558055	-110.804444	"united states"	"utah"	"duchesne"	NA	NA	"rosaceae"	"potentilla"	"fruticosa"	NA	"potentilla fruticosa"
"ce6dff5a-b2b1-4370-afd6-2d3f4ad42543"	"rsa"	"rsa492833"	"warren canyon wilderness, n of tioga pass rd on a dirt road that joins the hwy at the the 9000 ft marker."	37.956	-119.2305	"united states"	"california"	"mono"	NA	700	"rosaceae"	"potentilla"	"fruticosa"	NA	"potentilla fruticosa"
"cff144f0-d006-4238-8944-4428d097b1bf"	"ypm"	"yu.054774"	NA	41.3988	-73.2928	"united states"	"connecticut"	"fairfield county"	"newtown"	9643	"rosaceae"	"potentilla"	"fruticosa"	NA	"potentilla fruticosa"
"d1788d56-f69a-445b-ba6f-0143adf37e7f"	"rsa"	"rsa115930"	"300 ft headwall at se corner of basin containing 1st lake (10,046\') on s fork of bear creek immediately w of 13,075\' 7-gables florence lake 7 map-miles w-sw"	37.3088	-118.8065	"united states"	"california"	"fresno"	NA	3725	"rosaceae"	"potentilla"	"fruticosa"	NA	"potentilla fruticosa"
"d1eeb9cc-83fa-41c9-8c49-e01bfccb2cef"	"uconn"	"conn00045039"	"north of laurel road, west bank of the mount hope river"	41.79666	-72.17111	"united states"	"connecticut"	"tolland county"	"mansfield"	5000	"rosaceae"	"potentilla"	"fruticosa"	NA	"dasiphora floribunda (pursh) kartesz"
"d28868b7-f0db-4199-a0a0-75dec85b219f"	"dbg"	"khd00038720"	"mount goliath, arapaho national forest"	39.63632	-105.593804	"united states"	"colorado"	"clear creek county"	NA	10000	"rosaceae"	"potentilla"	"fruticosa"	NA	"potentilla fruticosa"
"d28a8d94-305b-44d1-bca7-ea27fed88ae0"	"uvsc"	"4025"	"wasatch plateau, skyline drive, about 15 km s of fairview canyon road."	39.337222	-111.448611	"united states"	"utah"	"sanpete"	NA	NA	"rosaceae"	"potentilla"	"fruticosa"	NA	"potentilla fruticosa"
"d2d05d10-8432-463d-a805-4c77a26fd89c"	"ypm"	"cbs.021156"	"buck's hill"	41.5583	-73.0361	"united states"	"connecticut"	"new haven county"	"waterbury"	6630	"rosaceae"	"potentilla"	"fruticosa"	NA	"potentilla fruticosa"
"d30e98ed-6f9f-4cf9-8dde-4e72362ca90b"	"rsa"	"rsa2849"	"just below ellery lake dam, tioga pass, sierra nevada"	37.9362	-119.2306	"united states"	"california"	"mono"	NA	400	"rosaceae"	"potentilla"	"fruticosa"	NA	"potentilla fruticosa"
"d3390f0c-362c-4f7d-9b04-a87f65efe6c1"	"asu"	NA	"sacramento mountains, sacramento district, ca. 5.5 miles east of sunspot scenic byway (state route 6563) along rio penasco road (fr 164) at confluence of rio penasco and bluff creek (near bluff falls)"	32.8313	-105.737	"united states"	"new mexico"	"otero county"	NA	NA	"rosaceae"	"potentilla"	"fruticosa"	NA	"potentilla fruticosa"
"d515d409-d1a2-47f8-bc9c-228c1b24c994"	"dbg"	NA	"denver botanic gardens, 909 york street, rock alpine garden. south ledge"	39.73193	-104.9619	"united states"	"colorado"	"denver county"	NA	NA	"rosaceae"	"potentilla"	"fruticosa"	NA	"potentilla fruticosa"
"d5e65111-c437-4613-90ba-08955aaf74fb"	"dbg"	"khd00038748"	"w side of rocky mountain national park, beside onahi trail."	40.332488	-105.825278	"united states"	"colorado"	"grand county"	NA	10000	"rosaceae"	"potentilla"	"fruticosa"	NA	"potentilla fruticosa"
"d5f1e56b-3190-460c-b9d3-825da2dcc63e"	"ypm"	"yu.054767"	NA	41.3062	-73.5019	"united states"	"connecticut"	"fairfield county"	"ridgefield"	8441	"rosaceae"	"potentilla"	"fruticosa"	NA	"potentilla fruticosa"
"d64aea18-8b4a-4bd5-b244-4dca9c397554"	"uvsc"	"13007"	"american fork canyon, silver lake."	40.523055	-111.671944	"united states"	"utah"	"utah"	NA	30	"rosaceae"	"potentilla"	"fruticosa"	NA	"potentilla fruticosa"
"d684a0cd-670b-4527-9e69-a40200fb413f"	"dbg"	"khd00027585"	"pike n.f south meadows campground"	39.062956	-105.092608	"united states"	"colorado"	NA	NA	1000	"rosaceae"	"potentilla"	"fruticosa"	NA	"potentilla fruticosa"
"d7fd04f7-66fa-4cfe-bcdb-c16677b19eb2"	"ypm"	"cbs.021144"	NA	41.6921	-72.5472	"united states"	"connecticut"	"hartford county"	"glastonbury"	9532	"rosaceae"	"potentilla"	"fruticosa"	NA	"potentilla fruticosa"
"d942f51f-fbcd-4d34-91f4-fbd09cd5982f"	"ny"	"40442"	"new york botanical garden. cultivated in the country garden"	40.85	-73.88	"united states"	"new york"	"bronx co."	NA	NA	"rosaceae"	"potentilla"	"fruticosa"	NA	"potentilla fruticosa l."
"d9eab27c-07aa-4562-b154-9d1adef9718a"	"chsc"	"chsc26351"	"18 air miles se of bishop on trail from north lake campground to piute pass on sierra nevada"	37.2288888888889	-118.640833333333	"united states"	"california"	"inyo"	NA	1650	"rosaceae"	"potentilla"	"fruticosa"	NA	"potentilla fruticosa"
"da3451d0-05f2-4fc0-8a0a-98648099d381"	"dbg"	"khd00019492"	"4.5 miles nw of alma, pike national forest"	39.310802	-106.117735	"united states"	"colorado"	"park county"	NA	NA	"rosaceae"	"potentilla"	"fruticosa"	NA	"potentilla fruticosa"
"da675053-ebee-481d-957e-16572573a55f"	"flas"	"240016"	NA	39.4913889	-88.1719444	"united states"	"illinois"	"coles"	NA	NA	"rosaceae"	"potentilla"	"fruticosa"	"mckay's white"	"potentilla fruticosa"
"dde91e55-9d7c-4203-9f1d-adbf8fe81f15"	"ypm"	"cbs.021142"	NA	41.7288	-72.841	"united states"	"connecticut"	"hartford county"	"farmington"	7700	"rosaceae"	"potentilla"	"fruticosa"	NA	"potentilla fruticosa"
"df94ba56-b81f-4973-87c3-2f32431a2c30"	"uc"	"uc420591"	"vicinity lundy; vicinity of lundy"	38.0269231766771	-119.244387990098	"united states"	"california"	"mono"	NA	4500	"rosaceae"	"potentilla"	"fruticosa"	NA	"potentilla fruticosa"
"dfbe22a6-e023-44e4-849c-cd5227205791"	"ypm"	"cbs.021154"	NA	41.9875	-72.3123	"united states"	"connecticut"	"tolland county"	"stafford"	10110	"rosaceae"	"potentilla"	"fruticosa"	NA	"potentilla fruticosa"
"e0fcb662-5f71-4792-b743-109692606de0"	"uc"	"uc922312"	"nw trinity center (union creek, south branch of coffee creek); union creek, south branch of coffee creek"	41.0472820035783	-122.883900302256	"united states"	"california"	"trinity"	NA	1250	"rosaceae"	"potentilla"	"fruticosa"	NA	"potentilla fruticosa"
"e235f9b7-069b-49b6-ad27-efe13cee1488"	"dbg"	"khd00038718"	"intersection of the peak to peak highway and the rainbow lakes road, nederland."	40.030135	-105.521118	"united states"	"colorado"	NA	NA	10000	"rosaceae"	"potentilla"	"fruticosa"	NA	"potentilla fruticosa"
"e2895468-7e3e-4780-b18c-4eb30b4a522d"	"ypm"	"yu.054768"	NA	41.305	-73.3914	"united states"	"connecticut"	"fairfield county"	"redding"	7272	"rosaceae"	"potentilla"	"fruticosa"	NA	"potentilla fruticosa"
"e30c9637-14fd-4330-bddb-5e1b7ced3293"	"mesa"	"mesa01278"	"east side of i-15 northbound lane at mile marker 0"	47.71167	-104.86861	"united states"	"montana"	"beaverhead"	NA	3036	"rosaceae"	"potentilla"	"fruticosa"	NA	"potentilla fruticosa"
"e4d207dc-360e-4378-a512-2f385d957377"	"cda"	"cda10808"	"trinity mountains flats at head of scorpion creek in vicinity of pool from which creek emanates. ridge to n of bonanaza king lookout."	41.1	-122.6	"united states"	"california"	"trinity"	NA	NA	"rosaceae"	"potentilla"	"fruticosa"	NA	"potentilla fruticosa"
"e52a0368-899d-4243-aaeb-22d4c9abaded"	"uc"	"uc439799"	"mcafee meadow white mts., mcafee mdw (white mountains)"	37.5885	-118.2275	"united states"	"california"	"mono"	NA	800	"rosaceae"	"potentilla"	"fruticosa"	NA	"potentilla fruticosa"
"e5723a7d-abbb-428d-b8ff-50d45c692ff8"	"mesa"	"mesa01270"	"eastern shore of carson lake on grand mesa"	38.99583	-108.10917	"united states"	"colorado"	"mesa"	NA	873	"rosaceae"	"potentilla"	"fruticosa"	NA	"potentilla fruticosa"
"e699f49b-32eb-43b1-a199-ec1c267d76df"	"uc"	"uc480726"	"near lake tahoe (grass lake); near lake tahoe, grass lake"	38.872710660151	-120.11250935684	"united states"	"california"	"el dorado"	NA	425	"rosaceae"	"potentilla"	"fruticosa"	NA	"potentilla fruticosa"
"e6bb91ec-4887-4b86-a3d3-6200b3fda286"	"uc"	"uc860615"	"piute pass"	37.23917	-118.68306	"united states"	"california"	"fresno"	NA	NA	"rosaceae"	"potentilla"	"fruticosa"	NA	"potentilla fruticosa"
"ea4c27a5-ec27-4798-9321-55cd9f57638b"	"ny"	"42150"	"cache national forest, at tony grove lake"	41.87	-111.5	"united states"	"utah"	"cache co."	NA	NA	"rosaceae"	"potentilla"	"fruticosa"	NA	"potentilla fruticosa l."
"ea947b5c-1715-4227-b97e-0534c0484a7a"	"ypm"	"cbs.021140"	NA	41.3677	-72.2362	"united states"	"connecticut"	"new london county"	"east lyme"	9535	"rosaceae"	"potentilla"	"fruticosa"	NA	"potentilla fruticosa"
"ec70c886-84bb-4199-8fe2-be22e1532cae"	"ypm"	"cbs.021147"	"marsh near hammonassett river"	41.3792	-72.5783	"united states"	"connecticut"	"middlesex county"	"killingworth"	9115	"rosaceae"	"potentilla"	"fruticosa"	NA	"potentilla fruticosa"
"edcba8f8-7999-4b3c-955a-355e639a279d"	"ypm"	"cbs.021141"	NA	41.9151	-72.4485	"united states"	"connecticut"	"tolland county"	"ellington"	12089	"rosaceae"	"potentilla"	"fruticosa"	NA	"potentilla fruticosa"
"edcebe3c-b782-4922-a379-0ac7e853b471"	"mesa"	"mesa01284"	"approximately 0.5 miles west of divide fork campground on uranium road, open area north of road"	38.722056	-108.710864	"united states"	"colorado"	"mesa"	NA	3479	"rosaceae"	"potentilla"	"fruticosa"	NA	"potentilla fruticosa"
"f13290a3-1e55-409b-898c-ee00163ff125"	"chsc"	"chsc26348"	"11 air miles west of bishop, 100 ft. below morgan pass in sierra nevada mtns"	37.3916666666667	-118.751666666667	"united states"	"california"	"inyo"	NA	412	"rosaceae"	"potentilla"	"fruticosa"	NA	"potentilla fruticosa"
"f2396eb0-fd57-415f-a6d7-503ab620d9e0"	"utc"	"utc00263182"	"horseshoe basin reference area, peru creek meadow above peruvian mine, argentine ridge front range, rocky mountains, arapaho national forest"	39.616667	-105.8	"united states"	"colorado"	"summit"	NA	NA	"rosaceae"	"potentilla"	"fruticosa"	NA	"potentilla fruticosa"
"f36a406b-9c2d-4fbf-b6a5-e4554f65bf85"	"jeps"	"jeps94049"	"ca. 3.4 mi. s. webber lake (meadow lake rd. (usfs 86) 5.6 mi. n.e. of summit city site at meadow lake, on e. side of rd.); meadow lake"	39.4397030410406	-120.447640713763	"united states"	"california"	"nevada"	NA	825	"rosaceae"	"potentilla"	"fruticosa"	NA	"potentilla fruticosa"
"f38c9059-9460-4596-897d-d4e066572184"	"uam"	"249533"	"middle noatak valley. tundra south of noatak river about midway between mouths of kugururok and nimiuktuk rivers."	67.9	-160.8	"united states"	"alaska"	NA	NA	1	"rosaceae"	"potentilla"	"fruticosa"	NA	"potentilla fruticosa"
"f54ee667-fc8b-46f0-8d03-7fea8c878c04"	"ypm"	"yu.054766"	NA	41.4675	-73.3923	"united states"	"connecticut"	"fairfield county"	"brookfield"	5533	"rosaceae"	"potentilla"	"fruticosa"	NA	"potentilla fruticosa"
"f7543087-a917-4316-b3c2-72d79d375dd2"	"uc"	"uc420590"	"near lake tahoe; near lake tahoe, angora lake"	38.8624	-120.0678	"united states"	"california"	"el dorado"	NA	261	"rosaceae"	"potentilla"	"fruticosa"	NA	"potentilla fruticosa"
"f769633f-310f-4f32-9de8-c7d54a9288f9"	"uc"	"uc1083119"	"w of tioga pass; sierra nevada, yosemite national park, gaylor lakes"	37.9133316520808	-119.275026569226	"united states"	"california"	"tuolumne"	NA	1428	"rosaceae"	"potentilla"	"fruticosa"	NA	"potentilla fruticosa"
"f8b68b06-03a3-4b19-9135-36d85b5b4610"	"rsa"	"rsa68501"	"ne-sw section of hilgard branch, (tributary to bear creek), 2 miles w of mt. hilgard (13,351\')."	37.3507	-118.8612	"united states"	"california"	"fresno"	NA	1169	"rosaceae"	"potentilla"	"fruticosa"	NA	"potentilla fruticosa"
"f96e0928-934a-4312-8247-5b8dea561add"	"uam"	"212673"	"ca 13 mi due west of sam lake"	68.35	-139.1666666667	"canada"	"yukon territory"	NA	NA	1	"rosaceae"	"potentilla"	"fruticosa"	NA	"potentilla fruticosa"
"fa8d4ed4-908c-4536-ba42-0422820d383f"	"dbg"	"khd00027670"	"taylor reservoir"	38.816939	-106.577229	"united states"	"colorado"	"gunnison county"	NA	5000	"rosaceae"	"potentilla"	"fruticosa"	NA	"potentilla fruticosa"
"fa907952-9dce-435e-be6f-3ec86a12bd5f"	"ypm"	"yu.054771"	NA	41.3645	-72.7767	"united states"	"connecticut"	"new haven county"	"north branford"	8305	"rosaceae"	"potentilla"	"fruticosa"	NA	"potentilla fruticosa"
"fd3782c3-ffe4-4328-bc10-888f5d7cacbc"	"uc"	"uc1014758"	"lower end of largest dead fall lake mount eddy, lower end largest dead fall lake"	41.3197208479409	-122.504779621362	"united states"	"california"	"trinity"	NA	838	"rosaceae"	"potentilla"	"fruticosa"	NA	"potentilla fruticosa"
"fdaa3572-fedf-4654-af19-7bed0cd5bf5c"	"des"	"des00009005"	"hawley lake, white mountains."	33.9106	-109.584	"united states"	"arizona"	"apache"	NA	NA	"rosaceae"	"potentilla"	"fruticosa"	NA	"potentilla fruticosa"
"fe423344-8391-4c6b-982f-bb3c5cffa1ed"	"jeps"	"jeps84267"	"se condrey mt. (alex hole); se of condrey mt., alex hole"	41.9339822730753	-122.971450483169	"united states"	"california"	"siskiyou"	NA	508	"rosaceae"	"potentilla"	"fruticosa"	NA	"potentilla fruticosa"
"ff2501c2-d53c-4d40-9a62-a06690f6004d"	"dbg"	"khd00023749"	"ca. 13 air miles s. of georgetown. s. side of guanella pass road across from abyss trail head and along geneva creek."	39.51058	-105.71114	"united states"	"colorado"	"park county"	NA	NA	"rosaceae"	"potentilla"	"fruticosa"	NA	"potentilla fruticosa"
"ff7ffc39-1502-4c80-bfcb-4e463236f0ca"	"ypm"	"yu.054772"	NA	41.367	-72.717	"united states"	"connecticut"	"new haven county"	"north guilford"	5062	"rosaceae"	"potentilla"	"fruticosa"	NA	"potentilla fruticosa"
