"00225f48-ebd3-40b0-bf15-1461124994d2"	"cas"	"cas866826"	"dark canyon, greenhorn range, about 3 miles north of kernville"	35.8066	-118.4713	"united states"	"california"	"tulare"	NA	1000	"rosaceae"	"prunus"	"andersonii"	NA	"prunus andersonii"
"0073a7f3-254b-4390-868f-f6283b1ccb06"	"pom"	"pom275656"	"west side of westgard pass, inyo mountains."	37.25	-118.1734	"united states"	"california"	"inyo"	NA	400	"rosaceae"	"prunus"	"andersonii"	NA	"prunus andersonii"
"009c3ff3-cdd1-4efd-863c-9fe1b4bd08c2"	"ds"	"ds742403"	"s. w. of westgard pass"	37.261387	-118.154433	"united states"	"california"	"inyo"	NA	300	"rosaceae"	"prunus"	"andersonii"	NA	"prunus andersonii"
"01fe40ae-8b8c-4e8f-8858-eeab9eb2528a"	"cas"	"cas593627"	"canebrake creek, 4 miles west of walker pass"	35.7016	-118.0637	"united states"	"california"	"kern"	NA	1000	"rosaceae"	"prunus"	"andersonii"	NA	"prunus andersonii"
"02733a6c-e7ad-4877-81f9-5a7b104774d1"	"ds"	"ds221859"	"lakeside"	38.959	-119.9474	"united states"	"california"	"el dorado"	NA	845	"rosaceae"	"prunus"	"andersonii"	NA	"prunus andersonii"
"02c85ee2-a7fc-4bcb-9a8c-664bbfe41b2a"	"pom"	"pom147708"	"near bishop."	37.369	-118.455	"united states"	"california"	"inyo"	NA	6400	"rosaceae"	"prunus"	"andersonii"	NA	"prunus andersonii"
"03bbc701-e46c-4e34-b367-965e671f86e1"	"ucr"	"ucr185101"	"southern sierra nevada the owens peak eastern watershed. short canyon"	35.71139	-117.927	"united states"	"california"	"kern"	NA	1000	"rosaceae"	"prunus"	"andersonii"	NA	"prunus andersonii"
"05862eab-07de-4cf1-ba00-f80bfb540acf"	"cas"	"cas593630"	"burlando road, kernville"	35.754	-118.4256	"united states"	"california"	"kern"	NA	5100	"rosaceae"	"prunus"	"andersonii"	NA	"prunus andersonii"
"064b5972-2d1e-4817-84b3-6803e5b6a9e7"	"ny"	"849121"	"pine nut mountains, west side of sunrise pass road summit, on road to utopian mine"	39.06	-119.61	"united states"	"nevada"	"douglas co."	NA	NA	"rosaceae"	"prunus"	"andersonii"	NA	"prunus andersonii a.gray"
"06fa3b0b-fa3a-4275-959d-2573424f0330"	"uc"	"uc1236236"	"willow spring last chance mountains"	37.3362	-117.7127	"united states"	"california"	"inyo"	NA	410	"rosaceae"	"prunus"	"andersonii"	NA	"prunus andersonii"
"0837e8f8-052b-4b1d-9fed-ded56494dfbd"	"uc"	"uc1004849"	"12 mi sw of bridgeport (near stream flowing into robinson creek)"	38.195	-119.3275	"united states"	"california"	"mono"	NA	1000	"rosaceae"	"prunus"	"andersonii"	NA	"prunus andersonii"
"086b7a6d-5364-4a01-a87e-535961ad1fe3"	"cas"	"cas539851"	"along hiway 395 near coleville"	38.5658	-119.5077	"united states"	"california"	"mono"	NA	1200	"rosaceae"	"prunus"	"andersonii"	NA	"prunus andersonii"
"08b10c5c-b952-4192-8944-1d42db0e7d7f"	"pasa"	"pasa1172"	"near top of walker pass"	35.6627	-118.0268	"united states"	"california"	"kern"	NA	800	"rosaceae"	"prunus"	"andersonii"	NA	"prunus andersonii"
"08c256fb-4778-4c2e-8416-d12a09d5f42a"	"uc"	"uc646467"	"1 mi s of mono post office (w side of mono lake, on road to leevining); sierra nevada, mono lake"	37.9777	-119.1367	"united states"	"california"	"mono"	NA	650	"rosaceae"	"prunus"	"andersonii"	NA	"prunus andersonii"
"08fd67e4-f9d6-4fc3-b784-672adf2d08b8"	"cas"	"cas539852"	"horse canyon, scodie (kiavah) mountains"	35.567	-118.0761	"united states"	"california"	"kern"	NA	4000	"rosaceae"	"prunus"	"andersonii"	NA	"prunus andersonii"
"09e034de-83e1-46d8-a7a8-5468f63e4846"	"ds"	"ds270597"	"batchelder spring, w. side of westgard pass"	37.243066	-118.194463	"united states"	"california"	"inyo"	NA	150	"rosaceae"	"prunus"	"andersonii"	NA	"prunus andersonii"
"0a00ac49-1928-4379-92b9-2bc8ccde3fc7"	"ny"	"849130"	"east side of shoshone mountains, 3.3 miles north of toiyabe national forest boundary, dirt road north of cloverdale"	38.61	-117.49	"united states"	"nevada"	"nye co."	NA	NA	"rosaceae"	"prunus"	"andersonii"	NA	"prunus andersonii a.gray"
"0aa8334c-0f10-4031-8000-d8c5b6e72739"	"ds"	"ds258128"	"georges creek, e. slope mount whitney, sierras, near lone pine. range: central nevada to california"	36.6694	-118.2112	"united states"	"california"	"inyo"	NA	300	"rosaceae"	"prunus"	"andersonii"	NA	"prunus andersonii"
"0acb1aef-c672-46ff-9929-89be2fd2aae6"	"cas"	"635615"	"quaking aspen canyon on the northeast side of wheeler peak above sweetwater, nevada, mono county"	38.433172	-119.262836	"united states"	"california"	"mono county"	NA	NA	"rosaceae"	"prunus"	"andersonii"	NA	"prunus andersonii  a. gray"
"0bfb1503-d56b-464b-9e84-e552ff9c8ce6"	"rsa"	"rsa499294"	"georges creek, e. slope mount whitney, sierras, near lone pine."	36.6685	-118.212	"united states"	"california"	"inyo"	NA	750	"rosaceae"	"prunus"	"andersonii"	NA	"prunus andersonii"
"0cc52d50-8e11-47f6-9246-cf241943755e"	"cas"	"cas1117380"	"bohler canyon. along the dirt road on the south side of bohler canyon, 1.8 mi (3.0 km) by air west of us highway 395"	37.9011	-119.1275	"united states"	"california"	"mono"	NA	NA	"rosaceae"	"prunus"	"andersonii"	NA	"prunus andersonii"
"0d2879ad-b4fe-405e-a535-5852b20cb7a2"	"pom"	"pom182817"	"lakeside"	38.959	-119.9474	"united states"	"california"	"el dorado"	NA	845	"rosaceae"	"prunus"	"andersonii"	NA	"prunus andersonii"
"0ecc0e96-f18f-46fa-9159-2c4240df3574"	"ny"	"849144"	"white mountains, california highway 168, at a narrow gorge, 5.5 km (3.4 mi) south of westgard pass"	37.2553	-118.1578	"united states"	"california"	"inyo co."	NA	NA	"rosaceae"	"prunus"	"andersonii"	NA	"prunus andersonii a.gray"
"0f32d37a-00f7-4931-aecb-53f8fe306e5c"	"uc"	"uc1973700"	"bohler canyon, edge of wet meadow along the dirt road on the south side of bohler canyon, 1.8 mi (3.0 km) by air west of us highway 395."	37.901093	-119.12745	"united states"	"california"	"mono"	NA	10	"rosaceae"	"prunus"	"andersonii"	NA	"prunus andersonii"
"0f56873d-98f8-40fd-84ae-5ef2c7fe7fe8"	"ucr"	"ucr8293"	"walker pass (state hwy 178 from bakersfield to inyokern)"	35.66253	-118.02483	"united states"	"california"	"kern"	NA	NA	"rosaceae"	"prunus"	"andersonii"	NA	"prunus andersonii"
"0f98bed2-7d84-48c2-aadc-ddebefc4d4eb"	"rsa"	"rsa86840"	"in dry land along shore of mono lake"	38.0294	-119.1012	"united states"	"california"	"mono"	NA	1475	"rosaceae"	"prunus"	"andersonii"	NA	"prunus andersonii"
"11248ae5-9d54-461b-9644-bf2738631dba"	"cas"	"cas866828"	"near hallelujah junction, west of hwy 395 and south of hwy 70"	39.7687	-120.0785	"united states"	"california"	"lassen"	NA	5000	"rosaceae"	"prunus"	"andersonii"	NA	"prunus andersonii"
"1133bcca-20c9-4b8a-ba22-89e04c04c990"	"rsa"	"rsa525161"	"w-side of westgard pass below narrows."	37.2393	-118.1985	"united states"	"california"	"inyo"	NA	3500	"rosaceae"	"prunus"	"andersonii"	NA	"prunus andersonii"
"115d3282-5f70-4543-8b06-a4519442af09"	"ucd"	"ucd83296"	"tulare county; us forest service - lake isabella area"	35.9055933164411	-118.484273286938	"united states"	"california"	"tulare"	NA	20	"rosaceae"	"prunus"	"andersonii"	NA	"prunus andersonii"
"119ec63d-5aa9-452c-9369-8fa4db49a2e2"	"hsc"	"hsc18802"	"1 mi. w of walker pass summit"	35.6656	-118.038	"united states"	"california"	"kern"	NA	750	"rosaceae"	"prunus"	"andersonii"	NA	"prunus andersonii"
"11d682a0-4b43-467e-8891-28b713df7433"	"rsa"	"rsa720507"	"the owens peak eastern watershed. short canyon."	35.7113522703764	-117.927904790778	"united states"	"california"	"kern"	NA	NA	"rosaceae"	"prunus"	"andersonii"	NA	"prunus andersonii"
"1228a3e2-205f-49b5-95ab-0d6f03dba9ee"	"uc"	"uc1736462"	"highway 89 in canyon east fork carson river near mt. bullion (site)"	38.65139	-119.7175	"united states"	"california"	"alpine"	NA	NA	"rosaceae"	"prunus"	"andersonii"	NA	"prunus andersonii"
"1354229d-f3d8-4b7f-b3d4-83abc891b86f"	"cas"	"cas67245"	"along the base of the white mountains opposite/east of laws"	37.4048	-118.3176	"united states"	"california"	"inyo"	NA	3000	"rosaceae"	"prunus"	"andersonii"	NA	"prunus andersonii"
"13bbf83f-3603-462d-b71c-98056d6bbaf3"	"rsa"	"rsa155685"	"near willow spring, last chance mountains."	37.3331	-117.7036	"united states"	"california"	"inyo"	NA	545	"rosaceae"	"prunus"	"andersonii"	NA	"prunus andersonii"
"1562e5e5-bde7-416f-9d76-c150e3139d18"	"pom"	"pom174294"	"albert pass, between deep springs and fish lake valleys."	37.4306	-117.9387	"united states"	"california"	"inyo"	NA	300	"rosaceae"	"prunus"	"andersonii"	NA	"prunus andersonii"
"1595e1aa-b4d4-4390-a191-8d5044634e93"	"rsa"	"rsa110044"	"10.2 mi. ne. of jct. with u.s. hwys. 6 and 395, above big pine, on rd. to westgard pass."	37.255	-118.1583	"united states"	"california"	"inyo"	NA	1200	"rosaceae"	"prunus"	"andersonii"	NA	"prunus andersonii"
"17f45456-a0ad-45b3-919a-e92983466a49"	"rsa"	"rsa759564"	"along california highway 167 (pole line road), 0.6 miles east-northeast of cemetery road. 5 miles east-northeast of u. s. highway 295, 8.2 air miles northeast of lee vining"	38.0708333333333	-119.073888888889	"united states"	"california"	"mono"	NA	NA	"rosaceae"	"prunus"	"andersonii"	NA	"prunus andersonii"
"199d0853-f8c1-4c90-838c-08e9daec0688"	"cas"	"1202999"	"southern sierra nevada: scodie mountains, kiavah wilderness. sequoia national forest: horse canyon, about 0.10 (air)miles n of horse canyon road, along a wash"	35.56686	-118.08819	"united states"	"california"	"kern county"	NA	NA	"rosaceae"	"prunus"	"andersonii"	NA	"prunus andersonii  a. gray"
"1a355c32-770c-4537-8546-9d5bf6783089"	"rsa"	"rsa700829"	"low rolling hills between sagehen peak and dexter canyon; granitic outcrops near mine prospects along 4wd rd., appx. 1.5 mi. s. of hwy 120."	37.8691666666667	-118.798888888889	"united states"	"california"	"mono"	NA	NA	"rosaceae"	"prunus"	"andersonii"	NA	"prunus andersonii"
"1a55f8a5-c50d-44df-bda2-36a83d81b71e"	"ny"	"849135"	"sahwave mountains, ragged top road (or at least its westward extension), 11 road miles west of road junction by blue wing cow camp"	40.15	-119.1	"united states"	"nevada"	"pershing co."	NA	NA	"rosaceae"	"prunus"	"andersonii"	NA	"prunus andersonii a.gray"
"1ae27d0c-e0b0-4f5f-ab8a-0cd5612f9c88"	"uc"	"uc1736470"	"road to haypress flat from highway 89, 0.5 mile above forest city flat"	38.683334	-119.700836	"united states"	"california"	"alpine"	NA	NA	"rosaceae"	"prunus"	"andersonii"	NA	"prunus andersonii"
"1d15743a-11d9-4409-90d9-d8398b1b0653"	"sbbg"	"sbbg43479"	"sierra nevada: w of bishop pine crk cyn"	37.3857	-118.6691	"united states"	"california"	"inyo"	NA	400	"rosaceae"	"prunus"	"andersonii"	NA	"prunus andersonii"
"1d4e5a74-3a53-41fb-b221-5e8f858bbaf7"	"obi"	"obi70419"	"mono lake. hillside next to hwy 295 above lake and fringe of alkali sink"	37.9943	-119.1451	"united states"	"california"	"mono"	NA	2235	"rosaceae"	"prunus"	"andersonii"	NA	"prunus andersonii"
"1ed19e1d-8014-4830-9e21-e20ea4d036e0"	"pom"	"pom231249"	"bishop creek, east slope of sierra nevada."	37.1767	-118.6534	"united states"	"california"	"inyo"	NA	3000	"rosaceae"	"prunus"	"andersonii"	NA	"prunus andersonii"
"1f89f00f-a153-4526-a7bd-6cb3a1596999"	"cas"	"cas919596"	"beyond woodfords"	38.785	-119.8423	"united states"	"california"	"alpine"	NA	1677	"rosaceae"	"prunus"	"andersonii"	NA	"prunus andersonii"
"227fc431-ff53-4a8d-888f-6ae50c913267"	"ny"	"849119"	"3.4 miles north of cloverdale ranch, ione valley, tonopah district blm"	38.6	-117.54	"united states"	"nevada"	"nye co."	NA	NA	"rosaceae"	"prunus"	"andersonii"	NA	"prunus andersonii a.gray"
"228ce234-dca5-497c-ade8-86e47f80fd26"	"ds"	"ds494671"	"4.0 miles east of woodfords; sierra nevada"	38.8178	-119.7792	"united states"	"california"	"alpine"	NA	585	"rosaceae"	"prunus"	"andersonii"	NA	"prunus andersonii"
"24fa69c8-f09f-467c-b58b-c66daf3ea07e"	"uc"	"uc860975"	"onyx"	35.6902797128917	-118.219721763106	"united states"	"california"	"kern"	NA	2372	"rosaceae"	"prunus"	"andersonii"	NA	"prunus andersonii"
"259b2c4e-c2c9-49a2-ae02-8fd324648154"	"pom"	"pom294299"	"1 mile s of leevining, sierra nevada mts. mono lake drainage area."	37.9412	-119.1017	"united states"	"california"	"mono"	NA	1000	"rosaceae"	"prunus"	"andersonii"	NA	"prunus andersonii"
"25e2232d-a6cf-4013-aaed-b6d6e7761520"	"cas"	"cas67242"	"3 to 5 miles east of topaz"	38.6072	-119.4519	"united states"	"california"	"mono"	NA	1750	"rosaceae"	"prunus"	"andersonii"	NA	"prunus andersonii"
"26023bee-4c09-4a7a-b2e0-3d1142371993"	"uc"	"uc1334760"	"state highway from bakersfield to inyokern (walker pass, ne kern county); walker pass"	35.6624827239142	-118.025736565943	"united states"	"california"	"kern"	NA	425	"rosaceae"	"prunus"	"andersonii"	NA	"prunus andersonii"
"2767638d-18dc-4d7a-b6ea-f31be7284083"	"cas"	"cas67238"	"lakeside, lake tahoe region"	39.0979	-120.1883	"united states"	"california"	"placer"	NA	26931	"rosaceae"	"prunus"	"andersonii"	NA	"prunus andersonii"
"2ba0be7a-d713-4f82-be9f-21889e1c47b6"	"cas"	"cas296107"	"near stream flowing into robinson creek, 12 mi. s.w. of bridgeport"	38.1871	-119.3205	"united states"	"california"	"mono"	NA	750	"rosaceae"	"prunus"	"andersonii"	NA	"prunus andersonii"
"2e520e8c-9105-4971-a613-cc9d9811b251"	"ds"	"ds691062"	"mouth of [leevining] lee vining canyon"	37.9326	-119.1551	"united states"	"california"	"mono"	NA	1839	"rosaceae"	"prunus"	"andersonii"	NA	"prunus andersonii"
"3047338e-569a-4f86-84c1-78cba86d5139"	"cas"	"866822"	"onion valley road"	36.7803	-118.3191	"united states"	"california"	"inyo county"	NA	NA	"rosaceae"	"prunus"	"andersonii"	NA	"prunus andersonii  a. gray"
"30c6b5cb-cd66-4e9e-9131-cc5d04cbbff7"	"uc"	"uc1128272"	"inyo creek national forest, bishop bishop; inyo creek national forest, bishop"	37.2672315895494	-118.578546693142	"united states"	"california"	"inyo"	NA	825	"rosaceae"	"prunus"	"andersonii"	NA	"prunus andersonii"
"30edb467-586c-4c33-afb6-38b5f545b0e3"	"ny"	"849124"	"jackson mountains, jackson creek drainage, iron king mine road, 3.7 miles above jackson creek-trout creek summit, 49 airline miles south of denio"	41.3	-118.43	"united states"	"nevada"	"humboldt  co."	NA	NA	"rosaceae"	"prunus"	"andersonii"	NA	"prunus andersonii a.gray"
"31216d3f-22f9-4480-bed7-10e183d970d4"	"uc"	"uc652702"	"w side of westgard pass, batchelder spring westgard pass; , batchelder spring"	37.2425	-118.195	"united states"	"california"	"inyo"	NA	496	"rosaceae"	"prunus"	"andersonii"	NA	"prunus andersonii"
"314246e0-7c55-4d4f-8e3d-15e740b76875"	"rsa"	"rsa599956"	"white mountains. toll house spring meadow, westgard road."	37.2432	-118.1941	"united states"	"california"	"inyo"	NA	145	"rosaceae"	"prunus"	"andersonii"	NA	"prunus andersonii"
"324d53a4-6902-4e28-8c2d-7e687ab5b3ae"	"ucr"	"ucr221876"	"eastern sierra nevada mtns. big pine canyon, along north side of glacier lodge rd, c. 2 mi. down-canyon from sage flat campground"	37.12745	-118.38015	"united states"	"california"	"inyo"	NA	1000	"rosaceae"	"prunus"	"andersonii"	NA	"prunus andersonii"
"33f5a598-a84e-4a4b-8ff4-240fad5ba276"	"rsa"	"rsa38641"	"upper shores of mono lake at mono post office"	37.9899	-119.1428	"united states"	"california"	"mono"	NA	500	"rosaceae"	"prunus"	"andersonii"	NA	"prunus andersonii"
"3663a68f-5014-407f-b12f-0ced2ba05ccf"	"sjsu"	"sjsu13984"	"scott rd by long valley cr c. 3 mi n of hwy 70"	39.83	-120.078	"united states"	"california"	"lassen"	NA	2695	"rosaceae"	"prunus"	"andersonii"	NA	"prunus andersonii"
"370fc826-a883-442b-8ebc-fa5de272a817"	"uc"	"uc496346"	"w side of westgard pass westgard pass; inyo mountains, westgard pass"	37.249973	-118.17152	"united states"	"california"	"inyo"	NA	300	"rosaceae"	"prunus"	"andersonii"	NA	"prunus andersonii"
"379368f0-d896-43d6-b75e-af5d6dd54730"	"ds"	"ds241012"	"convict lake"	37.589	-118.8581	"united states"	"california"	"mono"	NA	1600	"rosaceae"	"prunus"	"andersonii"	NA	"prunus andersonii"
"382b10a5-c0d7-43f4-81a6-39178a98120d"	"cas"	"cas866839"	"by side of old, dirt road in markleeville"	38.6941	-119.7791	"united states"	"california"	"alpine"	NA	1689	"rosaceae"	"prunus"	"andersonii"	NA	"prunus andersonii"
"3ade839a-e8ba-4828-98b4-c81ade610c7e"	"uc"	"uc964804"	"0.5 mi w of walker pass; state hwy 178"	35.6663826638242	-118.033026815747	"united states"	"california"	"kern"	NA	1250	"rosaceae"	"prunus"	"andersonii"	NA	"prunus andersonii"
"3b64120d-38d8-4498-bf0f-50a21a47efa8"	"uc"	"uc1128281"	"plumas national forest, ne sierra valley ne sierra valley; plumas national forest, ne sierra valley"	39.8052053456847	-120.120736588719	"united states"	"california"	"plumas"	NA	825	"rosaceae"	"prunus"	"andersonii"	NA	"prunus andersonii"
"3b816eee-f19f-4df3-9d7f-0989c7278135"	"ucd"	"ucd113161"	"inyo county: pine creek, sierra nevada (near round valley.)"	37.4013	-118.6502	"united states"	"california"	"inyo"	NA	650	"rosaceae"	"prunus"	"andersonii"	NA	"prunus andersonii"
"3d345dfc-1ae1-4db1-adfd-558072cfd0b5"	"gmdrc"	"gmdrc5062"	"along dirt road at crossing of big pine creek, approx. 0.5 mi. sw of big pine"	37.1549333333333	-118.3021	"united states"	"california"	"inyo"	NA	30	"rosaceae"	"prunus"	"andersonii"	NA	"prunus andersonii"
"3ee4573d-e43c-46d8-8bbc-b1225c828439"	"sd"	"sd219104"	"central sierra nevada region; along highway 395, north of bridgeport by fales hot springs, just north of devil\'s gate summit."	38.35241	-119.4018	"united states"	"california"	"inyo"	NA	NA	"rosaceae"	"prunus"	"andersonii"	NA	"prunus andersonii"
"3f962b67-d3ff-41bb-be4a-3e3e7fb7378c"	"cas"	"241012"	"convict lake"	37.589	-118.8581	"united states"	"california"	"mono county"	NA	NA	"rosaceae"	"prunus"	"andersonii"	NA	"prunus andersonii  a. gray"
"3f9aa31b-b091-41b6-8839-2ff03ae34102"	"ny"	"849143"	"on the walker creek drainage, 5 miles south of lee vining"	37.89	-119.11	"united states"	"california"	"mono co."	NA	NA	"rosaceae"	"prunus"	"andersonii"	NA	"prunus andersonii a.gray"
"461f7727-fc0e-4eca-9239-05e2ab93c1c0"	"cas"	"1170835"	"southern sierra nevada, sequoia national forest. scodie mountains, kiavah wilderness. off of california highway 178 in a canyon on north ridge toward pinyon peak"	35.7	-118.0666666667	"united states"	"california"	"kern county"	NA	NA	"rosaceae"	"prunus"	"andersonii"	NA	"prunus andersonii  a. gray"
"473cb0d0-df50-4569-8829-4092dfab23b4"	"cas"	"cas866821"	"north side truckee river near mystic r.r. bridge, just west sierra county line"	39.4421	-120.011	"united states"	"california"	"nevada"	NA	604	"rosaceae"	"prunus"	"andersonii"	NA	"prunus andersonii"
"4782a59e-f1a5-4ebf-90ea-03545ee5e3c3"	"rsa"	"rsa453206"	"mono lake region"	38.0307	-119.0859	"united states"	"california"	"mono"	NA	15775	"rosaceae"	"prunus"	"andersonii"	NA	"prunus andersonii"
"48019dfe-9a4d-4b2e-aaee-72118edad0e9"	"rsa"	"rsa453201"	"near woodfords"	38.778	-119.8215	"united states"	"california"	"alpine"	NA	3360	"rosaceae"	"prunus"	"andersonii"	NA	"prunus andersonii"
"487cb742-0255-42d9-846c-105e8fa6d2da"	"uc"	"uc1751077"	"fairview campground, north fork kern river. 19 mi. n of kernville."	35.9284156813863	-118.491709910563	"united states"	"california"	"tulare"	NA	260	"rosaceae"	"prunus"	"andersonii"	NA	"prunus andersonii"
"48c78d39-e0e6-468f-b1a9-767ec6b97f11"	"sd"	"sd43456"	"rock creek"	37.5472	-118.6511	"united states"	"california"	"mono"	NA	775	"rosaceae"	"prunus"	"andersonii"	NA	"prunus andersonii"
"4969d03e-4cb2-4607-bae6-111d7dd82431"	"uc"	"uc1128290"	"2 mi n of floriston (tahoe national forest); tahoe national forest"	39.410372	-120.016718	"united states"	"california"	"nevada"	NA	900	"rosaceae"	"prunus"	"andersonii"	NA	"prunus andersonii"
"4999b3ba-ee5b-4ab6-ae08-88d708ca28a6"	"sd"	"sd24758"	"near summit of walkers, walkers pass"	35.6632	-118.0271	"united states"	"california"	"kern"	NA	1800	"rosaceae"	"prunus"	"andersonii"	NA	"prunus andersonii"
"49bb79be-88ee-4959-999d-b4d05db172d2"	"sdsu"	"sdsu9161"	"lee vining."	37.9521	-119.1177	"united states"	"california"	"mono"	NA	1000	"rosaceae"	"prunus"	"andersonii"	NA	"prunus andersonii"
"4a5f7127-016f-4e17-84e5-ddf0ef3f5e91"	"ucr"	"ucr47057"	"owens valley, off road to convict lake, c. 0.8 miles sw of hwy. 395"	37.6128	-118.847	"united states"	"california"	"mono"	NA	550	"rosaceae"	"prunus"	"andersonii"	NA	"prunus andersonii"
"4bf9ddb4-3dd2-4ee1-924a-b7131aaaaea6"	"ucr"	"ucr124977"	"owens valley hillside near head of owens river, c. 12 miles north of mammoth lakes"	37.8	-119.03333	"united states"	"california"	"mono"	NA	NA	"rosaceae"	"prunus"	"andersonii"	NA	"prunus andersonii"
"4c33b640-5258-49d0-ac65-9168ad1f8327"	"ucr"	"ucr215125"	"eastern sierra nevada mtns. inyo national forest, c. 3 miles east of city of mammoth lakes, at intersection of hwy 203 (minaret road) and hwy 395"	37.64083	-118.91833	"united states"	"california"	"mono"	NA	1000	"rosaceae"	"prunus"	"andersonii"	NA	"prunus andersonii"
"4e268adc-b371-4955-a1e7-57d42948bec6"	"cas"	"cas690592"	"near inyo national forest. hwy 395 near fb & june lake"	37.8131	-119.0533	"united states"	"california"	"mono"	NA	3200	"rosaceae"	"prunus"	"andersonii"	NA	"prunus andersonii"
"4e92181a-a235-416f-8b86-3456745174bc"	"rsa"	"rsa453204"	"andrew\'s camp, bishop creek."	37.2458	-118.5693	"united states"	"california"	"inyo"	NA	700	"rosaceae"	"prunus"	"andersonii"	NA	"prunus andersonii"
"4f78f887-5d15-40ad-b130-484ef5ae4e61"	"uc"	"uc1927445"	"sierra nevada; southern sierra nevada region; the owens peak eastern watershed. short canyon."	35.7114	-117.927	"united states"	"california"	"kern"	NA	NA	"rosaceae"	"prunus"	"andersonii"	NA	"prunus andersonii"
"4fa0fb6d-ca4d-4668-ae8c-a8ee3b06344f"	"uc"	"uc1128288"	"wash s of kennedy meadow"	36.0174443907778	-118.078512741497	"united states"	"california"	"tulare"	NA	4950	"rosaceae"	"prunus"	"andersonii"	NA	"prunus andersonii"
"4fbfdeb2-8891-4aba-955b-2625eefd31dd"	"utc"	"utc00256510"	"eugene mountains pole canyon, 1.7 road miles e of road junction to woody and bonita canyons, t34n, r34e, s22"	40.48543	-118.09102	"united states"	"nevada"	"pershing"	NA	NA	"rosaceae"	"prunus"	"andersonii"	NA	"prunus andersonii"
"50133764-aa54-4a7e-a0cc-d80bb59290f3"	"uc"	"uc1087473"	"toiyabee national forest, topaz station (topaz [gd] station) toiyabee national forest; , topaz station"	38.6106	-119.5174	"united states"	"california"	"mono"	NA	2000	"rosaceae"	"prunus"	"andersonii"	NA	"prunus andersonii"
"52449cd2-c3ec-4f9f-a28d-04ad98ac327f"	"rsa"	"rsa105021"	"willow spring, last chance mts."	37.3362	-117.7127	"united states"	"california"	"inyo"	NA	410	"rosaceae"	"prunus"	"andersonii"	NA	"prunus andersonii"
"525b2050-fee0-427e-8f45-f3f3b9c4cc6d"	"cas"	"cas931705"	"bob rabbit site, east base of the piute mountains"	35.5666666667	-118.275	"united states"	"california"	"kern"	NA	NA	"rosaceae"	"prunus"	"andersonii"	NA	"prunus andersonii"
"52a5f064-ecff-4291-8c27-6b3abd9f3f7e"	"sbbg"	"sbbg37136"	"westgard pass e of big pine"	37.3009293557374	-118.153931764881	"united states"	"california"	"inyo"	NA	NA	"rosaceae"	"prunus"	"andersonii"	NA	"prunus andersonii"
"52e66dca-33f4-49cc-9552-18296d67d2d1"	"cas"	"cas866840"	"4.0 miles east of woodfords"	38.8178	-119.7792	"united states"	"california"	"alpine"	NA	585	"rosaceae"	"prunus"	"andersonii"	NA	"prunus andersonii"
"52ea7dd3-f358-4e72-90f4-85b59adb701e"	"cas"	"362251"	"sage flat to olancha pass"	36.225	-118.073	"united states"	"california"	"inyo county"	NA	NA	"rosaceae"	"prunus"	"andersonii"	NA	"prunus andersonii  a. gray"
"5319ee7c-e6e3-4717-903f-30ae1433bb9d"	"chsc"	"chsc1579"	"honey lake region"	40.3105555555556	-120.3325	"united states"	"california"	"lassen"	NA	11550	"rosaceae"	"prunus"	"andersonii"	NA	"prunus andersonii"
"556a5f4a-c18f-42c8-b82f-b5e62c2dcbf2"	"rsa"	"rsa683250"	"glass mountain region: e-slope of black mountain, appox. 2.5 km s of peak, at end of old mine/ranch road from kelty meadows area."	37.7869444444444	-118.628333333333	"united states"	"california"	"mono"	NA	NA	"rosaceae"	"prunus"	"andersonii"	NA	"prunus andersonii"
"57661540-db4e-4fa5-9672-c0cfe6ea2354"	"cda"	"cda26122"	"coleville."	38.5658	-119.5077	"united states"	"california"	"mono"	NA	1000	"rosaceae"	"prunus"	"andersonii"	NA	"prunus andersonii"
"57f4be8e-30b9-4762-ab53-73c5b6a7cf47"	"ds"	"ds240757"	"rock creek, near the inyo county line"	37.4638	-118.7298	"united states"	"california"	"mono"	NA	1400	"rosaceae"	"prunus"	"andersonii"	NA	"prunus andersonii"
"581096b3-c75f-44fe-ae8c-74e58122225d"	"rsa"	"rsa23260"	"near independence."	36.8059	-118.2016	"united states"	"california"	"inyo"	NA	2000	"rosaceae"	"prunus"	"andersonii"	NA	"prunus andersonii"
"585114d0-ca87-44e7-9607-1c5eb49f6ed6"	"ny"	"849129"	"out of centerville, road to mud lake"	38.85	-119.74	"united states"	"nevada"	"douglas co."	NA	NA	"rosaceae"	"prunus"	"andersonii"	NA	"prunus andersonii a.gray"
"58db20ca-20df-46ba-b212-cf9a6df0eceb"	"cas"	"cas892401"	"reno junction and along old road paralleling hwy 70 just e of beckwourth pass"	39.7919	-120.1017	"united states"	"california"	"lassen"	NA	206	"rosaceae"	"prunus"	"andersonii"	NA	"prunus andersonii"
"594d42f0-408f-4b02-89f6-964520af48f5"	"sjsu"	"sjsu14477"	"by hwy 395, 5 mi n of doyle"	40.0806	-120.1544	"united states"	"california"	"lassen"	NA	4500	"rosaceae"	"prunus"	"andersonii"	NA	"prunus andersonii"
"5a167c01-c353-4716-891c-e87335d50a2f"	"rsa"	"rsa165985"	"near small airfield near crowley lake"	37.6234	-118.8352	"united states"	"california"	"mono"	NA	1800	"rosaceae"	"prunus"	"andersonii"	NA	"prunus andersonii"
"5c054531-cf32-4cd2-a694-12747f6df3d7"	"ucd"	"ucd113166"	"modoc county: town of pine creek"	41.9918	-120.2982	"united states"	"california"	"modoc"	NA	750	"rosaceae"	"prunus"	"andersonii"	NA	"prunus andersonii"
"5c1450c5-34a2-455f-981f-88707901ae22"	"rsa"	"rsa453205"	"onyx."	35.6902	-118.2206	"united states"	"california"	"kern"	NA	900	"rosaceae"	"prunus"	"andersonii"	NA	"prunus andersonii"
"5c2743ed-3fc2-4e06-a908-197e44e9a6a4"	"ds"	"ds228345"	"pine creek, sierra nevada, (near round valley)"	37.4013	-118.6502	"united states"	"california"	"inyo"	NA	650	"rosaceae"	"prunus"	"andersonii"	NA	"prunus andersonii"
"5d6e284f-5800-472b-8d46-67199aef57fb"	"la"	"la85558"	"5 mi. e of onyx"	35.7266	-118.1547	"united states"	"california"	"kern"	NA	900	"rosaceae"	"prunus"	"andersonii"	NA	"prunus andersonii"
"5ec702e2-e303-419b-b60f-6f99feac882b"	"ds"	"ds744217"	"mono lake and vicinity, north of lee vining"	37.9698	-119.1193	"united states"	"california"	"mono"	NA	1500	"rosaceae"	"prunus"	"andersonii"	NA	"prunus andersonii"
"5f76c451-265c-4faf-a348-d526171e182e"	"sfv"	"sfv20209"	"sierra nevada rock creek road, about 1 mile upstream from french camp campground. bottom of narrow, westish facing canyon at large roadside pullout on north side of road."	37.5379876941151	-118.699569992105	"united states"	"california"	"mono"	NA	NA	"rosaceae"	"prunus"	"andersonii"	NA	"prunus andersonii"
"605cfe0f-3d09-45f9-b455-b83d954f380c"	"rsa"	"rsa233327"	"independence creek, west of independence"	36.7858	-118.3078	"united states"	"california"	"inyo"	NA	450	"rosaceae"	"prunus"	"andersonii"	NA	"prunus andersonii"
"608066b2-651d-42f6-8daa-a37752c16715"	"ny"	"00947337"	"eugene mountains pole canyon, 1.7 road miles e of road junction to woody and bonita canyons"	40.81508	-118.15283	"united states"	"nevada"	"pershing co."	NA	NA	"rosaceae"	"prunus"	"andersonii"	NA	"prunus andersonii a.gray"
"6121e51a-7d71-4a0d-83fa-2e0f3d9c6c52"	"cas"	"240757"	"rock creek, near the inyo county line"	37.4638	-118.7298	"united states"	"california"	"mono county"	NA	NA	"rosaceae"	"prunus"	"andersonii"	NA	"prunus andersonii  a. gray"
"61ef11f7-55b8-497e-91ab-2d10a4d89491"	"jeps"	"jeps94135"	"ca. 5 mi. n.-n.e. doyle (rd. to orv parking area in fort sage mts., 1.1 mi. e. of fort sage rd.); fort sage mts."	40.0642039646685	-120.064337857239	"united states"	"california"	"lassen"	NA	825	"rosaceae"	"prunus"	"andersonii"	NA	"prunus andersonii"
"622224b8-5eb1-4d82-a016-d7c069d5dfd2"	"rsa"	"rsa663838"	"blm: bishop district: round valley; 0.6 km nw of round valley school"	37.4166666666667	-118.583333333333	"united states"	"california"	"inyo"	NA	NA	"rosaceae"	"prunus"	"andersonii"	NA	"prunus andersonii"
"62c0d087-7563-4220-af73-62ad44346ac8"	"cas"	"67242"	"3 to 5 miles east of topaz"	38.6072	-119.4519	"united states"	"california"	"mono county"	NA	NA	"rosaceae"	"prunus"	"andersonii"	NA	"prunus andersonii  a. gray"
"6314c5b8-ea7a-4f2c-8a4c-4e1cb3e4bcf4"	"ucr"	"ucr47621"	"white mtns. mouth of pellisier creek. owens valley drainage"	37.71694	-118.35722	"united states"	"california"	"mono"	NA	1000	"rosaceae"	"prunus"	"andersonii"	NA	"prunus andersonii"
"63369ccc-355c-4bfb-bfca-369c9e31da03"	"rsa"	"rsa753532"	"along hwy 395, north of bridgeport, by fales hot springs just north of devil\'s gate summit"	38.35241	-119.4018	"united states"	"california"	"inyo"	NA	NA	"rosaceae"	"prunus"	"andersonii"	NA	"prunus andersonii"
"63532161-fd7e-4047-81db-37724983204c"	"ny"	"849123"	"jackson mountains, jackson creek, 1 mile from black rock desert road, 47 airline miles south of denio"	41.33	-118.53	"united states"	"nevada"	"humboldt  co."	NA	NA	"rosaceae"	"prunus"	"andersonii"	NA	"prunus andersonii a.gray"
"63dedd27-dfbb-4f3d-ba2c-264844d59db6"	"ucd"	"ucd113164"	"mono county: sonora pass, state highway 108, 1.4 miles west of leavitt meadows lodge"	38.3186	-119.5686	"united states"	"california"	"mono"	NA	300	"rosaceae"	"prunus"	"andersonii"	NA	"prunus andersonii"
"6550c618-076a-43a7-8b1b-896798b2cfa7"	"uc"	"uc1299833"	"westgard pass; white mountains"	37.286278	-118.15221	"united states"	"california"	"inyo"	NA	3000	"rosaceae"	"prunus"	"andersonii"	NA	"prunus andersonii"
"659761f1-5161-40f8-b586-ef9d48658110"	"ucr"	"ucr222910"	"eastern sierra nevada mtns. convict creek, uc sierra nevada aquatic research lab, mt. morrison rd, 0.8 mi nw of intersection with hwy 395"	37.61355	-118.83508	"united states"	"california"	"mono"	NA	100	"rosaceae"	"prunus"	"andersonii"	NA	"prunus andersonii"
"65dcc0d1-b7d5-4e68-b6e6-5d0048cd4371"	"rsa"	"rsa311045"	"big pine creek road."	37.1252	-118.3725	"united states"	"california"	"inyo"	NA	250	"rosaceae"	"prunus"	"andersonii"	NA	"prunus andersonii"
"660318a8-b92b-4f14-9dab-9115e80d1053"	"sdsu"	"sdsu9162"	"1.6 miles e of west entrance to inyo national forest on westgard pass road."	37.246	-118.1853	"united states"	"california"	"inyo"	NA	300	"rosaceae"	"prunus"	"andersonii"	NA	"prunus andersonii"
"6631eab7-8818-465e-8dc5-16bc79fefa44"	"uc"	"uc1922130"	"sierra nevada; southern sierra nevada region; owens peak eastern watershed. east slope above indian wells canyon."	35.7198	-117.9781	"united states"	"california"	"kern"	NA	NA	"rosaceae"	"prunus"	"andersonii"	NA	"prunus andersonii"
"66d3a775-e883-43e7-a079-06deab9ed6b7"	"ds"	"ds38161"	"mono lake"	37.9945	-119.0585	"united states"	"california"	"mono"	NA	8850	"rosaceae"	"prunus"	"andersonii"	NA	"prunus andersonii"
"6718c7cd-c37b-41bf-9327-aac85b61d0db"	"ny"	"849126"	"3/4 mile south of moores station"	38.68	-116.18	"united states"	"nevada"	"nye co."	NA	NA	"rosaceae"	"prunus"	"andersonii"	NA	"prunus andersonii a.gray"
"67b59f65-1610-4daa-9e81-37fbfaf46abb"	"rsa"	"rsa685415"	"long valley: e of owens river. along fs road 3s01 at 1st cattle gate e of benton crossing rd."	37.6536111111111	-118.7175	"united states"	"california"	"mono"	NA	NA	"rosaceae"	"prunus"	"andersonii"	NA	"prunus andersonii"
"68570017-0a78-48f2-a4a8-fae6e62a5358"	"pom"	"pom275659"	"lake sabrina road. sierra nevada mountains. owens river watershed"	37.2819	-118.5661	"united states"	"california"	"inyo"	NA	1000	"rosaceae"	"prunus"	"andersonii"	NA	"prunus andersonii"
"68683321-5549-4301-b61b-8befaf40bf7a"	"cas"	"430162"	"10.2 mi. ne. of jct. with u.s. hwys. 6 and 395, above big pine, on rd. to westgard pass"	37.252161	-118.163114	"united states"	"california"	"inyo county"	NA	NA	"rosaceae"	"prunus"	"andersonii"	NA	"prunus andersonii  a. gray"
"689f1f87-ecd1-4d90-a457-6622156cfae2"	"uc"	"uc1281138"	"1 mi e of woodfords"	38.7754482597696	-119.805150579405	"united states"	"california"	"alpine"	NA	412	"rosaceae"	"prunus"	"andersonii"	NA	"prunus andersonii"
"68a527f1-5620-4042-8f16-3a155e605f51"	"uc"	"uc1552000"	"1 mi s of leevining near mono lake"	37.9412	-119.1017	"united states"	"california"	"mono"	NA	1000	"rosaceae"	"prunus"	"andersonii"	NA	"prunus andersonii"
"694dfb4b-565a-4dbf-9309-ce077294d702"	"cas"	"cas351313"	"hy 89, e. of checking station coming into cal. from nevada over beckwourth pass"	39.783	-120.6213	"united states"	"california"	"sierra"	NA	396	"rosaceae"	"prunus"	"andersonii"	NA	"prunus andersonii"
"6955e897-08f0-471b-b185-4dcd8c5ed906"	"rsa"	"rsa685485"	"along fs rd. 3s01 (paralleling powerline - e of deer spr.), appx 1000m w of benton crossing rd. 200m w of cattle tank."	37.6638888888889	-118.608055555556	"united states"	"california"	"mono"	NA	NA	"rosaceae"	"prunus"	"andersonii"	NA	"prunus andersonii"
"6ab48e91-af85-40ff-ba28-f0fd0b152ab3"	"cas"	"635616"	"quaking aspen canyon on the northeast side of wheeler peak above sweetwater, nevada, and mono county"	38.433172	-119.262836	"united states"	"california"	"mono county"	NA	NA	"rosaceae"	"prunus"	"andersonii"	NA	"prunus andersonii  a. gray"
"6b889bc0-fbaa-4607-ab52-edbc0c50aa57"	"rsa"	"rsa247151"	"sierra nevada mts. near lone pine, roadside"	36.597	-118.1727	"united states"	"california"	"inyo"	NA	10000	"rosaceae"	"prunus"	"andersonii"	NA	"prunus andersonii"
"6d0e7d6c-9a87-4bcb-814e-0c1824dc9fa4"	"rsa"	"rsa453202"	"on harkless flat rd., 0.9 mi s of junction with waucoba rd."	37.1205	-118.1132	"united states"	"california"	"inyo"	NA	395	"rosaceae"	"prunus"	"andersonii"	NA	"prunus andersonii"
"6dac67bb-9c57-4811-bc27-5a689d2cc7b8"	"rsa"	"rsa453207"	"1.5 miles s of conway summit."	38.0772	-119.1706	"united states"	"california"	"mono"	NA	1350	"rosaceae"	"prunus"	"andersonii"	NA	"prunus andersonii"
"6dda9725-e98f-4fac-8198-3c48b3724a90"	"obi"	"obi25973"	"walker pass area"	35.6627	-118.0269	"united states"	"california"	"kern"	NA	2500	"rosaceae"	"prunus"	"andersonii"	NA	"prunus andersonii"
"6e2979ee-ff49-4b71-ac12-cab771264105"	"cas"	"cas635615"	"quaking aspen canyon on the northeast side of wheeler peak above sweetwater, nevada, mono county"	38.433172	-119.262836	"united states"	"california"	"mono"	NA	300	"rosaceae"	"prunus"	"andersonii"	NA	"prunus andersonii"
"6ed7253c-b19f-43cb-88aa-790121b862f5"	"cas"	"cas539853"	"canebrake creek, 4 miles west of walker pass"	35.7016	-118.0637	"united states"	"california"	"kern"	NA	1000	"rosaceae"	"prunus"	"andersonii"	NA	"prunus andersonii"
"6fc057a0-5e57-4650-90c6-f31a1a72b146"	"uc"	"uc519653"	"near round valley (pine creek); sierra nevada, pine creek"	37.4013	-118.6502	"united states"	"california"	"inyo"	NA	650	"rosaceae"	"prunus"	"andersonii"	NA	"prunus andersonii"
"6fd0477f-be51-4319-8076-88539e539d44"	"cas"	"cas67246"	"quincy"	39.9369	-120.9461	"united states"	"california"	"plumas"	NA	3644	"rosaceae"	"prunus"	"andersonii"	NA	"prunus andersonii"
"6ffe8c4a-7caf-4a1d-97fa-17d653f7c4b9"	"uc"	"uc638494"	"18 mi e of truckee (along highway 40)"	39.4645	-120.0056	"united states"	"california"	"nevada"	NA	1900	"rosaceae"	"prunus"	"andersonii"	NA	"prunus andersonii"
"707fea8d-3324-4366-8139-93e2049a49df"	"rsa"	"rsa10819"	"pine creek, sierra nevada, near round valley."	37.4013	-118.6502	"united states"	"california"	"inyo"	NA	650	"rosaceae"	"prunus"	"andersonii"	NA	"prunus andersonii"
"71767d6f-f937-4982-86d6-475827d990d8"	"ny"	"849127"	"northwest side of the virginia range"	39.48	-119.68	"united states"	"nevada"	"storey co."	NA	NA	"rosaceae"	"prunus"	"andersonii"	NA	"prunus andersonii a.gray"
"7360f039-db1e-4630-a712-e6f7441e4edb"	"cas"	"cas866819"	"beckwourth pass"	39.7917	-120.1078	"united states"	"california"	"plumas"	NA	300	"rosaceae"	"prunus"	"andersonii"	NA	"prunus andersonii"
"7500d8e2-1fad-404f-9a44-2c645e26cfae"	"cas"	"635706"	"bluffs along hot creek just above long valley of the owens river. northwest side of crowley lake"	37.669	-118.8166	"united states"	"california"	"mono county"	NA	NA	"rosaceae"	"prunus"	"andersonii"	NA	"prunus andersonii  a. gray"
"7520c98d-5bac-431a-b7a8-0b1024fce0b4"	"rsa"	"rsa78807"	"near topaz on hwy 395."	38.6109	-119.5197	"united states"	"california"	"mono"	NA	1300	"rosaceae"	"prunus"	"andersonii"	NA	"prunus andersonii"
"75b5a87c-8e64-44d0-979a-9c5bfab77e2a"	"chsc"	"chsc106581"	"fort sage mtns. ohv trailhead and trail to indian springs"	40.0608333333333	-120.073055555556	"united states"	"california"	"lassen"	NA	NA	"rosaceae"	"prunus"	"andersonii"	NA	"prunus andersonii"
"75d640f7-0023-4e74-a3b4-bb6c4984b28c"	"ny"	"849133"	"hot creek range, base/mouth of tybo creek's canyon, vicinity of pedro well"	38.38	-116.37	"united states"	"nevada"	"nye co."	NA	NA	"rosaceae"	"prunus"	"andersonii"	NA	"prunus andersonii a.gray"
"768e235b-a963-4a16-ac92-4cc6a523c7af"	"cas"	"cas866825"	"north fork of bishop creek"	37.2314	-118.6093	"united states"	"california"	"inyo"	NA	3200	"rosaceae"	"prunus"	"andersonii"	NA	"prunus andersonii"
"769b5c2d-2dd5-4319-b063-a7616eb2b86a"	"ny"	"849134"	"goldrun creek between edna mountain, and the sonoma range, about 4.9 roadmiles south of rock creek ranch turnoff"	40.79	-117.48	"united states"	"nevada"	"humboldt co."	NA	NA	"rosaceae"	"prunus"	"andersonii"	NA	"prunus andersonii a.gray"
"77a063ca-15d2-491c-891e-5d6e3c4383d0"	"cas"	"cas351327"	"n. of doyle, honey lake in view"	40.7345	-120.7178	"united states"	"california"	"lassen"	NA	10500	"rosaceae"	"prunus"	"andersonii"	NA	"prunus andersonii"
"77ea6e66-b003-43af-97e0-fdd3794315c2"	"ucr"	"ucr137145"	"eastern sierra nevada bishop creek"	37.32778	-118.49861	"united states"	"california"	"inyo"	NA	10000	"rosaceae"	"prunus"	"andersonii"	NA	"prunus andersonii"
"78184f5a-eae0-4447-a61a-b6d1f1b31476"	"ny"	"01265160"	"kamma mountains, foothills at north end, 3 air miles south-southeast of juntion of railroad tracks and the black rock desert road"	40.835	-118.68047	"united states"	"nevada"	"pershing co."	NA	NA	"rosaceae"	"prunus"	"andersonii"	NA	"prunus andersonii a.gray"
"7969d9dd-1204-40a0-a6af-7d000eea59e4"	"ds"	"ds494897"	"near willow spring, last chance mountains"	37.3331	-117.7036	"united states"	"california"	"inyo"	NA	545	"rosaceae"	"prunus"	"andersonii"	NA	"prunus andersonii"
"799e5a3b-e1b8-48bd-9b88-4685d842a6cd"	"sd"	"sd72218"	"walker pass (state highway 178 from bakersfield to inyokern)"	35.6631	-118.0273	"united states"	"california"	"kern"	NA	2500	"rosaceae"	"prunus"	"andersonii"	NA	"prunus andersonii"
"7a242406-1d6d-4ba1-af4f-264fd4555c0c"	"uc"	"uc1128277"	"1 mi s of woodfords (mono national forest); mono national forest"	38.7607352458961	-119.823840993124	"united states"	"california"	"alpine"	NA	412	"rosaceae"	"prunus"	"andersonii"	NA	"prunus andersonii"
"7b5834df-889e-4dbd-b04a-b034661fad90"	"cas"	"cas362251"	"sage flat to olancha pass"	36.225	-118.073	"united states"	"california"	"inyo"	NA	700	"rosaceae"	"prunus"	"andersonii"	NA	"prunus andersonii"
"7b7d8e68-5118-4626-96e0-50c6ebdf6018"	"pom"	"pom255047"	"near stream flowing into robinson creek, 12 miles southwest of bridgeport."	38.195	-119.3275	"united states"	"california"	"mono"	NA	1000	"rosaceae"	"prunus"	"andersonii"	NA	"prunus andersonii"
"7c9aea05-c860-4307-b0ec-abf38eb8ac15"	"uc"	"uc1786766"	"glass mountain region; at mouth of o\' harrel canyon."	37.750557	-118.734726	"united states"	"california"	"mono"	NA	NA	"rosaceae"	"prunus"	"andersonii"	NA	"prunus andersonii"
"7cb9a85b-98e2-42f2-b85d-8f984d7253ab"	"chsc"	"chsc35955"	"reno junction and along old road paralleling hwy 70 just e of beckwourth pass"	39.7919444444444	-120.101666666667	"united states"	"california"	"lassen"	NA	206	"rosaceae"	"prunus"	"andersonii"	NA	"prunus andersonii"
"7ce82cd1-c284-4036-8a08-b568208b152c"	"cas"	"358758"	"1.5 miles east of twin lakes"	38.1945	-119.3228	"united states"	"california"	"mono county"	NA	NA	"rosaceae"	"prunus"	"andersonii"	NA	"prunus andersonii  a. gray"
"7ece376c-fe13-4c85-9872-fe4ffb73861c"	"rsa"	"rsa123189"	"mouth of buckeye canyon"	38.2359	-119.3214	"united states"	"california"	"mono"	NA	1500	"rosaceae"	"prunus"	"andersonii"	NA	"prunus andersonii"
"8090b4c4-bf9d-4dca-8ae1-d14b1cef7ee2"	"rsa"	"rsa252506"	"beckwourth pass, plumas-lassen co. line."	39.7917	-120.1078	"united states"	"california"	"plumas"	NA	300	"rosaceae"	"prunus"	"andersonii"	NA	"prunus andersonii"
"80a81785-fb42-4bc0-8951-6bd7bdf89508"	"uc"	"uc1128283"	"4 mi se of dog valley"	39.541721	-119.982913	"united states"	"california"	"sierra"	NA	1175	"rosaceae"	"prunus"	"andersonii"	NA	"prunus andersonii"
"8180b428-a066-42e6-bd3a-c4949b4d95e4"	"cas"	"438760"	"willow spring, last chance mts."	37.3362007141	-117.7126998901	"united states"	"california"	"inyo county"	NA	NA	"rosaceae"	"prunus"	"andersonii"	NA	"prunus andersonii  a. gray"
"81fe9a0f-8ba8-4bae-af2f-69feebc80cd4"	"rsa"	"rsa86839"	"rock creek, sierra nevada."	37.5524	-118.6547	"united states"	"california"	"mono"	NA	1000	"rosaceae"	"prunus"	"andersonii"	NA	"prunus andersonii"
"8255fcc5-8ae8-4124-87a1-1755c16de174"	"cas"	"cas698084"	"big pine creek road, along roadside"	37.1255	-118.3737	"united states"	"california"	"inyo"	NA	7500	"rosaceae"	"prunus"	"andersonii"	NA	"prunus andersonii"
"82d67729-524b-4102-bc76-23fe784b0a56"	"ny"	"849120"	"carson range, toiyabe national forest; along u.s. hwy 50, 5.8 miles west of its junction with u.s. hwy 395"	39.12	-119.87	"united states"	"nevada"	"carson city co."	NA	NA	"rosaceae"	"prunus"	"andersonii"	NA	"prunus andersonii a.gray"
"83dc676a-1a3a-48e0-9f5d-1201ca7eefa3"	"pom"	"pom214741"	"pine creek, sierra nevada, near round valley."	37.4013	-118.6502	"united states"	"california"	"inyo"	NA	650	"rosaceae"	"prunus"	"andersonii"	NA	"prunus andersonii"
"843350d1-1977-42af-9fb2-081d46fb6418"	"cas"	"cas690048"	"near walker pass"	35.6627	-118.0269	"united states"	"california"	"kern"	NA	3000	"rosaceae"	"prunus"	"andersonii"	NA	"prunus andersonii"
"843ef9ac-a6e4-4727-8954-ecce4385b49d"	"cas"	"cas67236"	"mono lake"	37.9945	-119.0585	"united states"	"california"	"mono"	NA	8850	"rosaceae"	"prunus"	"andersonii"	NA	"prunus andersonii"
"84720788-f819-44e2-9a77-060a1fcecc81"	"cas"	"cas593632"	"canebrake creek just above walker pass station"	35.6924	-118.055	"united states"	"california"	"kern"	NA	500	"rosaceae"	"prunus"	"andersonii"	NA	"prunus andersonii"
"85d204b2-d78d-407a-925f-6858dafd7e15"	"cas"	"cas180962"	"5 miles west of summit of walker pass"	35.7145	-118.0689	"united states"	"california"	"kern"	NA	2000	"rosaceae"	"prunus"	"andersonii"	NA	"prunus andersonii"
"87d5b938-147b-418a-aaf0-ca7218103130"	"ds"	"ds189526"	"gilbert pass between deep springs and fish lake valleys"	37.4306	-117.9387	"united states"	"california"	"inyo"	NA	300	"rosaceae"	"prunus"	"andersonii"	NA	"prunus andersonii"
"89902b3e-8c6d-4d37-8663-0e85df71d529"	"cas"	"744216"	"mono lake and vicinity, north of lee vining. 2 miles west of highway 395 on top of the glacial moraine at lundy canyon"	38.0324	-119.1885	"united states"	"california"	"mono county"	NA	NA	"rosaceae"	"prunus"	"andersonii"	NA	"prunus andersonii  a. gray"
"8a4a87be-345b-440e-8157-8cad7ba1a813"	"rsa"	"rsa730099"	"the owens peak eastern watershed: nw end of indian wells canyon."	35.7037522884309	-117.944205115448	"united states"	"california"	"kern"	NA	NA	"rosaceae"	"prunus"	"andersonii"	NA	"prunus andersonii"
"8aa37c62-4151-4e5d-b7fa-4b72dd74f8bc"	"cas"	"cas67241"	"mono lake"	37.9945	-119.0585	"united states"	"california"	"mono"	NA	8850	"rosaceae"	"prunus"	"andersonii"	NA	"prunus andersonii"
"8ab93fe9-b80b-419d-9a57-1697f4a8d0cd"	"pom"	"pom229189"	"pine creek (town)."	41.9918	-120.2982	"united states"	"california"	"modoc"	NA	750	"rosaceae"	"prunus"	"andersonii"	NA	"prunus andersonii"
"8adfa0d5-6ea0-488e-82d8-b7d4c74ac599"	"ucr"	"ucr196588"	"southern sierra nevada owens peak eastern watershed, northwest end of indian wells canyon"	35.70389	-117.94333	"united states"	"california"	"kern"	NA	1000	"rosaceae"	"prunus"	"andersonii"	NA	"prunus andersonii"
"8aeb2185-cc46-4511-afb3-97679ae32492"	"rsa"	"rsa698646"	"bishop"	37.3617	-118.3951	"united states"	"california"	"inyo"	NA	6000	"rosaceae"	"prunus"	"andersonii"	NA	"prunus andersonii"
"8c060ebb-2900-44a5-bd34-fd2bd606d8f0"	"rsa"	"rsa759681"	"bob rabbit site, east base of the piute mountains"	35.5666666666667	-118.275	"united states"	"california"	"kern"	NA	NA	"rosaceae"	"prunus"	"andersonii"	NA	"prunus andersonii"
"8c8c9b9c-79f1-462e-a63a-6918cff97980"	"cas"	"931705"	"bob rabbit site, east base of the piute mountains"	35.5666666667	-118.275	"united states"	"california"	"kern county"	NA	NA	"rosaceae"	"prunus"	"andersonii"	NA	"prunus andersonii  a. gray"
"8c901457-b8d8-46e7-b911-6c34246fcf61"	"pom"	"pom89249"	"lone pine."	36.5923	-118.2161	"united states"	"california"	"inyo"	NA	500	"rosaceae"	"prunus"	"andersonii"	NA	"prunus andersonii"
"8c9a09d9-d02d-47a1-abad-ccb907504e3a"	"pom"	"pom89330"	"cameron"	35.096	-118.2967	"united states"	"california"	"kern"	NA	10000	"rosaceae"	"prunus"	"andersonii"	NA	"prunus andersonii"
"8d8fe744-f5ca-4a46-971e-f5374834a9e3"	"obi"	"obi70410"	"lee vining"	37.9587	-119.1192	"united states"	"california"	"mono"	NA	2000	"rosaceae"	"prunus"	"andersonii"	NA	"prunus andersonii"
"8db01050-3bdc-4874-af8d-7d706f659e5a"	"ucsb"	"ucsb71303"	"eastern sierra nevada, convict creek, uc sierra nevada aquatic research lab, mt. morrison rd, 0.8 mi nw of intersection with hwy 395"	37.6144	-118.8317	"united states"	"california"	"mono"	NA	350	"rosaceae"	"prunus"	"andersonii"	NA	"prunus andersonii"
"8e394169-3f47-4329-8e23-8afeceecaefa"	"hsc"	"hsc42460"	"ash creek campground"	41.1611	-120.829	"united states"	"california"	"modoc"	NA	501	"rosaceae"	"prunus"	"andersonii"	NA	"prunus andersonii"
"8fa1ed8e-5047-4713-8c0c-d998973e52f0"	"jeps"	"jeps97649"	"fairview campground, north fork kern river. 19 mi. n of kernville."	35.9284156813863	-118.491709910563	"united states"	"california"	"tulare"	NA	260	"rosaceae"	"prunus"	"andersonii"	NA	"prunus andersonii"
"8ffd3f0b-b198-44aa-92e4-755994350b70"	"uc"	"uc1080609"	"last chance mountains, willow spring willow spring; last chance mountains, willow spring"	37.3362	-117.7127	"united states"	"california"	"inyo"	NA	410	"rosaceae"	"prunus"	"andersonii"	NA	"prunus andersonii"
"912a93dd-b23f-437d-baa7-9a2d28a75cbf"	"ds"	"ds38160"	"along the base of the white mountains opposite/east of laws"	37.4048	-118.3176	"united states"	"california"	"inyo"	NA	3000	"rosaceae"	"prunus"	"andersonii"	NA	"prunus andersonii"
"913e6174-4a23-4cff-bac6-3d3e1672282f"	"cas"	"290477"	"west side of westgard pass"	37.2471	-118.1843	"united states"	"california"	"inyo county"	NA	NA	"rosaceae"	"prunus"	"andersonii"	NA	"prunus andersonii  a. gray"
"920b072f-a529-4863-adc2-1a66c64df7bf"	"sbbg"	"sbbg15741"	"sierra nevada: near small airfield near crowley lake"	37.6215	-118.829	"united states"	"california"	"mono"	NA	500	"rosaceae"	"prunus"	"andersonii"	NA	"prunus andersonii"
"9232af21-a60b-49a5-ad8c-7734a8790efe"	"rsa"	"rsa320315"	"horse canyon road, east base of the scodies."	35.5643	-118.0801	"united states"	"california"	"kern"	NA	3000	"rosaceae"	"prunus"	"andersonii"	NA	"prunus andersonii"
"92a7b1ef-4b63-4ad3-9fc4-b003f7830af0"	"ucd"	"ucd113160"	"plumas county: beckwourth pass, plumas-lassen county line"	39.7917	-120.1078	"united states"	"california"	"plumas"	NA	770	"rosaceae"	"prunus"	"andersonii"	NA	"prunus andersonii"
"92abde15-469f-4433-b16e-4ccf0e905653"	"cas"	"cas67237"	"above west fork of owens river, 20 miles from round valley"	37.5804	-118.6859	"united states"	"california"	"mono"	NA	8000	"rosaceae"	"prunus"	"andersonii"	NA	"prunus andersonii"
"939ea0d2-aabb-46a8-9b4b-38964eec13bf"	"cas"	"cas430162"	"10.2 mi. ne. of jct. with u.s. hwys. 6 and 395, above big pine, on rd. to westgard pass"	37.252161	-118.163114	"united states"	"california"	"inyo"	NA	400	"rosaceae"	"prunus"	"andersonii"	NA	"prunus andersonii"
"94ef619a-d691-4941-9c6f-833418708429"	"cas"	"cas316647"	"independence"	36.8028	-118.1992	"united states"	"california"	"inyo"	NA	3850	"rosaceae"	"prunus"	"andersonii"	NA	"prunus andersonii"
"9565368e-38a5-4c7c-a3ef-45973fe9f05b"	"ds"	"ds129325"	"mammoth"	37.6337	-118.9834	"united states"	"california"	"mono"	NA	4000	"rosaceae"	"prunus"	"andersonii"	NA	"prunus andersonii"
"956ef5fe-63c8-4dd2-af13-6913de74dc7a"	"ds"	"ds741002"	"mono lake and vicinity, north of lee vining"	37.9698	-119.1193	"united states"	"california"	"mono"	NA	1500	"rosaceae"	"prunus"	"andersonii"	NA	"prunus andersonii"
"95ba7feb-c809-41c3-b786-210559f84d05"	"gmdrc"	"gmdrc6350"	"ne end of range, along willow creek rd, at western base of sylvania mountains, about 3 mi. west of nv border"	37.33575	-117.712033333333	"united states"	"california"	"inyo"	NA	30	"rosaceae"	"prunus"	"andersonii"	NA	"prunus andersonii"
"961e8a5c-05ad-4e68-bf01-241409d68261"	"uc"	"uc1736465"	"along diamond valley road 6 miles east of the junction with highway 88, north hill of wade valley"	38.8	-119.76667	"united states"	"california"	"alpine"	NA	NA	"rosaceae"	"prunus"	"andersonii"	NA	"prunus andersonii"
"9837bf6d-6aec-443f-b8c4-1e216accd9c1"	"ds"	"ds334304"	"4 miles north of bridgeport"	38.3121	-119.2141	"united states"	"california"	"mono"	NA	350	"rosaceae"	"prunus"	"andersonii"	NA	"prunus andersonii"
"9895a119-03f4-446d-8c87-37d762f21988"	"pom"	"pom275658"	"lakeside park, lake tahoe. sierra nevada mts. truckee river watershed."	38.959	-119.9474	"united states"	"california"	"el dorado"	NA	845	"rosaceae"	"prunus"	"andersonii"	NA	"prunus andersonii"
"996b7a28-07f3-47a1-a745-795ccdc8ff0f"	"rsa"	"rsa60357"	"6 miles south of doyle, hwy 395."	39.9461	-120.0263	"united states"	"california"	"lassen"	NA	3500	"rosaceae"	"prunus"	"andersonii"	NA	"prunus andersonii"
"99934845-92c5-490a-bf15-4b7b61b64666"	"pom"	"pom117787"	"westerguard pass"	37.3007	-118.1547	"united states"	"california"	"inyo"	NA	1900	"rosaceae"	"prunus"	"andersonii"	NA	"prunus andersonii"
"99fdb3cf-3a32-4e3c-a5ef-d2a28d5a6b99"	"rsa"	"rsa618747"	"sierra nevada: owens valley; george creek, just outside mouth of canyon."	36.6529	-118.2344	"united states"	"california"	"inyo"	NA	750	"rosaceae"	"prunus"	"andersonii"	NA	"prunus andersonii"
"9a8dbcbd-fa45-4886-b22f-fa42c27c6cb4"	"cas"	"cas278745"	"pine creek, sierra nevada, (near round valley)"	37.4013	-118.6502	"united states"	"california"	"inyo"	NA	650	"rosaceae"	"prunus"	"andersonii"	NA	"prunus andersonii"
"9aede605-99a5-4146-ba0f-a9091929079d"	"la"	"la208069"	"onyx"	35.6902	-118.2206	"united states"	"california"	"kern"	NA	900	"rosaceae"	"prunus"	"andersonii"	NA	"prunus andersonii"
"9bb827f4-763d-460b-9451-daad9bd97f64"	"rsa"	"rsa715079"	"great basin, along 167, about 4.8 km e of highway 395"	38.0544444444444	-119.125277777778	"united states"	"california"	"mono"	NA	NA	"rosaceae"	"prunus"	"andersonii"	NA	"prunus andersonii"
"9c1d8399-a689-49b1-9fc1-3f14103c08f6"	"uc"	"uc1234833"	"near willow spring (last chance mountains); last chance mountains"	37.3331	-117.7036	"united states"	"california"	"inyo"	NA	545	"rosaceae"	"prunus"	"andersonii"	NA	"prunus andersonii"
"9d921fb0-012c-4c32-b37c-87f53f83814b"	"sbbg"	"sbbg3040"	"sierra nevada: w side of walker pass"	35.6881	-118.0526	"united states"	"california"	"kern"	NA	3000	"rosaceae"	"prunus"	"andersonii"	NA	"prunus andersonii"
"9ff148b4-4447-402d-a576-91f0c9001844"	"ucr"	"ucr6461"	"eastern sierra nevada mtns. 2 mi west of us 395 on road to mammoth mtn. recreation area"	37.64597	-118.95236	"united states"	"california"	"mono"	NA	1000	"rosaceae"	"prunus"	"andersonii"	NA	"prunus andersonii"
"a08391e0-a5fa-4c56-9db8-210dac6d0345"	"ds"	"ds333716"	"upper shores of mono lake at mono [postoffice] post office"	37.9899	-119.1428	"united states"	"california"	"mono"	NA	500	"rosaceae"	"prunus"	"andersonii"	NA	"prunus andersonii"
"a09ba19b-7547-446a-b5ed-0647fb91ebe8"	"cas"	"296108"	"1 1/2 miles east of twin lakes"	38.1945	-119.3228	"united states"	"california"	"mono county"	NA	NA	"rosaceae"	"prunus"	"andersonii"	NA	"prunus andersonii  a. gray"
"a1570f97-a53b-4c36-b320-a622566aec9d"	"rsa"	"rsa175697"	"along a dry wash just above the w shore of topaz lake, 7 miles n of coleville"	38.6624	-119.5403	"united states"	"california"	"mono"	NA	850	"rosaceae"	"prunus"	"andersonii"	NA	"prunus andersonii"
"a1eb4ded-cd55-46a6-9532-d6713e8827e0"	"rsa"	"rsa123188"	"long valley."	39.9775042811957	-120.065336671397	"united states"	"california"	"lassen"	NA	825	"rosaceae"	"prunus"	"andersonii"	NA	"prunus andersonii"
"a21eea1e-67ea-4a4f-85eb-c1408ea91170"	"cas"	"1117380"	"bohler canyon. along the dirt road on the south side of bohler canyon, 1.8 mi (3.0 km) by air west of us highway 395"	37.9011	-119.1275	"united states"	"california"	"mono county"	NA	NA	"rosaceae"	"prunus"	"andersonii"	NA	"prunus andersonii  a. gray"
"a23d9d58-edd7-419f-8410-9f69a9902445"	"cas"	"593629"	"bishop creek canyon (lake sabrina highway at south lake junction)"	37.2561	-118.58	"united states"	"california"	"inyo county"	NA	NA	"rosaceae"	"prunus"	"andersonii"	NA	"prunus andersonii  a. gray"
"a2a1cee6-d61b-4383-b52f-faf92726bd34"	"cas"	"cas372358"	"near milford"	40.1689	-120.3693	"united states"	"california"	"lassen"	NA	5000	"rosaceae"	"prunus"	"andersonii"	NA	"prunus andersonii"
"a304de42-9c97-45a2-a8df-87a3bc1d3f7f"	"sbbg"	"sbbg110316"	"sierra nevada: mcgee crk, 2.5 km sw of mcgee mtn, e of mt aggie"	37.5482	-118.8172	"united states"	"california"	"mono"	NA	200	"rosaceae"	"prunus"	"andersonii"	NA	"prunus andersonii"
"a5876e4d-6065-4151-ac9b-29dd61dab1a4"	"ds"	"ds212989"	"west side of westgard pass, inyo mountains"	37.250043	-118.173585	"united states"	"california"	"inyo"	NA	375	"rosaceae"	"prunus"	"andersonii"	NA	"prunus andersonii"
"a5ac0193-31d0-4760-9a9b-8122f0c7ad74"	"la"	"la29348"	"mono lake"	37.9945	-119.0585	"united states"	"california"	"mono"	NA	8850	"rosaceae"	"prunus"	"andersonii"	NA	"prunus andersonii"
"a6e5c5f4-0597-4294-8542-9db10f83a4b4"	"pom"	"pom375657"	"lake sabrina road. sierra nevada; owens river watershed."	37.2361	-118.5972	"united states"	"california"	"inyo"	NA	1000	"rosaceae"	"prunus"	"andersonii"	NA	"prunus andersonii"
"a708395a-8e62-4187-93eb-e002a607800c"	"cas"	"1125663"	"piute mountains. along dirt road in bob rabbit canyon, east slope of heald peak"	35.5708333333	-118.275	"united states"	"california"	"kern county"	NA	NA	"rosaceae"	"prunus"	"andersonii"	NA	"prunus andersonii  a. gray"
"a8028083-80e7-47b1-a12b-0354848acc3a"	"cas"	"212989"	"west side of westgard pass, inyo mountains"	37.250043	-118.173585	"united states"	"california"	"inyo county"	NA	NA	"rosaceae"	"prunus"	"andersonii"	NA	"prunus andersonii  a. gray"
"a84b375b-9714-4679-9c08-4f32bd32008a"	"cas"	"cas593628"	"horse canyon, scodie (kiavah) mountain"	35.567	-118.0761	"united states"	"california"	"kern"	NA	4000	"rosaceae"	"prunus"	"andersonii"	NA	"prunus andersonii"
"a86130c8-b2f1-40d7-9e6a-a312e078b80a"	"ucr"	"ucr196526"	"southern sierra nevada range owens peak eastern watershed, east slope above indian wells canyon"	35.71981	-117.97811	"united states"	"california"	"kern"	NA	1000	"rosaceae"	"prunus"	"andersonii"	NA	"prunus andersonii"
"a886fe20-c4d5-435e-8251-c9d1829bf235"	"cas"	"cas358758"	"1.5 miles east of twin lakes"	38.1945	-119.3228	"united states"	"california"	"mono"	NA	1200	"rosaceae"	"prunus"	"andersonii"	NA	"prunus andersonii"
"a965774c-f00c-4738-9447-69277ae07fec"	"cas"	"742403"	"s. w. of westgard pass"	37.261387	-118.154433	"united states"	"california"	"inyo county"	NA	NA	"rosaceae"	"prunus"	"andersonii"	NA	"prunus andersonii  a. gray"
"aa3d7d34-ac46-495d-bc7f-65e95098cf32"	"cas"	"cas916975"	"below johnsondale on road to road\'s end"	35.9701	-118.5105	"united states"	"california"	"tulare"	NA	4000	"rosaceae"	"prunus"	"andersonii"	NA	"prunus andersonii"
"aa86ff8f-dc2a-4e04-8783-90ac9ae1774c"	"ny"	"849128"	"kingston creek canyon, toiyabe mountains"	39.215	-117.12	"united states"	"nevada"	"lander co."	NA	NA	"rosaceae"	"prunus"	"andersonii"	NA	"prunus andersonii a.gray"
"ab49442c-7474-4ae7-b05c-f33333646000"	"rsa"	"rsa683332"	"glass mountain region: at mouth of o\' harrel canyon."	37.7561111111111	-118.747777777778	"united states"	"california"	"mono"	NA	NA	"rosaceae"	"prunus"	"andersonii"	NA	"prunus andersonii"
"af058cd3-834b-40e2-a0bb-ef38cddf0687"	"hsc"	"hsc80024"	"beside road to bodie from hwy. 395 in lower clearwater canyon, 0.6 mi. e of hwy. 395"	38.1754	-119.1829	"united states"	"california"	"mono"	NA	195	"rosaceae"	"prunus"	"andersonii"	NA	"prunus andersonii"
"afff615c-9b11-4358-8b91-1cac82801567"	"cas"	"cas67235"	"near mono lake"	37.9945	-119.0585	"united states"	"california"	"mono"	NA	8850	"rosaceae"	"prunus"	"andersonii"	NA	"prunus andersonii"
"b01864d0-3c8c-4b0b-96b4-768b5899019c"	"ku"	"357595"	"eugene mountains pole caynon, 1.7 rd mi e of rd jct to woody and bonita canyons"	40.815	-118.1527778	"united states"	"nevada"	"pershing"	NA	NA	"rosaceae"	"prunus"	"andersonii"	NA	"prunus andersonii"
"b1030e01-08df-408c-909c-635bd641976f"	"cas"	"278745"	"pine creek, sierra nevada, (near round valley)"	37.4013	-118.6502	"united states"	"california"	"inyo county"	NA	NA	"rosaceae"	"prunus"	"andersonii"	NA	"prunus andersonii  a. gray"
"b3610a69-c859-42bf-8c9c-45a054a95a41"	"chsc"	"chsc1581"	"hallelujah jct. at state line"	39.7758333333333	-120.038333333333	"united states"	"california"	"lassen"	NA	825	"rosaceae"	"prunus"	"andersonii"	NA	"prunus andersonii"
"b3a06ec9-d043-4701-9112-0ed28add30a0"	"sbbg"	"sbbg70943"	"sierra nevada: mcgee crk cyn n of bishop"	37.579	-119.0299	"united states"	"california"	"mono"	NA	400	"rosaceae"	"prunus"	"andersonii"	NA	"prunus andersonii"
"b3d9f15d-c4ff-40f0-8b2d-710f344161ab"	"rsa"	"rsa720216"	"the owens peak eastern watershed. short canyon."	35.7111022782455	-117.927604778411	"united states"	"california"	"kern"	NA	NA	"rosaceae"	"prunus"	"andersonii"	NA	"prunus andersonii"
"b4903224-415c-4bc4-9b70-3a2818bd3800"	"cas"	"cas372357"	"1 mi. e. mammoth post office"	37.6464	-118.96	"united states"	"california"	"mono"	NA	1000	"rosaceae"	"prunus"	"andersonii"	NA	"prunus andersonii"
"b4e097f0-13fa-4915-a28b-e0b0e9cb001a"	"cas"	"cas296108"	"1 1/2 miles east of twin lakes"	38.1945	-119.3228	"united states"	"california"	"mono"	NA	1200	"rosaceae"	"prunus"	"andersonii"	NA	"prunus andersonii"
"b52287de-0b62-4bbc-924c-1443e73c6558"	"cas"	"cas189768"	"onyx"	35.6902	-118.2206	"united states"	"california"	"kern"	NA	900	"rosaceae"	"prunus"	"andersonii"	NA	"prunus andersonii"
"b5755588-41c3-4926-a2f7-2a85cdeaf1d0"	"rsa"	"rsa27595"	"4 miles north of bridgeport, sierra foothills."	38.31057	-119.21439	"united states"	"california"	"mono"	NA	6400	"rosaceae"	"prunus"	"andersonii"	NA	"prunus andersonii"
"b6ce7187-6da5-4c51-96f6-26dc006e0e2a"	"cas"	"cas593629"	"bishop creek canyon (lake sabrina highway at south lake junction)"	37.2561	-118.58	"united states"	"california"	"inyo"	NA	750	"rosaceae"	"prunus"	"andersonii"	NA	"prunus andersonii"
"b723c781-050d-4001-a9ba-75a1cb8d00a7"	"hsc"	"hsc85237"	"mouth of pellisier creek. owens valley drainage"	37.7199	-118.3673	"united states"	"california"	"mono"	NA	175	"rosaceae"	"prunus"	"andersonii"	NA	"prunus andersonii"
"b737ab4c-6803-479b-a88b-3d8620ea78ce"	"cas"	"cas1170835"	"southern sierra nevada, sequoia national forest. scodie mountains, kiavah wilderness. off of california highway 178 in a canyon on north ridge toward pinyon peak"	35.7	-118.0666666667	"united states"	"california"	"kern"	NA	NA	"rosaceae"	"prunus"	"andersonii"	NA	"prunus andersonii"
"b7588676-f4ee-48fc-b435-a8db89f216ef"	"cas"	"cas866895"	"bulando road, kernville"	35.754	-118.4256	"united states"	"california"	"kern"	NA	5100	"rosaceae"	"prunus"	"andersonii"	NA	"prunus andersonii"
"b76d5dba-d69a-46ce-a9b2-e05e48531290"	"chsc"	"chsc106567"	"fort sage mtns"	40.0608333333333	-120.073055555556	"united states"	"california"	"lassen"	NA	NA	"rosaceae"	"prunus"	"andersonii"	NA	"prunus andersonii"
"ba94a39f-73d9-4585-9cf2-c6614302976d"	"rsa"	"rsa688829"	"sagehen peak area; at end of fs rd. 1s15, appx. 2.5km ne of peak."	37.8658333333333	-118.817777777778	"united states"	"california"	"mono"	NA	NA	"rosaceae"	"prunus"	"andersonii"	NA	"prunus andersonii"
"baf5f1ad-f21e-4247-bb5a-9b6a54262748"	"ds"	"ds240748"	"lower part of [leevining] lee vining creek, along tioga pass road"	37.9358	-119.1462	"united states"	"california"	"mono"	NA	3000	"rosaceae"	"prunus"	"andersonii"	NA	"prunus andersonii"
"bb6ed08a-e849-442f-a51e-760486249d57"	"ny"	"849107"	"peavine road, 4.5 miles west of hwy 376 near the s end of the toiyabe mountain range"	38.58417	-117.27367	"united states"	"nevada"	"nye co."	NA	NA	"rosaceae"	"prunus"	"andersonii"	NA	"prunus andersonii a.gray"
"bb8121f9-050b-42cb-814a-ff22098f1a5c"	"hsc"	"hsc12445"	"off hwy. 395 at horse meadow turn off, 3 mi. s of lee vining"	37.9348	-119.1074	"united states"	"california"	"mono"	NA	750	"rosaceae"	"prunus"	"andersonii"	NA	"prunus andersonii"
"bb9a1d33-5262-4532-9aa3-dd4aa44f48de"	"rsa"	"rsa453300"	"hillside near head of owens river, about 12 miles n of mammoth lakes. e side of sierra nevadas e to nw nevada."	37.7602	-118.9926	"united states"	"california"	"mono"	NA	5000	"rosaceae"	"prunus"	"andersonii"	NA	"prunus andersonii"
"bc388ea2-1270-4cc5-8880-37c06567c8c3"	"cas"	"cas593631"	"dark canyon, greenhorn range, about 3 miles north of kernville"	35.8066	-118.4713	"united states"	"california"	"tulare"	NA	1000	"rosaceae"	"prunus"	"andersonii"	NA	"prunus andersonii"
"bdf02abe-b705-43ed-8e2a-4afa30d8db19"	"chsc"	"chsc106677"	"fort sage mtns. ohv trailhead and trail to indian springs"	40.0608333333333	-120.073055555556	"united states"	"california"	"lassen"	NA	NA	"rosaceae"	"prunus"	"andersonii"	NA	"prunus andersonii"
"be1c7b70-19f9-4f25-8db5-2f50135b50b3"	"cas"	"cas866822"	"onion valley road"	36.7803	-118.3191	"united states"	"california"	"inyo"	NA	550	"rosaceae"	"prunus"	"andersonii"	NA	"prunus andersonii"
"be468c7e-7989-4839-9dbd-3b837af283b4"	"cas"	"cas128400"	"mono lake"	37.9945	-119.0585	"united states"	"california"	"mono"	NA	8850	"rosaceae"	"prunus"	"andersonii"	NA	"prunus andersonii"
"c07ff04f-93d9-4d69-83c1-a2e03683088f"	"obi"	"obi25974"	"walker pass area"	35.6627	-118.0269	"united states"	"california"	"kern"	NA	2500	"rosaceae"	"prunus"	"andersonii"	NA	"prunus andersonii"
"c1ac6ca0-b57a-464e-9052-e1c7de892e88"	"uc"	"uc676752"	"about 8 mi e of sonora pass"	38.3421	-119.5471	"united states"	"california"	"mono"	NA	1000	"rosaceae"	"prunus"	"andersonii"	NA	"prunus andersonii"
"c3851f21-5c87-4471-bc63-984ec1a7c9b6"	"chsc"	"chsc100679"	"sierra nevada; southern sierra nevada region: the owens peak eastern watershed. short canyon"	35.7113888888889	-117.926666666667	"united states"	"california"	"kern"	NA	NA	"rosaceae"	"prunus"	"andersonii"	NA	"prunus andersonii"
"c4fd130b-d4b5-42a8-aedd-8e582c3db62c"	"ny"	"849137"	"glass mountain region: long valley: east of owens river. along fs road 3s01 at 1st cattle gate east of benton crossing road"	37.6538	-118.7175	"united states"	"california"	"mono co."	NA	NA	"rosaceae"	"prunus"	"andersonii"	NA	"prunus andersonii a.gray"
"c5e53725-de97-4602-89d1-14289391762f"	"cda"	"cda26121"	"west side of highway 395, 5.4 miles south of tom\'s place."	37.5168	-118.6085	"united states"	"california"	"mono"	NA	1500	"rosaceae"	"prunus"	"andersonii"	NA	"prunus andersonii"
"c684709b-2788-48ca-9b18-33271c3d760b"	"cas"	"cas1125663"	"piute mountains. along dirt road in bob rabbit canyon, east slope of heald peak"	35.5708333333	-118.275	"united states"	"california"	"kern"	NA	NA	"rosaceae"	"prunus"	"andersonii"	NA	"prunus andersonii"
"c692f78c-57cf-424f-be88-4feb0b51aaca"	"ucr"	"ucr137181"	"sierra nevada mtns. pine creek (near round valley)"	37.4025	-118.65083	"united states"	"california"	"inyo"	NA	10000	"rosaceae"	"prunus"	"andersonii"	NA	"prunus andersonii"
"c6f83fa7-e449-42a8-8111-92c3e9eeb83b"	"rsa"	"rsa387513"	"mouth of pellisier creek, owens valley drainage, white mountains"	37.7191	-118.3699	"united states"	"california"	"mono"	NA	500	"rosaceae"	"prunus"	"andersonii"	NA	"prunus andersonii"
"c73fb915-4df9-4c1e-918b-69295bfc1ec9"	"cas"	"cas635616"	"quaking aspen canyon on the northeast side of wheeler peak above sweetwater, nevada, and mono county"	38.433172	-119.262836	"united states"	"california"	"mono"	NA	300	"rosaceae"	"prunus"	"andersonii"	NA	"prunus andersonii"
"c8fc5c0a-a59b-40b6-adc3-3da5280c0d87"	"cas"	"866825"	"north fork of bishop creek"	37.2314	-118.6093	"united states"	"california"	"inyo county"	NA	NA	"rosaceae"	"prunus"	"andersonii"	NA	"prunus andersonii  a. gray"
"c905d675-f873-47f2-9839-46d9e0342cd7"	"hsc"	"hsc18803"	"doyle"	40.0225	-120.1012	"united states"	"california"	"lassen"	NA	3200	"rosaceae"	"prunus"	"andersonii"	NA	"prunus andersonii"
"ca6423b2-465d-4b29-805f-0879b24dc017"	"sbbg"	"sbbg19573"	"sierra nevada: horse cyn, scodie (kiavah) mtn"	35.5659548824376	-118.085906641601	"united states"	"california"	"kern"	NA	1000	"rosaceae"	"prunus"	"andersonii"	NA	"prunus andersonii"
"ca7ae7b9-41c0-4a95-b3b3-8c99d59d54a1"	"ds"	"ds115000"	"along the base of the white mountains opposite/east of laws"	37.4048	-118.3176	"united states"	"california"	"inyo"	NA	3000	"rosaceae"	"prunus"	"andersonii"	NA	"prunus andersonii"
"cc40e18c-5a56-4871-aa81-96395369f162"	"obi"	"obi77048"	"ownership unk. e of doyle, alongrd to fort sage mts."	40.0065	-120.0612	"united states"	"california"	"lassen"	NA	5000	"rosaceae"	"prunus"	"andersonii"	NA	"prunus andersonii"
"ccfb26b7-9239-4013-9d20-21417d3f822e"	"cas"	"690592"	"near inyo national forest. hwy 395 near fb & june lake"	37.8131	-119.0533	"united states"	"california"	"mono county"	NA	NA	"rosaceae"	"prunus"	"andersonii"	NA	"prunus andersonii  a. gray"
"cd326e30-15bf-44e1-ab0a-187fc40353a8"	"ny"	"849131"	"sweetwater flat, 0.4 road mile west of rte 338 on road into sweetwater canyon"	38.51	-119.23	"united states"	"nevada"	"lyon co."	NA	NA	"rosaceae"	"prunus"	"andersonii"	NA	"prunus andersonii a.gray"
"cde77d33-a5d5-4112-bfba-d930a5ab41ba"	"cas"	"cas168282"	"mono lake"	37.9945	-119.0585	"united states"	"california"	"mono"	NA	8850	"rosaceae"	"prunus"	"andersonii"	NA	"prunus andersonii"
"cf85331b-af75-4fcd-9a46-34fd1534a545"	"pom"	"pom311778"	"0.5 mile w of walker pass, near canebrake, sierra nevada mtns"	35.7303	-118.0879	"united states"	"california"	"kern"	NA	3000	"rosaceae"	"prunus"	"andersonii"	NA	"prunus andersonii"
"d06a2544-f3d7-45cb-a24f-ae31ea15ed5f"	"rsa"	"rsa114930"	"1.4 mile n of convict lake on rd. from us hwy. 395."	37.6127	-118.847	"united states"	"california"	"mono"	NA	550	"rosaceae"	"prunus"	"andersonii"	NA	"prunus andersonii"
"d080f868-4de6-4a4c-9a9e-d2a3b5f41f81"	"cas"	"cas358757"	"few miles east of boca, highway 40"	39.3743	-120.0659	"united states"	"california"	"nevada"	NA	3360	"rosaceae"	"prunus"	"andersonii"	NA	"prunus andersonii"
"d1267a71-3093-4952-9126-b4f4a867b91f"	"ny"	"849138"	"glass mountain region: along fs rd. 3s01 (paralleling powerline - east of deer spring), appx. 1000m west of benton crossing rd. 200m west of cattle tank"	37.66405	-118.6081	"united states"	"california"	"mono co."	NA	NA	"rosaceae"	"prunus"	"andersonii"	NA	"prunus andersonii a.gray"
"d272ce4f-44f2-4e5d-a313-5009b91ea7d9"	"ny"	"849122"	"ca. 3.5 km north of sweetwater summit and ca. 30 km southeast of wellington"	38.55	-119.21	"united states"	"nevada"	"lyon co."	NA	NA	"rosaceae"	"prunus"	"andersonii"	NA	"prunus andersonii a.gray"
"d330a1d9-29b8-4a76-b418-25d978d5768b"	"uc"	"uc1128275"	"2.6 mi e of monte cristo (mono national forest); mono national forest"	38.411416667084	-119.199886377048	"united states"	"california"	"mono"	NA	825	"rosaceae"	"prunus"	"andersonii"	NA	"prunus andersonii"
"d5597403-18bf-4dcc-83f5-df913a0c0232"	"rsa"	"rsa619130"	"sierra nevada: west of bishop. pine creek canyon."	37.3857	-118.6691	"united states"	"california"	"inyo"	NA	400	"rosaceae"	"prunus"	"andersonii"	NA	"prunus andersonii"
"d5b52fdf-1109-4274-82c9-08aed14795d9"	"cas"	"cas635706"	"bluffs along hot creek just above long valley of the owens river. northwest side of crowley lake"	37.669	-118.8166	"united states"	"california"	"mono"	NA	3200	"rosaceae"	"prunus"	"andersonii"	NA	"prunus andersonii"
"d5d5819f-f56e-45ce-92f2-946f6ff7a99e"	"sbbg"	"sbbg70944"	"independence"	36.803	-118.199	"united states"	"california"	"inyo"	NA	2500	"rosaceae"	"prunus"	"andersonii"	NA	"prunus andersonii"
"d62f992e-78d6-4d84-8272-98b17d8df027"	"ucr"	"ucr232913"	"along north side of hwy 120 at pass 0.4 mi east of the junction with benton crossing road, c. 3 mi west of benton hot springs"	37.7902	-118.5632	"united states"	"california"	"mono"	NA	1000	"rosaceae"	"prunus"	"andersonii"	NA	"prunus andersonii"
"d73fe17c-ba30-4dc1-8e65-8e6b3c18aaba"	"uc"	"uc1128282"	"4.4 mi e of sonora pass (mono national forest); mono national forest"	38.3252140781541	-119.566902884652	"united states"	"california"	"mono"	NA	825	"rosaceae"	"prunus"	"andersonii"	NA	"prunus andersonii"
"d79110e4-b2a3-4de3-ad4a-19265b128219"	"cas"	"cas700638"	"along horse canyon road, east base of the scodies"	35.5643	-118.0801	"united states"	"california"	"kern"	NA	3000	"rosaceae"	"prunus"	"andersonii"	NA	"prunus andersonii"
"d9066a8a-cf1b-440d-a9b0-827bb899ec8d"	"cas"	"cas290477"	"west side of westgard pass"	37.2471	-118.1843	"united states"	"california"	"inyo"	NA	5000	"rosaceae"	"prunus"	"andersonii"	NA	"prunus andersonii"
"d9dcb812-c047-4be4-a17c-0a85809c052a"	"rsa"	"rsa39885"	"rock creek"	37.5472	-118.6511	"united states"	"california"	"mono"	NA	775	"rosaceae"	"prunus"	"andersonii"	NA	"prunus andersonii"
"db5fec75-22bc-4cd9-99d1-d1c738f02547"	"ds"	"ds309701"	"about 8 miles east of sonora pass"	38.3421	-119.5471	"united states"	"california"	"mono"	NA	1000	"rosaceae"	"prunus"	"andersonii"	NA	"prunus andersonii"
"dd6c80c1-5bd1-4d7d-aa21-0356332f13d6"	"ds"	"ds170999"	"tom\'s place, rock creek, 26 miles north of bishop"	37.5612	-118.6795	"united states"	"california"	"inyo"	NA	1000	"rosaceae"	"prunus"	"andersonii"	NA	"prunus andersonii"
"ddb5a81c-fbae-408c-a3c9-0407d67c5bf4"	"cas"	"cas577772"	"beckwourth pass, plumas-lassen co. line county"	39.7909	-120.1084	"united states"	"california"	"lassen"	NA	1600	"rosaceae"	"prunus"	"andersonii"	NA	"prunus andersonii"
"ddf0e167-2eb9-4021-8235-9483aa5c6455"	"ny"	"44086"	"blm: bishop district, round valley, 0.6km nw of round valley school"	37.42	-118.58	"united states"	"california"	"inyo co."	NA	NA	"rosaceae"	"prunus"	"andersonii"	NA	"prunus andersonii a.gray"
"e05c8388-bf00-4e66-9bff-3793caa7f3f9"	"ds"	"ds744216"	"mono lake and vicinity, north of lee vining. 2 miles west of highway 395 on top of the glacial moraine at lundy canyon"	38.0324	-119.1885	"united states"	"california"	"mono"	NA	700	"rosaceae"	"prunus"	"andersonii"	NA	"prunus andersonii"
"e4fc8b61-121f-46c5-9bdb-9dad1339b4c2"	"uc"	"uc1733793"	"death valley national monument"	36.4473	-116.8506	"united states"	"california"	"inyo"	NA	69900	"rosaceae"	"prunus"	"andersonii"	NA	"prunus andersonii"
"e613ce01-f7e7-4caf-9555-6c9945541d31"	"uc"	"uc577743"	"mono national forest, mouth of buckeye canyon buckeye canyon; mono national forest, mouth of buckeye canyon"	38.2376	-119.3363	"united states"	"california"	"mono"	NA	335	"rosaceae"	"prunus"	"andersonii"	NA	"prunus andersonii"
"e667e47f-d5ec-4f4d-a1ad-7e48b55c8e9c"	"ny"	"849132"	"virginia range, about 0.1 mile above/west of lowest road/stream crossing on sixmile canyon road as it joins flat"	39.31	-119.56	"united states"	"nevada"	"storey co."	NA	NA	"rosaceae"	"prunus"	"andersonii"	NA	"prunus andersonii a.gray"
"e6c2695c-c6e8-4502-bb0c-d70fdceb48f7"	"uc"	"uc1005610"	"9 mi w of walker pass"	35.7498371682689	-118.109285918899	"united states"	"california"	"kern"	NA	2075	"rosaceae"	"prunus"	"andersonii"	NA	"prunus andersonii"
"e7d173f2-539c-43a3-a48a-d307630ad169"	"cas"	"cas892396"	"canyon 24 ca. 1 mile west of sierra county line, 500 ft. above hwy. 80"	39.4368	-120.0418	"united states"	"california"	"nevada"	NA	753	"rosaceae"	"prunus"	"andersonii"	NA	"prunus andersonii"
"e8e0a12d-0657-4795-a33d-6e689dbd0f83"	"rsa"	"rsa728771"	"the owens peak eastern watershed. east slope above indian wells canyon."	35.719751651241	-117.979006350696	"united states"	"california"	"kern"	NA	NA	"rosaceae"	"prunus"	"andersonii"	NA	"prunus andersonii"
"e9091c49-33f6-4a26-b980-ace9c8ba1082"	"ny"	"833439"	"tule canyon, 3.5 road miles ese of road summit on main road through the canyon"	37.3660278	-117.55069444	"united states"	"nevada"	"esmeralda co."	NA	NA	"rosaceae"	"prunus"	"andersonii"	NA	"prunus andersonii a.gray"
"e9227c1a-6d39-410f-935b-483150caa64a"	"cas"	"cas128402"	"walker pass"	35.6629	-118.0266	"united states"	"california"	"kern"	NA	1600	"rosaceae"	"prunus"	"andersonii"	NA	"prunus andersonii"
"ea30d3da-04b4-43cf-aa02-3e9b5f1a2b6d"	"ds"	"ds91585"	"above west fork of owens river, 20 miles from round valley"	37.5804	-118.6859	"united states"	"california"	"mono"	NA	8000	"rosaceae"	"prunus"	"andersonii"	NA	"prunus andersonii"
"ea5ad6d5-e18f-40ba-b542-8c772cf15932"	"uc"	"uc1083120"	"3 mi. n. mono lake; sierra nevada, yosemite nat\'l park"	38.1146	-119.0424	"united states"	"california"	"mono"	NA	12000	"rosaceae"	"prunus"	"andersonii"	NA	"prunus andersonii"
"ead51244-947d-4424-ba4b-88ec8fcd1aaf"	"ds"	"ds206561"	"onyx"	35.6902	-118.2206	"united states"	"california"	"kern"	NA	900	"rosaceae"	"prunus"	"andersonii"	NA	"prunus andersonii"
"ec44bb8b-3ed2-45ba-a4b6-a2866f17e92f"	"obi"	"obi3275"	"a national forest campground, about 3 mi w of independence along independence crk"	36.7828	-118.2893	"united states"	"california"	"inyo"	NA	200	"rosaceae"	"prunus"	"andersonii"	NA	"prunus andersonii"
"ecb3bf21-8789-47d1-90d3-5bbb9eeb1ecf"	"chsc"	"chsc106674"	"fort sage mountains"	40.0572222222222	-120.062222222222	"united states"	"california"	"lassen"	NA	NA	"rosaceae"	"prunus"	"andersonii"	NA	"prunus andersonii"
"ed0ff215-4d0e-4e24-81d1-7fdf04eabe19"	"cas"	"539851"	"along hiway 395 near coleville"	38.5658	-119.5077	"united states"	"california"	"mono county"	NA	NA	"rosaceae"	"prunus"	"andersonii"	NA	"prunus andersonii  a. gray"
"ed336726-86e2-4f2d-a2a3-143a95748d10"	"rsa"	"rsa212637"	"bishop creek canyon (lake sabrina highway at south lake junction)."	37.2562	-118.58	"united states"	"california"	"inyo"	NA	650	"rosaceae"	"prunus"	"andersonii"	NA	"prunus andersonii"
"f031b848-e42a-46f2-9264-833480577b03"	"rsa"	"rsa162505"	"horse canyon, scodie (kiavah) mountain."	35.567	-118.0761	"united states"	"california"	"kern"	NA	4000	"rosaceae"	"prunus"	"andersonii"	NA	"prunus andersonii"
"f088a96d-f7d8-4e63-af18-a0267465a16e"	"uc"	"uc457343"	"onyx"	35.6902797128917	-118.219721763106	"united states"	"california"	"kern"	NA	2372	"rosaceae"	"prunus"	"andersonii"	NA	"prunus andersonii"
"f1a7c6e7-bfd4-4e76-9c2b-5ac5431c72ac"	"sd"	"sd73175"	"lee vining"	37.949	-119.1183	"united states"	"california"	"mono"	NA	700	"rosaceae"	"prunus"	"andersonii"	NA	"prunus andersonii"
"f1cf1c9c-039c-4c00-a372-4e17cc03b3a2"	"ucr"	"ucr232961"	"owens valley along dirt road at crossing of big pine creek, c. 0.5 mi southwest of big pine"	37.15493	-118.3021	"united states"	"california"	"inyo"	NA	1000	"rosaceae"	"prunus"	"andersonii"	NA	"prunus andersonii"
"f2185220-87bf-49b2-9202-6ab040d59fd0"	"chsc"	"chsc71098"	"road to orv parking area in fort sage mtns. 1.1 mi east of fort sage rd., ca. 5 mi nne of doyle"	40.0580555555556	-120.076388888889	"united states"	"california"	"lassen"	NA	412	"rosaceae"	"prunus"	"andersonii"	NA	"prunus andersonii"
"f304d0d1-bf67-4756-bc1f-5322c759abf3"	"cas"	"cas593634"	"cyrus mesa, 3 miles southeast of kernville"	35.7153	-118.3775	"united states"	"california"	"kern"	NA	2000	"rosaceae"	"prunus"	"andersonii"	NA	"prunus andersonii"
"f4b801ad-a88d-45d0-af10-6d31d364f910"	"ny"	"849125"	"toiyabe range, west end of austin, over hill just south of junction with nevada highway 305 and u.s. highway 50"	39.5	-117.09	"united states"	"nevada"	"lander co."	NA	NA	"rosaceae"	"prunus"	"andersonii"	NA	"prunus andersonii a.gray"
"f4be2ccf-b008-4b9f-846c-9bf16c71a79d"	"uc"	"uc860974"	"w side of westgard pass, batchelder spring westgard pass; , batchelder spring"	37.2425	-118.195	"united states"	"california"	"inyo"	NA	496	"rosaceae"	"prunus"	"andersonii"	NA	"prunus andersonii"
"f4f64e28-90f4-4ea9-bacf-c5d590835501"	"ucr"	"ucr43278"	"6.6 miles ne of saline valley road on hunter mountain road, near the entrance to death vally national monument"	36.5711	-117.4793	"united states"	"california"	"inyo"	NA	3000	"rosaceae"	"prunus"	"andersonii"	NA	"prunus andersonii"
"f59f24a7-50e7-4c6c-a086-cc5f3cd85e51"	"rsa"	"rsa59552"	"17 miles s of coleville, along walker river and hwy. 395"	38.3595	-119.4434	"united states"	"california"	"mono"	NA	1000	"rosaceae"	"prunus"	"andersonii"	NA	"prunus andersonii"
"f73b8969-921e-444c-8391-26efab674ad4"	"uc"	"uc1128289"	"long valley"	39.9775042811957	-120.065336671397	"united states"	"california"	"lassen"	NA	825	"rosaceae"	"prunus"	"andersonii"	NA	"prunus andersonii"
"f81b0bf9-d05f-43e5-8a7c-3176cbe4a820"	"flas"	"240477"	NA	33.9821667	-116.6525	"united states"	"california"	"riverside"	NA	NA	"rosaceae"	"prunus"	"andersonii"	NA	"prunus andersonii"
"f89a0c03-ddc6-4b81-8b8a-06baa1d2f392"	"ny"	"849139"	"base of the white mountains east of laws"	37.4056	-118.3153	"united states"	"california"	"inyo co."	NA	5000	"rosaceae"	"prunus"	"andersonii"	NA	"prunus andersonii a.gray"
"f95775ed-795a-446b-95e9-3532c312458c"	"ucd"	"ucd20996"	"junction of hwy 88 and emigrant trail, 0.2 miles east of hwy 89 to markleeville, alpine co"	38.784	-119.8177	"united states"	"california"	"alpine"	NA	73	"rosaceae"	"prunus"	"andersonii"	NA	"prunus andersonii"
"f9ac4e55-25b5-4c9c-86b6-21ac14313277"	"uc"	"uc1278990"	"7 mi n of coleville (just above the w shore of topaz lake); topaz lake"	38.6269086428836	-119.548502197739	"united states"	"california"	"mono"	NA	4950	"rosaceae"	"prunus"	"andersonii"	NA	"prunus andersonii"
"fa0e43dc-0a08-4020-88e8-bfabb31e4800"	"rsa"	"rsa789926"	"piute mountains. along dirt road in bob rabbit canyon, east slope of heald peak."	35.5708333333333	-118.275	"united states"	"california"	"kern"	NA	NA	"rosaceae"	"prunus"	"andersonii"	NA	"prunus andersonii"
"fa4562a1-a9a4-4ef1-96ed-95569c5c3420"	"uc"	"uc1534906"	"mouth of pellisier creek, white mountains, owens valley drainage pellisier creek; white mountains, pellisier creek"	37.716730896463	-118.358048961257	"united states"	"california"	"mono"	NA	825	"rosaceae"	"prunus"	"andersonii"	NA	"prunus andersonii"
"fb6b0307-1005-4c75-bb02-3277679d98f9"	"rsa"	"rsa682728"	"n edge of long valley: s-facing granitic slopes leading up from valley floor, n of ranch road."	37.7566666666667	-118.799722222222	"united states"	"california"	"mono"	NA	NA	"rosaceae"	"prunus"	"andersonii"	NA	"prunus andersonii"
"fc185764-22af-4fe6-9e7f-3c46cba850b6"	"cas"	"1201886"	"southern sierra nevada: scodie mountains, kiavah wilderness. sequoia national forest: horse canyon, about 0.10 (air)miles n of horse canyon road, along a wash"	35.56686	-118.08819	"united states"	"california"	"kern county"	NA	NA	"rosaceae"	"prunus"	"andersonii"	NA	"prunus andersonii  a. gray"
"fc768238-26b6-4b86-aa8f-25757f1f4c90"	"cas"	"270597"	"batchelder spring, w. side of westgard pass"	37.243066	-118.194463	"united states"	"california"	"inyo county"	NA	NA	"rosaceae"	"prunus"	"andersonii"	NA	"prunus andersonii  a. gray"
"fc820870-11eb-4c5f-8e0a-ca05d8a07e4f"	"pom"	"pom275660"	"canebrake creek, s. fork kern river. piute mt"	35.7283	-118.1695	"united states"	"california"	"kern"	NA	10000	"rosaceae"	"prunus"	"andersonii"	NA	"prunus andersonii"
"fe52a327-1483-4ecd-adc2-83079e0f42e4"	"cas"	"cas438760"	"willow spring, last chance mts."	37.3362007141	-117.7126998901	"united states"	"california"	"inyo"	NA	410	"rosaceae"	"prunus"	"andersonii"	NA	"prunus andersonii"
"fedbb6fe-c49b-41be-be5e-529cbc9471c5"	"sd"	"sd51292"	"1.6 miles from entrance to inyo nat. forest on road to westgard pass."	37.246	-118.1853	"united states"	"california"	"inyo"	NA	300	"rosaceae"	"prunus"	"andersonii"	NA	"prunus andersonii"
"fef6bff2-2946-4573-9362-9afaf61ddf2e"	"uc"	"uc696088"	"w of summit on walker pass road walker pass road; sierra nevada, walker pass road"	35.6624827239142	-118.025736565943	"united states"	"california"	"kern"	NA	425	"rosaceae"	"prunus"	"andersonii"	NA	"prunus andersonii"
"ff3f10fa-5c77-4287-9095-5c0535ef7609"	"rsa"	"rsa118722"	"sierra nevada: north fork of bishop creek, 16miles sw of bishop."	37.2582	-118.577	"united states"	"california"	"inyo"	NA	335	"rosaceae"	"prunus"	"andersonii"	NA	"prunus andersonii"
"ff57dd76-300e-46fc-ac6a-2522c98c94af"	"cas"	"228345"	"pine creek, sierra nevada, (near round valley)"	37.4013	-118.6502	"united states"	"california"	"inyo county"	NA	NA	"rosaceae"	"prunus"	"andersonii"	NA	"prunus andersonii  a. gray"
"ff597325-71ff-4c8b-a19d-eeb57da618dc"	"cas"	"333716"	"upper shores of mono lake at mono [postoffice] post office"	37.9899	-119.1428	"united states"	"california"	"mono county"	NA	NA	"rosaceae"	"prunus"	"andersonii"	NA	"prunus andersonii  a. gray"
"ff7c1641-12fa-4739-a938-cc546a347f4e"	"sbbg"	"sbbg27267"	"w side of westgard pass, inyo mtns"	37.2459291334592	-118.179931837055	"united states"	"california"	"inyo"	NA	NA	"rosaceae"	"prunus"	"andersonii"	NA	"prunus andersonii"
