"004156a2-47d6-4445-ba79-298d798b466e"	"ucr"	"ucr59911"	"mojave desert south edge of fort irwin military training center, ne of barstow; on e slope of paradise range"	35.12917	-116.795	"united states"	"california"	"san bernardino"	NA	1000	"fabaceae"	"psorothamnus"	"polydenius"	NA	"psorothamnus polydenius"
"007e7c4e-ccc2-4063-b778-fb8942329d2c"	"ny"	"702832"	"1/2 mile west of old benton"	37.8	-118.54	"united states"	"california"	"mono co."	NA	NA	"fabaceae"	"psorothamnus"	"polydenius"	"polydenius"	"psorothamnus polydenius (torr. ex s.watson) rydb. var. polydenius"
"02ac84bf-22a4-4541-8723-4df2d5fe17c3"	"cas"	"cas378434"	"grade 1/2 mile above benton"	37.8	-118.5295	"united states"	"california"	"mono"	NA	2000	"fabaceae"	"psorothamnus"	"polydenius"	NA	"psorothamnus polydenius"
"02c8e779-6767-42ad-b9f8-a8ac99fb829b"	"ny"	"44044"	"blm: battle mountain district, big smoky valley, ca. 25km ne of carvers"	38.9	-117.1	"united states"	"nevada"	"nye co."	NA	NA	"fabaceae"	"psorothamnus"	"polydenius"	NA	"psorothamnus polydenius (torr. ex s.watson) rydb."
"068c0161-8106-4190-bb4b-cb6e38920840"	"ny"	"702821"	"fish lake valley, route 264, one mile south of chiatovich creek crossing"	37.81	-118.09	"united states"	"nevada"	"esmeralda co."	NA	NA	"fabaceae"	"psorothamnus"	"polydenius"	"polydenius"	"psorothamnus polydenius (torr. ex s.watson) rydb. var. polydenius"
"07581ef4-6a17-45ef-9467-b614a03d1cc4"	"irvc"	"irvc29898"	"wash w of iron ridge, 5.0 mi. nw galaway lake. southern mojave desert"	34.6033333333333	-116.566388888889	"united states"	"california"	"san bernardino"	NA	NA	"fabaceae"	"psorothamnus"	"polydenius"	NA	"psorothamnus polydenius"
"0ae8d852-6192-42d8-bb38-92f1687106ba"	"uc"	"uc1300327"	"mouth of birch creek canyon at westgard pass road (white mountains); , mouth birch creek canyon"	37.5	-118.25	"united states"	"california"	"inyo"	NA	NA	"fabaceae"	"psorothamnus"	"polydenius"	NA	"psorothamnus polydenius"
"0f09da98-0a99-45c4-94a9-fde188cd98e4"	"ucd"	"ucd108376"	"inyo county: 12 mi. e keeler, hwy 190"	36.341	-117.7584	"united states"	"california"	"inyo"	NA	500	"fabaceae"	"psorothamnus"	"polydenius"	NA	"psorothamnus polydenius"
"10895644-040f-4040-a827-6f7c61efd975"	"ds"	"ds738497"	"white mts. deep spring valley maintenance sta."	37.4081	-118.2845	"united states"	"california"	"inyo"	NA	300	"fabaceae"	"psorothamnus"	"polydenius"	NA	"psorothamnus polydenius"
"10d66d3b-ccb4-4bae-a7c8-97c6321eeed6"	"rsa"	"rsa244126"	"saline range, mouth of marble canyon, eureka valley"	37.1599	-117.8515	"united states"	"california"	"inyo"	NA	2000	"fabaceae"	"psorothamnus"	"polydenius"	NA	"psorothamnus polydenius"
"1101854c-215d-435b-b69f-92f38e641f19"	"jeps"	"jeps41717"	"barstow"	34.897	-117.0228	"united states"	"california"	"san bernardino"	NA	3500	"fabaceae"	"psorothamnus"	"polydenius"	NA	"psorothamnus polydenius"
"130d1f3a-9f11-47f8-aed2-cf8b2bfff94f"	"sd"	"sd46199"	"along california highway 120, 2.0 miles above and west of benton hot springs."	37.7846	-118.5489	"united states"	"california"	"mono"	NA	650	"fabaceae"	"psorothamnus"	"polydenius"	NA	"psorothamnus polydenius"
"1340ab32-569f-47a0-83b5-43ec1c771021"	"ucd"	"ucd39127"	"inyo county: 5 miles n.n.w. bishop, volcanic tableland, bishop tufa formation"	37.4387	-118.4175	"united states"	"california"	"inyo"	NA	2000	"fabaceae"	"psorothamnus"	"polydenius"	NA	"psorothamnus polydenius"
"140388a8-e748-4cf5-8421-0c8659cc3ccf"	"uc"	"uc1523902"	"at mouth of mcafee creek 1.4 mi n 60 deg e red mountain (white mountains, fishlake valley drainage); white mountains, mouth mcafee creek, fishlake valley drainag"	37.6304305320937	-118.082036521285	"united states"	"california"	"mono"	NA	825	"fabaceae"	"psorothamnus"	"polydenius"	NA	"psorothamnus polydenius"
"1587e104-adbb-4f14-8dd5-5d5bab658d68"	"rsa"	"rsa598223"	"coyote mountains, domelands area"	32.8166666666667	-116.061111111111	"united states"	"california"	"imperial"	NA	NA	"fabaceae"	"psorothamnus"	"polydenius"	NA	"psorothamnus polydenius"
"15c679ae-9415-4699-a609-c4efe196433c"	"ucr"	"ucr51882"	"great basin e side of mono lake c. 2 mi from the shore at c. 38 deg. n latitude"	38	-118.8575	"united states"	"california"	"mono"	NA	1000	"fabaceae"	"psorothamnus"	"polydenius"	NA	"psorothamnus polydenius"
"169f1638-c892-4f15-aafd-493d3ee36d00"	"ucr"	"ucr256710"	"south end of the calumet mountains, north end of the coxcomb mountains, east of the sheephole mountains, c. 6.5 air miles northeast of clarks pass, in the sheephole valley wilderness"	34.12439	-115.4615	"united states"	"california"	"san bernardino"	NA	1000	"fabaceae"	"psorothamnus"	"polydenius"	NA	"psorothamnus polydenius"
"1c27edb7-f7a2-4180-bc96-0ea15560f54d"	"sdsu"	"sdsu18176"	"bullion south, mcagcc, twentynine palms, ca"	34.32	-115.70222	"united states"	"california"	"san bernardino"	NA	NA	"fabaceae"	"psorothamnus"	"polydenius"	NA	"psorothamnus polydenius"
"1cd8a669-361b-415b-ba70-4b33d488c9a7"	"ucr"	"ucr236180"	"owens valley north end of owens lake playa, along aqueduct access road, 2.5 mi east ofd us hwy 395 at lubken road"	36.54308	-118.01615	"united states"	"california"	"inyo"	NA	1000	"fabaceae"	"psorothamnus"	"polydenius"	NA	"psorothamnus polydenius"
"1de5e5a6-fc4d-4f52-ab23-1bdda015b2db"	"ny"	"702847"	"west side of green river airport"	38.97	-110.22	"united states"	"utah"	"emery co."	NA	NA	"fabaceae"	"psorothamnus"	"polydenius"	"jonesii"	"psorothamnus polydenius var. jonesii barneby"
"1dfc3123-c7fa-4d67-b8f3-781600abd8db"	"ny"	"702823"	"1.5 miles north of benton hot springs along highway 120"	37.823483	-118.508531	"united states"	"nevada"	"mineral co."	NA	NA	"fabaceae"	"psorothamnus"	"polydenius"	"polydenius"	"psorothamnus polydenius (torr. ex s.watson) rydb. var. polydenius"
"1f651223-0d93-4dda-8b61-f3e00b825495"	"ny"	"702827"	"ca. 3 miles west of castle cliffs"	37.08	-113.93	"united states"	"utah"	"washington co."	NA	NA	"fabaceae"	"psorothamnus"	"polydenius"	"polydenius"	"psorothamnus polydenius (torr. ex s.watson) rydb. var. polydenius"
"2096ab04-c6cb-4ff2-b92d-1eb6f9482c18"	"rsa"	"rsa92792"	"inyo county: near the school, deep springs valley, alt 4700ft"	37.3746	-117.9879	"united states"	"california"	"inyo"	NA	2500	"fabaceae"	"psorothamnus"	"polydenius"	NA	"psorothamnus polydenius"
"20cbada3-7813-48d4-b369-f82a2fab2203"	"jeps"	"jeps41722"	"lone pine"	36.6048	-118.0631	"united states"	"california"	"inyo"	NA	2000	"fabaceae"	"psorothamnus"	"polydenius"	NA	"psorothamnus polydenius"
"22981032-84b7-47ac-9a09-139252eef14a"	"gmdrc"	"gmdrc3127"	"owens valley: along poleline road nw of klondike lake, w. of owens river, approx. 4 mi. north of big pine, 0.8 mi. e. of hwy 395, growing in stablized sand hummocks 37&deg; 13.177\' n 118&deg; 18.961\' w. elev. 3950 ft."	37.2196166666667	-118.316016666667	"united states"	"california"	"inyo"	NA	30	"fabaceae"	"psorothamnus"	"polydenius"	NA	"psorothamnus polydenius"
"2361a2a2-ca25-4642-aa56-eba067798f3e"	"gmdrc"	"gmdrc3119"	"owens valley: growing on margin of alkali depression just w. of owens river, approx. 6 mi. nne of big pine, 2 mi. e. of hwy 395, 37.23655&deg; n 118.30756&deg; w. elev. 3981 ft."	37.23655	-118.30756	"united states"	"california"	"inyo"	NA	30	"fabaceae"	"psorothamnus"	"polydenius"	NA	"psorothamnus polydenius"
"238acf30-fd54-4948-b77c-4286d94467b9"	"sd"	"sd132383"	"hunter canyon"	36.6756	-117.8936	"united states"	"california"	"inyo"	NA	1175	"fabaceae"	"psorothamnus"	"polydenius"	NA	"psorothamnus polydenius"
"2420c39b-e3ef-47d8-821b-e063b9a02d17"	"ucr"	"ucr211119"	"northern mojave desert owens valley; along poleline road nw of klondike lake, w of owens river, c. 4 miles north of big pine, 0.8 mi. east of hwy 395"	37.21962	-118.31602	"united states"	"california"	"inyo"	NA	1000	"fabaceae"	"psorothamnus"	"polydenius"	NA	"psorothamnus polydenius"
"24926381-5a23-4885-a9c4-262416ebf66b"	"rsa"	"rsa245862"	"overlooking benton springs."	37.8051	-118.5324	"united states"	"california"	"mono"	NA	950	"fabaceae"	"psorothamnus"	"polydenius"	NA	"psorothamnus polydenius"
"257d11cb-2b18-42e7-949a-02f78bf85885"	"ny"	"702834"	"overlooking benton springs"	37.8008	-118.5278	"united states"	"california"	"mono co."	NA	5000	"fabaceae"	"psorothamnus"	"polydenius"	"polydenius"	"psorothamnus polydenius (torr. ex s.watson) rydb. var. polydenius"
"257d3491-6e93-43cc-9de8-b78ee6753d5b"	"rsa"	"rsa625235"	"white mountains: deep springs valley drainage; wyman canyon."	37.4144	-118.0068	"united states"	"california"	"inyo"	NA	600	"fabaceae"	"psorothamnus"	"polydenius"	NA	"psorothamnus polydenius"
"2705183e-9b08-4b18-93d4-b00aaf4b087b"	"ny"	"702800"	"east of medsger pass, south end of east pahranagat range, 4.1 miles west of u.s. highway 93"	36.37	-115.22	"united states"	"nevada"	"lincoln co."	NA	NA	"fabaceae"	"psorothamnus"	"polydenius"	"polydenius"	"psorothamnus polydenius (torr. ex s.watson) rydb. var. polydenius"
"27fad756-de7a-4ff1-848e-e5bf3b7deafd"	"utc"	"utc00176608"	"ca. 3 miles southwest of green river near the municipal airport. secs. 25 26 35 and 36."	38.9563	-110.2177	"united states"	"utah"	"emery"	NA	969	"fabaceae"	"psorothamnus"	"polydenius"	"jonesii"	"psorothamnus polydenius var. jonesii"
"28234391-2897-4a4e-ba8f-22f3122c2707"	"ny"	"702831"	"white mountains: at the mouth of mcafee creek 1.4 miles n60°e of red mountain, fishlake valley drainage"	37.63	-118.08	"united states"	"california"	"mono co."	NA	NA	"fabaceae"	"psorothamnus"	"polydenius"	"polydenius"	"psorothamnus polydenius (torr. ex s.watson) rydb. var. polydenius"
"29ea9bb2-6939-4a5c-b67b-c5351da60da7"	"sd"	"sd224974"	"east side of white mountains."	37.37333	-117.99833	"united states"	"california"	"inyo"	NA	NA	"fabaceae"	"psorothamnus"	"polydenius"	NA	"psorothamnus polydenius"
"2a8bf777-2c53-4b40-9995-7b02f02e31b4"	"rsa"	"rsa626359"	"owens valley: along keeler highway, east of owens river."	36.5297	-117.9143	"united states"	"california"	"inyo"	NA	13760	"fabaceae"	"psorothamnus"	"polydenius"	"polydenius"	"psorothamnus polydenius var. polydenius"
"2b26a7ba-40a4-4b56-9dfe-dac083ae90f3"	"uc"	"uc599230"	"14 miles north of independence"	36.991447	-118.25044	"united states"	"california"	"inyo"	NA	1550	"fabaceae"	"psorothamnus"	"polydenius"	NA	"psorothamnus polydenius"
"2df9b812-dd11-4b7c-ae71-3ef12ccdd16a"	"ny"	"702801"	"4 miles west of san antone, smoky valley"	38.7447	-117.1219	"united states"	"nevada"	"nye co."	NA	NA	"fabaceae"	"psorothamnus"	"polydenius"	"polydenius"	"psorothamnus polydenius (torr. ex s.watson) rydb. var. polydenius"
"2e254d93-6fcc-43a5-bdf5-c2247d9bb4c2"	"rsa"	"rsa781831"	"south end of the caulument mountains, north end of the coxcomb mountains, east of the sheephole mountains, approximately 6.5 air miles northeast of clarks pass, in the sheephole valley wilderness."	34.1244	-115.46149	"united states"	"california"	"san bernardino"	NA	NA	"fabaceae"	"psorothamnus"	"polydenius"	NA	"psorothamnus polydenius"
"2e929616-d52e-4017-b863-a1098e58cc62"	"sdsu"	"sdsu19974"	"mohave desert, east side of hwy 395, ca. 0.2 mile north of aberdeen station rd."	37.00282	-118.23249	"united states"	"california"	"inyo"	NA	NA	"fabaceae"	"psorothamnus"	"polydenius"	NA	"psorothamnus polydenius"
"30145348-51c5-41df-883f-0fa9f4f228ad"	"rsa"	"rsa624364"	"eureka valley.: eureka dunes, northeast corner"	37.1084	-117.6804	"united states"	"california"	"inyo"	NA	500	"fabaceae"	"psorothamnus"	"polydenius"	"polydenius"	"psorothamnus polydenius var. polydenius"
"3171fdd5-081c-4145-9d9f-790ef20e13a2"	"rsa"	"rsa663911"	"kingston wash, ca. 6.4km w of excelsior mine road."	35.6166666666667	-115.783333333333	"united states"	"california"	"san bernardino"	NA	NA	"fabaceae"	"psorothamnus"	"polydenius"	NA	"psorothamnus polydenius"
"33a38d15-6588-4b78-860c-706633e6f3aa"	"rsa"	"rsa298922"	"barstow"	34.897	-117.0228	"united states"	"california"	"san bernardino"	NA	3500	"fabaceae"	"psorothamnus"	"polydenius"	NA	"psorothamnus polydenius"
"346da9af-c7b4-4152-be35-dc0e159e31a2"	"ny"	"702782"	"soda spring valley, vicinity of puning [sic], just north of junction of routes 395 and 361"	38.51	-118.2	"united states"	"nevada"	"mineral co."	NA	NA	"fabaceae"	"psorothamnus"	"polydenius"	"polydenius"	"psorothamnus polydenius (torr. ex s.watson) rydb. var. polydenius"
"357f4200-8d3f-4c0c-9523-34fed0b3f779"	"asu"	"asu0075266"	"coyote mountains, domelands area"	32.817	-116.06111	"united states"	"california"	"imperial co."	NA	NA	"fabaceae"	"psorothamnus"	"polydenius"	NA	"psorothamnus polydenius"
"37479a44-2ad4-4320-9ee8-290f922454fd"	"ds"	"ds738498"	"white mts. 1st canyon n. of silver creek canyon (n. slope)"	37.4081	-118.2845	"united states"	"california"	"inyo"	NA	300	"fabaceae"	"psorothamnus"	"polydenius"	NA	"psorothamnus polydenius"
"381016f8-37b0-4b2a-b4e5-189cdf6f1d3c"	"sbbg"	"sbbg68023"	"near sawmill cyn"	36.909	-118.312	"united states"	"california"	"inyo"	NA	1000	"fabaceae"	"psorothamnus"	"polydenius"	NA	"psorothamnus polydenius"
"389b778a-87bf-4ba7-b9ff-814e634070be"	"ny"	"702788"	"edge of black rock desert, on road to summit lake indian reservation from gerlach, 1 mile east of junction with nev. 34"	40.79	-119.26	"united states"	"nevada"	"pershing co."	NA	NA	"fabaceae"	"psorothamnus"	"polydenius"	"polydenius"	"psorothamnus polydenius (torr. ex s.watson) rydb. var. polydenius"
"3c90efee-1e9e-4f08-9637-0f4bb089fc96"	"rsa"	"rsa616637"	"pleasant valley: owens river below dam."	36.0323	-117.1393	"united states"	"california"	"inyo"	NA	300	"fabaceae"	"psorothamnus"	"polydenius"	"polydenius"	"psorothamnus polydenius var. polydenius"
"3e3505fc-c904-45d4-872d-e950563c3054"	"pom"	"pom129352"	"3 mi from bishop on big pine rd."	37.3183	-118.3875	"united states"	"california"	"inyo"	NA	1000	"fabaceae"	"psorothamnus"	"polydenius"	NA	"psorothamnus polydenius"
"3fd70e29-2901-4dac-b103-608b50c96762"	"sd"	"sd227433"	"mohave desert, east side of hwy 395, ca. 0.2 mile north of aberdeen station rd."	37.00282	-118.23249	"united states"	"california"	"inyo"	NA	NA	"fabaceae"	"psorothamnus"	"polydenius"	NA	"psorothamnus polydenius"
"47168c41-89f7-427d-82b3-9e07bbf6262e"	"ny"	"702792"	"candelaria"	38.17	-118.08	"united states"	"nevada"	NA	NA	NA	"fabaceae"	"psorothamnus"	"polydenius"	"polydenius"	"psorothamnus polydenius (torr. ex s.watson) rydb. var. polydenius"
"478cb8eb-e6ee-49ec-b3be-2202e8b5628b"	"uc"	"uc1548534"	"15 m east of blm springs, east of fence. fish slough: a desert wetland system 4.5 mi north of bishop at the northern end of owens valley; study site includes 14 sq. mi. along a 7 mi drainage axis"	37.484722	-118.38333	"united states"	"california"	"mono"	NA	NA	"fabaceae"	"psorothamnus"	"polydenius"	NA	"psorothamnus polydenius"
"47e8f039-c13d-46eb-98b1-f1454ac2c53c"	"ny"	"702829"	"beaverdam slope"	37.16	-113.98	"united states"	"utah"	"washington co."	NA	NA	"fabaceae"	"psorothamnus"	"polydenius"	"polydenius"	"psorothamnus polydenius (torr. ex s.watson) rydb. var. polydenius"
"486573cb-e71d-4d0e-b4a8-3b343662c50a"	"sbbg"	"sbbg47191"	"mouth of marble cyn, saline range, eureka valley"	37.123	-117.868	"united states"	"california"	"inyo"	NA	2000	"fabaceae"	"psorothamnus"	"polydenius"	NA	"psorothamnus polydenius"
"48955549-5b58-410a-b382-f87bb90a7a15"	"ds"	"ds152002"	"3 miles from bishop on big pine road"	37.3183	-118.3875	"united states"	"california"	"inyo"	NA	1000	"fabaceae"	"psorothamnus"	"polydenius"	NA	"psorothamnus polydenius"
"498dc3c6-8efd-4e10-aa61-a1fa96c13f0f"	"ds"	"ds324069"	"road to ruby lee mine, 2 miles west of junction with road from pinto basin to twentynine palms, joshua tree national monument"	33.8379	-115.826	"united states"	"california"	"riverside"	NA	320	"fabaceae"	"psorothamnus"	"polydenius"	NA	"psorothamnus polydenius"
"4b63fdff-e938-441c-b290-9b44d39fab0f"	"ucr"	"ucr95621"	"owens valley along connector road [chidago canyon road] between fish slough road and hwy 6 about 18 mi north of bishop"	37.64722	-118.42833	"united states"	"california"	"mono"	NA	10000	"fabaceae"	"psorothamnus"	"polydenius"	NA	"psorothamnus polydenius"
"4d100f62-5dc0-4861-a8ea-6845841cd3c7"	"ny"	"840154"	"southwest slope of beaver dam mountains, in wash at welcome creek and along road to lidel ranch."	37.08717	-113.93267	"united states"	"utah"	"washington co."	NA	NA	"fabaceae"	"psorothamnus"	"polydenius"	NA	"psorothamnus polydenius (torr. ex s.watson) rydb."
"4f08c965-adf0-4abf-b27a-37f0d3c4cfe8"	"sd"	"sd113597"	"near barstow"	34.897	-117.0228	"united states"	"california"	"san bernardino"	NA	3500	"fabaceae"	"psorothamnus"	"polydenius"	NA	"psorothamnus polydenius"
"506b0ed8-9d3d-4473-bddf-0a5cef121812"	"sd"	"sd102817"	"near barstow."	34.897	-117.0228	"united states"	"california"	"san bernardino"	NA	3500	"fabaceae"	"psorothamnus"	"polydenius"	NA	"psorothamnus polydenius"
"518cdd62-e310-4187-a12d-493a96b9bdd6"	"ny"	"702789"	"52 miles west of tonopah"	38.008567	-118.122083	"united states"	"nevada"	"esmeralda co."	NA	NA	"fabaceae"	"psorothamnus"	"polydenius"	"polydenius"	"psorothamnus polydenius (torr. ex s.watson) rydb. var. polydenius"
"569cfea4-2be8-4f5d-90eb-0bbef1d377e6"	"utc"	"utc00176141"	"west of caineville."	38.3469	-111.0355	"united states"	"utah"	"wayne"	NA	969	"fabaceae"	"psorothamnus"	"polydenius"	"jonesii"	"psorothamnus polydenius var. jonesii"
"5751213f-3929-4da2-840d-f5e930205f50"	"uc"	"uc1736628"	"cedar hill, ne mono basin, near cinder pit"	38.1483237683444	-118.854872566041	"united states"	"california"	"mono"	NA	825	"fabaceae"	"psorothamnus"	"polydenius"	NA	"psorothamnus polydenius"
"5a72b033-3b08-4dc2-9794-5ba446c889a3"	"uc"	"uc169585"	"laws near bishop; laws near bishop"	37.4003	-118.3492	"united states"	"california"	"inyo"	NA	1000	"fabaceae"	"psorothamnus"	"polydenius"	NA	"psorothamnus polydenius"
"5b0f30e0-288f-4b72-9377-0c42fe7e9cfd"	"rsa"	"rsa404239"	"independence to big pine"	36.9838	-118.2347	"united states"	"california"	"inyo"	NA	19300	"fabaceae"	"psorothamnus"	"polydenius"	NA	"psorothamnus polydenius"
"60770006-5270-4ffa-830d-04ef7f2de6bd"	"pom"	"pom247661"	"near desert king spring, mojave desert."	35.5243	-116.7148	"united states"	"california"	"san bernardino"	NA	800	"fabaceae"	"psorothamnus"	"polydenius"	NA	"psorothamnus polydenius"
"62f8cdd8-4a70-495b-8001-66f74d9ca7e0"	"ny"	"43949"	"kingston wash"	35.62	-115.78	"united states"	"california"	"san bernardino co."	NA	NA	"fabaceae"	"psorothamnus"	"polydenius"	NA	"psorothamnus polydenius (torr. ex s.watson) rydb."
"640b8c5a-88a2-46b0-8f29-62a3a1ca862b"	"rsa"	"rsa618441"	"owens valley: south of aberdeen, east of old highway."	36.9689	-118.2449	"united states"	"california"	"inyo"	NA	1300	"fabaceae"	"psorothamnus"	"polydenius"	"polydenius"	"psorothamnus polydenius var. polydenius"
"66a831a1-ac7e-4835-9a13-93b626c9f59d"	"uc"	"uc990553"	"grade 1/2 mi above benton; above benton"	37.8181	-118.4772	"united states"	"california"	"mono"	NA	3000	"fabaceae"	"psorothamnus"	"polydenius"	NA	"psorothamnus polydenius"
"67dfcfc9-8f14-475e-a92b-c71569f46d98"	"ucr"	"ucr100626"	"white mountains [deep springs valley], east side of white mountains"	37.37333	-117.99833	"united states"	"california"	"inyo"	NA	1000	"fabaceae"	"psorothamnus"	"polydenius"	NA	"psorothamnus polydenius"
"69040b4b-7eb7-4d3f-9637-757597f91f3f"	"uc"	"uc665647"	"mouth wyman creek white mountains, , deep springs valley (deep springs valley, white mountains)"	37.42985	-118.06775	"united states"	"california"	"inyo"	NA	1000	"fabaceae"	"psorothamnus"	"polydenius"	NA	"psorothamnus polydenius"
"6bdb0487-9aee-4cb7-99a8-40c31a2c2043"	"rsa"	"rsa293329"	"along connecting road between fish slough rd. and hiway 6 ca. 18 miles north of bishop."	37.6393	-118.4119	"united states"	"california"	"mono"	NA	3100	"fabaceae"	"psorothamnus"	"polydenius"	NA	"psorothamnus polydenius"
"6bea4c15-165a-4705-b5de-d98f1005c820"	"rsa"	"rsa777967"	"owens valley; north end of owens lake playa, along aqueduct access road, 2.5 miles east of us 395 (at lubken road)"	36.5430555555556	-118.016111111111	"united states"	"california"	"inyo"	NA	NA	"fabaceae"	"psorothamnus"	"polydenius"	NA	"psorothamnus polydenius"
"70b39a56-c476-44c0-a795-ddc4f38d2933"	"rsa"	"rsa78774"	"dolomite, on road to dolomite deposit and hodge, south of hwy 66."	34.8021	-117.1743	"united states"	"california"	"san bernardino"	NA	2500	"fabaceae"	"psorothamnus"	"polydenius"	NA	"psorothamnus polydenius"
"7648d7a4-62bc-417c-b9a0-cd7a45ef7b72"	"ucr"	"ucr98760"	"sonoran (colorado) desert coyote mountains, domelands area"	32.81667	-116.06111	"united states"	"california"	"imperial"	NA	NA	"fabaceae"	"psorothamnus"	"polydenius"	NA	"psorothamnus polydenius"
"76959517-efcb-4161-aaf2-77d7e3004f2a"	"ny"	"702741"	"wadsworth, near clark's"	39.6333	-119.285	"united states"	"nevada"	"washoe"	NA	1000	"fabaceae"	"psorothamnus"	"polydenius"	"polydenius"	"psorothamnus polydenius (torr. ex s.watson) rydb. var. polydenius"
"78696715-90ab-4518-9c1f-9cd70d2500b7"	"uc"	"uc671605"	"e end deep spring valley e end of deep spring valley (floor of valley)"	37.3203	-118.004	"united states"	"california"	"inyo"	NA	10750	"fabaceae"	"psorothamnus"	"polydenius"	NA	"psorothamnus polydenius"
"7918ccba-727f-488c-af53-f6254df55194"	"rsa"	"rsa479885"	"lower slopes of eureka dunes."	37.088	-117.6756	"united states"	"california"	"inyo"	NA	3000	"fabaceae"	"psorothamnus"	"polydenius"	NA	"psorothamnus polydenius"
"7aef59a4-9960-4119-b0c5-4bef3718a193"	"ny"	"702845"	"6.5 miles due north of green river west of willow bend"	39.1	-110.15	"united states"	"utah"	"emery co."	NA	NA	"fabaceae"	"psorothamnus"	"polydenius"	"jonesii"	"psorothamnus polydenius var. jonesii barneby"
"7b0a24fe-2d9f-4765-a2f7-9e53864c988b"	"rsa"	"rsa567473"	"2 miles s of pleasant valley campground, beside the owens river"	37.4095	-118.4687	"united states"	"california"	"inyo"	NA	1000	"fabaceae"	"psorothamnus"	"polydenius"	NA	"psorothamnus polydenius"
"7bf7f517-46c8-4105-84e4-ba86766e95e2"	"uc"	"uc126644"	"owens valley"	36.835	-118.1667	"united states"	"california"	"inyo"	NA	5250	"fabaceae"	"psorothamnus"	"polydenius"	NA	"psorothamnus polydenius"
"7d51d776-9793-402b-bc80-5666034d8cf9"	"ny"	"702820"	"white mountains: along dirt track between fishlake valley cutoff road and sand spring canyon, 3.5 miles n35°e of pinyon hill summit"	37.96	-118.18	"united states"	"nevada"	"esmeralda co."	NA	NA	"fabaceae"	"psorothamnus"	"polydenius"	"polydenius"	"psorothamnus polydenius (torr. ex s.watson) rydb. var. polydenius"
"7d7bee02-e41e-467e-b777-67deac9282c8"	"sd"	"sd120058"	"coyote mountains, only two seen, in dry sandy stony soil in un-named wash."	32.81463	-116.07513	"united states"	"california"	"imperial"	NA	247	"fabaceae"	"psorothamnus"	"polydenius"	NA	"psorothamnus polydenius"
"7feb221d-e96d-4764-b74e-5a74c61df5dd"	"rsa"	"rsa91435"	"10 miles n of independence"	36.9394	-118.2404	"united states"	"california"	"inyo"	NA	1000	"fabaceae"	"psorothamnus"	"polydenius"	NA	"psorothamnus polydenius"
"80884cf6-ae88-4da7-9d22-f529e0f664b2"	"ny"	"702806"	"big smoky valley around crescent dunes 13.5 miles 335° from tonopah"	38.2388889	-117.3305556	"united states"	"nevada"	"nye co."	NA	NA	"fabaceae"	"psorothamnus"	"polydenius"	"polydenius"	"psorothamnus polydenius (torr. ex s.watson) rydb. var. polydenius"
"81a2d6ff-5b17-40df-ad9d-a1c7bb0b5833"	"ny"	"702818"	"33 miles north of tonopah"	38.49	-117.3	"united states"	"nevada"	"nye co."	NA	NA	"fabaceae"	"psorothamnus"	"polydenius"	"polydenius"	"psorothamnus polydenius (torr. ex s.watson) rydb. var. polydenius"
"8324af50-f6c1-48c7-b2ea-41017b4dae03"	"pom"	"pom301795"	"ruby lee mine, joshua tree national monument."	33.8379	-115.826	"united states"	"california"	"riverside"	NA	320	"fabaceae"	"psorothamnus"	"polydenius"	NA	"psorothamnus polydenius"
"834c0abb-c546-43dd-b118-e909e39c733e"	"asu"	NA	"mojave desert: beaver dam mountains, welcome creek drainage, south of lytle ranch-castle cliff road, ca 3.2 miles wnw of castle cliff."	37.085469	-113.934611	"united states"	"utah"	"washington"	NA	NA	"fabaceae"	"psorothamnus"	"polydenius"	NA	"psorothamnus polydenius"
"84e854b7-0b42-4482-920a-db84a0017202"	"uc"	"uc666453"	"mohave desert, 4 miles south of stoddard well"	34.6661	-117.112	"united states"	"california"	"san bernardino"	NA	1000	"fabaceae"	"psorothamnus"	"polydenius"	NA	"psorothamnus polydenius"
"875a2848-231e-492a-8afc-f2eb801b5d4d"	"uvsc"	"14496"	"western slope of the beaver dam mountains, hills on the western slope of welcome wash, s side of rd to lytle ranch, ca. 3.6 miles w of castle cliff;"	37.088287	-113.933057	"united states"	"utah"	"washington"	NA	30	"fabaceae"	"psorothamnus"	"polydenius"	NA	"psorothamnus polydenius"
"8852166a-5abb-40ec-964d-4e490f27d122"	"ny"	"01343739"	"coyote mountains, domelands area"	32.82	-116.0611	"united states"	"california"	"imperial co."	NA	NA	"fabaceae"	"psorothamnus"	"polydenius"	NA	"psorothamnus polydenius (torr. ex s.watson) rydb."
"88658b0a-a55c-4c05-a7a7-74e162df6486"	"ny"	"702746"	"wadsworth"	39.6336	-119.2853	"united states"	"nevada"	NA	NA	5000	"fabaceae"	"psorothamnus"	"polydenius"	"polydenius"	"psorothamnus polydenius (torr. ex s.watson) rydb. var. polydenius"
"89e19522-c50c-4c41-a0db-95b293021d82"	"ds"	"ds322213"	"grade 1/2 mile above benton"	37.8	-118.5295	"united states"	"california"	"mono"	NA	2000	"fabaceae"	"psorothamnus"	"polydenius"	NA	"psorothamnus polydenius"
"8aa424d8-7131-4050-bf89-566d36bd3c25"	"ny"	"702824"	"hills of the lahontan basin, 0.5 m north of lahontan reservoir and 2 miles south of highway 50"	39.33	-119.83	"united states"	"nevada"	"lyon co."	NA	NA	"fabaceae"	"psorothamnus"	"polydenius"	"polydenius"	"psorothamnus polydenius (torr. ex s.watson) rydb. var. polydenius"
"8b265028-ea2e-4e1e-8645-034d827ea10c"	"ucr"	"ucr13823"	"owens valley owens river at pleasant valley, near mono county line"	37.41667	-118.51667	"united states"	"california"	"inyo"	NA	10000	"fabaceae"	"psorothamnus"	"polydenius"	NA	"psorothamnus polydenius"
"8ce17139-2078-4814-add1-cf0ce0a0c1e5"	"rsa"	"rsa60571"	"desert area, independence, owens valley"	36.8059	-118.2016	"united states"	"california"	"inyo"	NA	2000	"fabaceae"	"psorothamnus"	"polydenius"	NA	"psorothamnus polydenius"
"8d392fcf-e756-4479-a4b2-c273efb18c7a"	"ny"	"702732"	"south end of dry valley"	40.22	-119.84	"united states"	"nevada"	"washoe co."	NA	NA	"fabaceae"	"psorothamnus"	"polydenius"	"polydenius"	"psorothamnus polydenius (torr. ex s.watson) rydb. var. polydenius"
"8d5b3a13-b20c-40fa-8744-f27287934da7"	"pom"	"pom1900"	"2-3 mi. se of the oasis at 29 palms. so. mojave desert."	34.1054	-116.0109	"united states"	"california"	"san bernardino"	NA	3500	"fabaceae"	"psorothamnus"	"polydenius"	NA	"psorothamnus polydenius"
"91c1e563-2dff-4194-b6e7-71eebd1bc4aa"	"rsa"	"rsa404242"	"fish slough petroglyph site, north of bishop on five bridges rd."	37.4069	-118.3959	"united states"	"california"	"mono"	NA	987	"fabaceae"	"psorothamnus"	"polydenius"	NA	"psorothamnus polydenius"
"92ee383a-f199-4c91-8d24-cf90ccf3dcc2"	"rsa"	"rsa404238"	"eureka dune, s end of eureka valley."	37.0973	-117.6618	"united states"	"california"	"inyo"	NA	1000	"fabaceae"	"psorothamnus"	"polydenius"	NA	"psorothamnus polydenius"
"931e0681-6deb-4a98-8283-582922e4be36"	"rsa"	"rsa40523"	"grade 1/2 mile above benton."	37.8181	-118.4772	"united states"	"california"	"mono"	NA	3000	"fabaceae"	"psorothamnus"	"polydenius"	NA	"psorothamnus polydenius"
"953523eb-d72a-4794-ac59-5784f98e2c8e"	"rsa"	"rsa751724"	"owen\'s valley: along poleline road nw of klondike lake, w of owen\'s river, approx. 4 mi. n of big pine, 0.8 mi. e of hwy 395."	37.2197222222222	-118.316111111111	"united states"	"california"	"inyo"	NA	NA	"fabaceae"	"psorothamnus"	"polydenius"	NA	"psorothamnus polydenius"
"98a4d86d-5480-491f-90fc-3b9e3ff6f3bb"	"ny"	"702785"	"indian creek road turn from highway 3 a"	37.81	-118.09	"united states"	"nevada"	"esmeralda co."	NA	NA	"fabaceae"	"psorothamnus"	"polydenius"	"polydenius"	"psorothamnus polydenius (torr. ex s.watson) rydb. var. polydenius"
"9a18ab7d-5c89-4699-b6d6-b833fddf7fd7"	"ny"	"702846"	"south slope of mexican mountain in the san rafael swell"	39	-110.48	"united states"	"utah"	"emery co."	NA	NA	"fabaceae"	"psorothamnus"	"polydenius"	"jonesii"	"psorothamnus polydenius var. jonesii barneby"
"9ce46abd-c677-43f2-a126-ab68f07f0cff"	"sbbg"	"sbbg81235"	"eureka dunes, 8.4 mi s of death valley-eureka valley rd"	37.1198	-117.6979	"united states"	"california"	"inyo"	NA	800	"fabaceae"	"psorothamnus"	"polydenius"	NA	"psorothamnus polydenius"
"9d9534a7-3f14-487b-be0c-eeee516cf2a3"	"uvsc"	"6562"	"san rafael swell, mussentuchit flats area, foot slopes of cedar mtn"	38.604999	-111.111388	"united states"	"utah"	"emery"	NA	NA	"fabaceae"	"psorothamnus"	"polydenius"	"jonesii"	"psorothamnus polydenius var. jonesii"
"a032c1e9-8ccd-40c0-96c8-31e84f29d5bf"	"ucd"	"ucd108378"	"inyo county: highway 395, 12 miles north of independence"	36.9738	-118.2372	"united states"	"california"	"inyo"	NA	800	"fabaceae"	"psorothamnus"	"polydenius"	NA	"psorothamnus polydenius"
"a15f1ec0-f260-4704-a389-007a7ef14a0c"	"rsa"	"rsa33684"	"darwin mesa."	36.2452	-117.587	"united states"	"california"	"inyo"	NA	14535	"fabaceae"	"psorothamnus"	"polydenius"	NA	"psorothamnus polydenius"
"a2bd42b4-e2ff-46ec-836e-1228cc91e930"	"rsa"	"rsa619408"	"inyo mountains: volcanic canyon east of charlie\'s butte; mdb&m. t11s r35e s1/2 sec. 5."	37.015	-118.1725	"united states"	"california"	"inyo"	NA	NA	"fabaceae"	"psorothamnus"	"polydenius"	"polydenius"	"psorothamnus polydenius var. polydenius"
"a37083e7-8589-4c21-9064-ac49cba06398"	"ny"	"702786"	"3 miles due northwest of goldfield"	37.74	-117.27	"united states"	"nevada"	"esmeralda co."	NA	NA	"fabaceae"	"psorothamnus"	"polydenius"	"polydenius"	"psorothamnus polydenius (torr. ex s.watson) rydb. var. polydenius"
"a456f2ff-0d7a-4cdb-bcd6-fc0b929d829a"	"ny"	"702813"	"table mountain; toiyabe national forest"	38.80787	-116.5796	"united states"	"nevada"	"nye co."	NA	99999	"fabaceae"	"psorothamnus"	"polydenius"	"polydenius"	"psorothamnus polydenius (torr. ex s.watson) rydb. var. polydenius"
"a7890fad-610a-42cd-b1d3-c57eadd5e912"	"rsa"	"rsa516768"	"s edge of fort irwin military training center, ne of barstow; on e slope of paradise range"	35.1292	-116.795	"united states"	"california"	"san bernardino"	NA	1000	"fabaceae"	"psorothamnus"	"polydenius"	NA	"psorothamnus polydenius"
"a816f0f7-d95d-4065-9fb9-f38262fe1d87"	"asu"	"asu0075267"	"mojave desert; south edge of fort irwin military training center, ne of barstow; on e slope of paradise range"	35.1292	-116.795	"united states"	"california"	"san bernardino"	NA	NA	"fabaceae"	"psorothamnus"	"polydenius"	NA	"psorothamnus polydenius"
"a8c0d488-8888-47bf-a13a-34d496b869c8"	"uc"	"uc1329930"	"ruby lee mill site"	33.8379	-115.826	"united states"	"california"	"riverside"	NA	320	"fabaceae"	"psorothamnus"	"polydenius"	NA	"psorothamnus polydenius"
"aabcf905-8279-416f-91f1-f973955db11b"	"rsa"	"rsa261608"	"inyo mountains: volcanic canyon east of charlie\'s butte; mdb&m. t11s r35e s1/2 sec. 5."	37.015	-118.1725	"united states"	"california"	"inyo"	NA	NA	"fabaceae"	"psorothamnus"	"polydenius"	NA	"psorothamnus polydenius"
"ab335dc9-d912-45c3-9a58-5d4a150e8320"	"sfv"	"sfv8029"	"at north end of sarah winnemucca dune [= eureka dunes], south eureka valley."	37.1099323308267	-117.670912560431	"united states"	"california"	"inyo"	NA	NA	"fabaceae"	"psorothamnus"	"polydenius"	NA	"psorothamnus polydenius"
"ac2a33d0-60ef-44e3-95da-12cb721f5733"	"uc"	"uc1745686"	"eureka valley."	37.205173	-117.78854	"united states"	"california"	"inyo"	NA	20350	"fabaceae"	"psorothamnus"	"polydenius"	NA	"psorothamnus polydenius"
"acd4aa80-e3f6-4c13-b912-35e6ea674dc5"	"sd"	"sd218339"	"kingston wash."	35.61667	-115.78333	"united states"	"california"	"san bernardino"	NA	NA	"fabaceae"	"psorothamnus"	"polydenius"	NA	"psorothamnus polydenius"
"add564d5-035e-4c1d-bdec-535949b1ea87"	"ny"	"702733"	"smoke creek desert, 10.2 miles north of sand pass, 58.5 airline miles north of reno"	40.38	-119.84	"united states"	"nevada"	"washoe co."	NA	NA	"fabaceae"	"psorothamnus"	"polydenius"	"polydenius"	"psorothamnus polydenius (torr. ex s.watson) rydb. var. polydenius"
"af759116-0e4f-4c68-9dd8-4bf36349021d"	"sbbg"	"sbbg68022"	"owens lake, 10 mi ne of olancha"	36.3737	-117.8858	"united states"	"california"	"inyo"	NA	2000	"fabaceae"	"psorothamnus"	"polydenius"	NA	"psorothamnus polydenius"
"b12d200d-46f6-49a0-80ab-9ef801700428"	"rsa"	"rsa118120"	"near lone pine."	36.597	-118.1727	"united states"	"california"	"inyo"	NA	10000	"fabaceae"	"psorothamnus"	"polydenius"	NA	"psorothamnus polydenius"
"b132b58a-8175-4c10-9eca-5a25e90223a5"	"rsa"	"rsa715021"	"great basin, mono-inyo county line. east side of fish slough road, both sides of the mono county line sign."	37.4630555555556	-118.405	"united states"	"california"	"mono"	NA	NA	"fabaceae"	"psorothamnus"	"polydenius"	NA	"psorothamnus polydenius"
"b3e4b01c-3d02-4601-b125-51805d8a89d5"	"ny"	"702784"	"north of excelsior mountains, north side of garfield flat, just east of road fork splitting road north of flat"	38.38	-118.23	"united states"	"nevada"	"mineral co."	NA	NA	"fabaceae"	"psorothamnus"	"polydenius"	"polydenius"	"psorothamnus polydenius (torr. ex s.watson) rydb. var. polydenius"
"b6964980-84b1-4157-b7b3-6bd11dffac4f"	"ny"	"01343741"	"5 miles w of tonopah"	38.097489	-117.321558	"united states"	"nevada"	"clark co."	NA	NA	"fabaceae"	"psorothamnus"	"polydenius"	"polydenius"	"psorothamnus polydenius (torr. ex s.watson) rydb. var. polydenius"
"b87cd5f9-d2e9-4e94-9c5e-84dda0036fc2"	"jeps"	"jeps97781"	"eureka valley."	37.205173	-117.78854	"united states"	"california"	"inyo"	NA	20350	"fabaceae"	"psorothamnus"	"polydenius"	NA	"psorothamnus polydenius"
"bbe11fd4-3320-479a-98a0-f5b564d771dc"	"ny"	"702817"	"toiyabe national forest, paradise range, sheep canyon, ca. 5 miles south of gabbs"	38.79	-117.92	"united states"	"nevada"	"nye co."	NA	NA	"fabaceae"	"psorothamnus"	"polydenius"	"polydenius"	"psorothamnus polydenius (torr. ex s.watson) rydb. var. polydenius"
"bc03591c-6842-48c3-b590-fba5e98a8b29"	"uvsc"	"9346"	"alluvial fans on the southwestern side of the beaver dam mountains, along lytle ranch road, ca. 3 miles w of the junction with old highway 91, ne side of the road;"	37.08625	-113.928444	"united states"	"utah"	"washington"	NA	NA	"fabaceae"	"psorothamnus"	"polydenius"	NA	"psorothamnus polydenius"
"bc147eb0-fa99-499d-807f-bd3049f9bf70"	"ny"	"702799"	"east spur of hiko range, 5 air miles northeast of hiko"	37.6	-115.16	"united states"	"nevada"	"lincoln co."	NA	NA	"fabaceae"	"psorothamnus"	"polydenius"	"polydenius"	"psorothamnus polydenius (torr. ex s.watson) rydb. var. polydenius"
"bd4bd54d-4644-4bf6-8cc0-bc530d777d1a"	"ucd"	"ucd56569"	"inyo county: eureka dunes. southern part of eureka valley, between last chance range and saline range. exact coordinates and elevation unknown and estimated by label-maker"	37.0910171471652	-117.669844804506	"united states"	"california"	"inyo"	NA	NA	"fabaceae"	"psorothamnus"	"polydenius"	NA	"psorothamnus polydenius"
"bf010f84-0221-4ca2-aa0a-fcedfe9a1fa6"	"ucr"	"ucr245144"	"owens valley just west of owens river, 1.5 mi. ssw of laws, c. 3 mi. east of bishop"	37.38442	-118.35577	"united states"	"california"	"inyo"	NA	1000	"fabaceae"	"psorothamnus"	"polydenius"	NA	"psorothamnus polydenius"
"c08975c6-6b97-42b7-9712-8d57bb957288"	"ny"	"702781"	"historic site of belleville"	38.22	-118.29	"united states"	"nevada"	"mineral co."	NA	NA	"fabaceae"	"psorothamnus"	"polydenius"	"polydenius"	"psorothamnus polydenius (torr. ex s.watson) rydb. var. polydenius"
"c28e8b44-b7a7-49d1-b0ad-e4e938d3a0a1"	"ny"	"702848"	"on flat top of cobblestone-clay bluffs of wash leading to west bank of green river, 5.5 miles south of green river"	38.9156	-110.1619	"united states"	"utah"	"emery co."	NA	5000	"fabaceae"	"psorothamnus"	"polydenius"	"jonesii"	"psorothamnus polydenius var. jonesii barneby"
"c2e29161-dd96-40f5-b7cd-fc2be4bb3bcb"	"ucr"	"ucr235833"	"owens valley along mazourka canyon road, 3.7 mi east of independence"	36.63505	-118.13177	"united states"	"california"	"inyo"	NA	1000	"fabaceae"	"psorothamnus"	"polydenius"	NA	"psorothamnus polydenius"
"c37d18c7-d3ee-486a-9524-ea7b8f0ec305"	"sdsu"	"sdsu12789"	"domelands. dirt road from s-2, ca. 2 miles to trailhead. go ca. 1-1.5 miles on trail toward wind caves, just beyond desert wash."	32.81639	-116.07194	"united states"	"california"	"imperial"	NA	NA	"fabaceae"	"psorothamnus"	"polydenius"	NA	"psorothamnus polydenius"
"c3c06cd3-8f6c-49ea-9af2-800b0f9ea92e"	"uc"	"uc1035932"	"eureka valley to fish lake valley"	37.366543	-117.81266	"united states"	"california"	"inyo"	NA	1225	"fabaceae"	"psorothamnus"	"polydenius"	NA	"psorothamnus polydenius"
"c64f007b-68ae-4bed-9960-1f40dfa7892a"	"ny"	"702778"	"on southeast side of fourmile flat west of sand springs range, south of us 50 between fallon and frenchman"	39.25	-118.43	"united states"	"nevada"	"churchill co."	NA	NA	"fabaceae"	"psorothamnus"	"polydenius"	"polydenius"	"psorothamnus polydenius (torr. ex s.watson) rydb. var. polydenius"
"c808db82-dac9-4f56-b78e-eca300691cb3"	"ny"	"702822"	"churchill valley, community of silver springs, junction of 9th and bass streets, sw ""corner"""	39.32	-119.22	"united states"	"nevada"	"lyon co."	NA	NA	"fabaceae"	"psorothamnus"	"polydenius"	"polydenius"	"psorothamnus polydenius (torr. ex s.watson) rydb. var. polydenius"
"c8c74ee7-ddeb-4698-b11c-9b423e71219d"	"pom"	"pom91446"	"14 mi. n of independence, inyo co."	36.9914	-118.2504	"united states"	"california"	"inyo"	NA	1550	"fabaceae"	"psorothamnus"	"polydenius"	NA	"psorothamnus polydenius"
"c93cec5b-4b44-4143-87a2-2c836551dc63"	"sd"	"sd134663"	"coyote mountains, domelands area."	32.81385	-116.06354	"united states"	"california"	"imperial"	NA	825	"fabaceae"	"psorothamnus"	"polydenius"	NA	"psorothamnus polydenius"
"ca1dbf1f-28f7-448c-940c-90c3f3e0ddca"	"ny"	"702780"	"southwest of marietta"	38.25	-118.35	"united states"	"nevada"	"mineral co."	NA	NA	"fabaceae"	"psorothamnus"	"polydenius"	"polydenius"	"psorothamnus polydenius (torr. ex s.watson) rydb. var. polydenius"
"cb9ec2f0-6894-45d7-b616-86e7c5600912"	"ny"	"01343742"	"mccullough range, wash north of mccullough pass"	35.7581	-115.13365	"united states"	"nevada"	"clark co."	NA	NA	"fabaceae"	"psorothamnus"	"polydenius"	"polydenius"	"psorothamnus polydenius (torr. ex s.watson) rydb. var. polydenius"
"cd99aaf1-54d9-47cb-90ec-31fe8ace86fb"	"sd"	"sd46047"	"eureka valley to fish lake valley"	37.3665	-117.8127	"united states"	"california"	"inyo"	NA	1225	"fabaceae"	"psorothamnus"	"polydenius"	NA	"psorothamnus polydenius"
"d1fb8aae-fe47-4380-8461-6f71ba58a261"	"ny"	"702808"	"17 miles north of beatty"	37.1536	-116.7633	"united states"	"nevada"	"nye co."	NA	5000	"fabaceae"	"psorothamnus"	"polydenius"	"polydenius"	"psorothamnus polydenius (torr. ex s.watson) rydb. var. polydenius"
"d29a7d97-37ab-419d-802c-e6843d54624c"	"rsa"	"rsa782832"	"owens valley; just west of owens river, 1.5 mile ssw of laws, approx. 3 miles east of bishop"	37.3841666666667	-118.355555555556	"united states"	"california"	"inyo"	NA	NA	"fabaceae"	"psorothamnus"	"polydenius"	NA	"psorothamnus polydenius"
"d2b74d99-8ce6-493a-b06f-536060586a7f"	"ny"	"702819"	"carson plains, junction of rte 50 and graves drive (east of 50 and north of graves)"	39.28	-119.55	"united states"	"nevada"	"lyon co."	NA	NA	"fabaceae"	"psorothamnus"	"polydenius"	"polydenius"	"psorothamnus polydenius (torr. ex s.watson) rydb. var. polydenius"
"d2c208a9-5cd6-4bce-9670-9d9eb971e657"	"ny"	"702802"	"4 miles west of san antone, smoky valley"	38.7447	-117.1219	"united states"	"nevada"	"nye co."	NA	NA	"fabaceae"	"psorothamnus"	"polydenius"	"polydenius"	"psorothamnus polydenius (torr. ex s.watson) rydb. var. polydenius"
"d39891bf-f3c6-48f3-87ab-ea480ed40885"	"ds"	"ds97634"	"hills of the mojave desert, barstow"	34.9104	-117.0218	"united states"	"california"	"san bernardino"	NA	7000	"fabaceae"	"psorothamnus"	"polydenius"	NA	"psorothamnus polydenius"
"d5e4ea5f-e620-4199-9bfe-a438312d9990"	"uc"	"uc169584"	"laws near bishop"	37.4003	-118.3492	"united states"	"california"	"inyo"	NA	1000	"fabaceae"	"psorothamnus"	"polydenius"	NA	"psorothamnus polydenius"
"d6655218-0fbb-45d6-8d50-f6002f51c186"	"jeps"	"jeps41632"	"between paradise valley and calico mountains (mojave desert); mojave desert"	35.0823	-116.8489	"united states"	"california"	"san bernardino"	NA	5000	"fabaceae"	"psorothamnus"	"polydenius"	NA	"psorothamnus polydenius"
"d7b364fc-7468-47a3-b9d4-47f7223edf0a"	"ucr"	"ucr46613"	"sonoran (colorado) desert s side of orocopia mountains"	33.59583	-115.7875	"united states"	"california"	"riverside"	NA	NA	"fabaceae"	"psorothamnus"	"polydenius"	NA	"psorothamnus polydenius"
"d7dcb842-debe-4f34-a9f4-1d813aa4a59b"	"rsa"	"rsa247361"	"15 mi. s of big pine, owens valley."	36.9532	-118.2403	"united states"	"california"	"inyo"	NA	1000	"fabaceae"	"psorothamnus"	"polydenius"	NA	"psorothamnus polydenius"
"d81a77f0-db9f-4e37-9dd8-62b3b718f3ae"	"fsu"	"000074711"	"west side of green river airport."	38.9966052215	-110.701760729	"united states"	"utah"	"emery"	NA	NA	"fabaceae"	"psorothamnus"	"polydenius"	NA	"psorothamnus polydenius"
"da0ca5cb-ec9c-4ec6-8fb7-fc4ab9eba11f"	"uvsc"	"5309"	"3 miles n of castle cliff."	37.076666	-113.891111	"united states"	"utah"	"washington"	NA	1800	"fabaceae"	"psorothamnus"	"polydenius"	"polydenius"	"psorothamnus polydenius var. polydenius"
"da50d47f-c67c-4534-b93f-c4973dff8c0f"	"hsc"	"hsc63898"	"taboose cr."	37.0088	-118.3272	"united states"	"california"	"inyo"	NA	7500	"fabaceae"	"psorothamnus"	"polydenius"	NA	"psorothamnus polydenius"
"db984690-cf2e-487f-a80e-50dfbd36ee5c"	"rsa"	"rsa518458"	"15 mi. s of big pine, owens valley."	36.9532	-118.2403	"united states"	"california"	"inyo"	NA	1000	"fabaceae"	"psorothamnus"	"polydenius"	NA	"psorothamnus polydenius"
"dcb5a42f-ce61-426c-b567-852c2bc5a368"	"rsa"	"rsa195999"	"owens valley: between highway 395 and tinemaha dam."	37.0528	-118.2289	"united states"	"california"	"inyo"	NA	900	"fabaceae"	"psorothamnus"	"polydenius"	NA	"psorothamnus polydenius"
"debc0445-0e1b-44a4-991b-85dee14d42c6"	"ucr"	"ucr234772"	"eastern sierra nevada mtns./owens valley about 3 miles north of big pine, 1 mile east of hwy 395 along a poleline road north of klondike lake"	37.22167	-118.31278	"united states"	"california"	"inyo"	NA	100	"fabaceae"	"psorothamnus"	"polydenius"	NA	"psorothamnus polydenius"
"defa11d8-ba8f-4561-8ac2-d8267c558631"	"ny"	"702783"	"north of schurz, us 95, 2½ road miles north of where walker river crosses highway"	38.99	-118.8	"united states"	"nevada"	"mineral co."	NA	NA	"fabaceae"	"psorothamnus"	"polydenius"	"polydenius"	"psorothamnus polydenius (torr. ex s.watson) rydb. var. polydenius"
"e0581be4-eab6-4035-b7d5-8c7bfd76f1b4"	"sd"	"sd126629"	"south edge of fort irwin military training center, northeast of barstow."	35.1292	-116.795	"united states"	"california"	"san bernardino"	NA	1000	"fabaceae"	"psorothamnus"	"polydenius"	NA	"psorothamnus polydenius"
"e0cf2981-5308-4785-9e08-ee2559764ae7"	"rsa"	"rsa616334"	"owens valley: between highway 395 and tinemaha dam."	37.0528	-118.2289	"united states"	"california"	"inyo"	NA	900	"fabaceae"	"psorothamnus"	"polydenius"	"polydenius"	"psorothamnus polydenius var. polydenius"
"e0eaa029-9f99-4498-a1d9-15eccb4d010c"	"jotr"	"jotr1071"	"jotr joshua tree national park: ruby lee mill site"	33.8379	-115.826	"united states"	"california"	"riverside"	NA	320	"fabaceae"	"psorothamnus"	"polydenius"	NA	"psorothamnus polydenius"
"e109d975-4194-4d1a-b697-5787e328f121"	"ucsb"	"ucsb70517"	"fish slough; a desert wetland system 4.5 mi. north of bishop at the northern end of owens valley; study site includes 14 sq. mi. along a 7 mi. drainage axis; 0.8 miles s of rocked-in-spring on e side of slough"	37.491667	-118.38333	"united states"	"california"	"mono"	NA	NA	"fabaceae"	"psorothamnus"	"polydenius"	NA	"psorothamnus polydenius"
"e12e1426-7f01-48cf-8357-c516e3628ab0"	"ucsb"	"ucsb53353"	"fish slough; a desert wetland system 4.5 mi. north of bishop at the northern end of owens valley; study site includes 14 sq. mi. along a 7 mi. drainage axis; 15 m. east of blm spring, east of fence"	37.491667	-118.38333	"united states"	"california"	"mono"	NA	NA	"fabaceae"	"psorothamnus"	"polydenius"	NA	"psorothamnus polydenius"
"e1512a36-7689-4e9a-b8e8-a3e2c877e74a"	"rsa"	"rsa718882"	"appx. 3 mi. ne of coyote lake. near dirt road to ft. irwin."	35.1094444444444	-116.7125	"united states"	"california"	"san bernardino"	NA	NA	"fabaceae"	"psorothamnus"	"polydenius"	NA	"psorothamnus polydenius"
"e1828f9a-9ecd-40f5-8f41-0c5dcef34172"	"ny"	"702828"	"1.5 miles southwest of welcome spring, 20 miles due west of st. george, slopes above beaver dam wash"	37.09	-113.95	"united states"	"utah"	"washington co."	NA	NA	"fabaceae"	"psorothamnus"	"polydenius"	"polydenius"	"psorothamnus polydenius (torr. ex s.watson) rydb. var. polydenius"
"e21c41b8-8f38-4c77-b48e-dba25cb0f382"	"ny"	"702787"	"dry sandy flat between us 50 & lahontan reservoir ca. 2 miles northeast of silver springs"	39.42	-119.18	"united states"	"nevada"	"lyon co."	NA	NA	"fabaceae"	"psorothamnus"	"polydenius"	"polydenius"	"psorothamnus polydenius (torr. ex s.watson) rydb. var. polydenius"
"eb4c8f93-95ca-42c9-b482-c0895dc533d0"	"rsa"	"rsa619648"	"saline range, eureka valley: mouth of marble canyon."	37.1276	-117.8011	"united states"	"california"	"inyo"	NA	868	"fabaceae"	"psorothamnus"	"polydenius"	"polydenius"	"psorothamnus polydenius var. polydenius"
"edf6fde2-14ba-4edc-af93-acb70e011249"	"ucr"	"ucr44098"	"white mtns mouth of mcafee creek, 1.4 mi. 60&deg;e of red mountain, fishlake valley drainage."	37.6352	-118.0821	"united states"	"california"	"mono"	NA	798	"fabaceae"	"psorothamnus"	"polydenius"	NA	"psorothamnus polydenius"
"ee260276-6968-4af9-b907-9c74805fdd8b"	"rsa"	"rsa92339"	"north base of sand dunes at se end of eureka valley"	37.1032	-117.672	"united states"	"california"	"inyo"	NA	1416	"fabaceae"	"psorothamnus"	"polydenius"	NA	"psorothamnus polydenius"
"f0f53928-6bf4-44c5-9075-129b7da2e66c"	"rsa"	"rsa195998"	"owens valley: south of aberdeen, east of old highway."	36.9689	-118.2449	"united states"	"california"	"inyo"	NA	1300	"fabaceae"	"psorothamnus"	"polydenius"	NA	"psorothamnus polydenius"
"f16b34ba-5d7a-4674-b4bd-9fd27216a102"	"ucr"	"ucr19435"	"chidago canyon, [c. 17 miles nnw] of bishop"	37.60222	-118.48139	"united states"	"california"	"mono"	NA	10000	"fabaceae"	"psorothamnus"	"polydenius"	NA	"psorothamnus polydenius"
"f1e36228-3b5f-4bb1-a511-04fd74f22a9e"	"rsa"	"rsa775966"	"bessimer mine road, off of old woman springs road (hwy247), in rocky hills with ohv trails on w side of bessimer mine road, approximately 1.5 miles past soggy lake, last hills before road drops into extended valley."	34.49991	-116.66966	"united states"	"california"	"san bernardino"	NA	NA	"fabaceae"	"psorothamnus"	"polydenius"	NA	"psorothamnus polydenius"
"f303c513-5c4e-4a7d-839d-bca9afe9efb3"	"sbbg"	"sbbg10895"	"hwy 395 ca. 5 mi n of bishop"	37.376	-118.462	"united states"	"california"	"inyo"	NA	2000	"fabaceae"	"psorothamnus"	"polydenius"	NA	"psorothamnus polydenius"
"f350ffbb-c0b0-472b-a7c6-9b35ea98f3a9"	"ucr"	"ucr198204"	"northcentral mojave desert c. 3 mi northeast of coyote lake, near dirt road to ft. irwin"	35.10944	-116.7125	"united states"	"california"	"san bernardino"	NA	1000	"fabaceae"	"psorothamnus"	"polydenius"	NA	"psorothamnus polydenius"
"f5207f23-f45d-4347-ab43-a0756323f05c"	"sbbg"	"sbbg68030"	"between independence and big pine"	36.9838	-118.2347	"united states"	"california"	"inyo"	NA	19300	"fabaceae"	"psorothamnus"	"polydenius"	NA	"psorothamnus polydenius"
"f5240d52-6a22-4c32-a9f6-fe87a29b584b"	"fsu"	"000074712"	"beaverdam slope."	37.2817994719	-113.507723623	"united states"	"utah"	"washington"	NA	NA	"fabaceae"	"psorothamnus"	"polydenius"	NA	"psorothamnus polydenius"
"f58d1a56-b9bc-4a9f-ae0f-41bf96e24db3"	"uc"	"uc1399898"	"overlooking benton springs; overlooking benton springs"	37.7742326954177	-118.542054944068	"united states"	"california"	"mono"	NA	4950	"fabaceae"	"psorothamnus"	"polydenius"	NA	"psorothamnus polydenius"
"f82e1998-e0a9-4543-80ab-ac7ba1950431"	"rsa"	"rsa615436"	"east side of white mountains: 37&deg;22.4\'n, 117&deg;59.9\'w."	37.3733333333333	-117.998333333333	"united states"	"california"	"inyo"	NA	NA	"fabaceae"	"psorothamnus"	"polydenius"	NA	"psorothamnus polydenius"
"f89531df-9fea-48ad-9080-604cf4a58324"	"rsa"	"rsa346912"	"1.4 mile n 60&deg; of e of red mountain at mouth of mcafee creek, fishlake valley drainage."	37.6395	-118.0871	"united states"	"california"	"mono"	NA	700	"fabaceae"	"psorothamnus"	"polydenius"	NA	"psorothamnus polydenius"
"f8b385d4-970f-4f71-b553-3030bfb20f7d"	"ny"	"01343750"	"hidden valley, cottonwood mountains. utm 455520 me; 4061440m n"	36.6976	-117.4979	"united states"	"california"	"inyo co."	NA	NA	"fabaceae"	"psorothamnus"	"polydenius"	"polydenius"	"psorothamnus polydenius (torr. ex s.watson) rydb. var. polydenius"
"f9cee8ea-2a88-435f-9a80-047aa03b81d8"	"asu"	"asu0075261"	"on road to summit lake indian reservation from gerlach, 1 mile east of junction with nev."	40.7888	-119.2626	"united states"	"nevada"	"pershing county"	NA	1000	"fabaceae"	"psorothamnus"	"polydenius"	"polydenius"	"psorothamnus polydenius var. polydenius"
"fd1c7611-d4ec-4578-8f0b-314b2dd19f0f"	"sbbg"	"sbbg3317"	"near big pine"	37.1649306593585	-118.28893490419	"united states"	"california"	"inyo"	NA	2000	"fabaceae"	"psorothamnus"	"polydenius"	NA	"psorothamnus polydenius"
"ff489294-e40c-4e95-90ba-a363bccc37fc"	"rsa"	"rsa404240"	"bishop."	37.3642	-118.3937	"united states"	"california"	"inyo"	NA	6000	"fabaceae"	"psorothamnus"	"polydenius"	NA	"psorothamnus polydenius"
"ff594e87-0736-4e70-a62f-28f4772520a7"	"ny"	"702779"	"lahontan valley, swingle bench area, route 50 about 3/4 road mile west of junction with alt. 50"	39.51	-118.96	"united states"	"nevada"	"churchill co."	NA	NA	"fabaceae"	"psorothamnus"	"polydenius"	"polydenius"	"psorothamnus polydenius (torr. ex s.watson) rydb. var. polydenius"
