"038f437a-1c01-4758-928b-52029a448532"	"uconn"	"conn00146249"	"sunken forest"	40.65555	-73.11333	"united states"	"new york"	"suffolk county"	"sayville"	5000	"poaceae"	"spartina"	"patens"	NA	"spartina patens (aiton) muhl."
"06380314-f5ff-4fb1-a2d1-46dc23f59a63"	"uconn"	"conn00146202"	"milford: in dry sand on sea beach"	41.22222	-73.05638	"united states"	"connecticut"	"new haven county"	"milford"	5000	"poaceae"	"spartina"	"patens"	NA	"spartina patens (aiton) muhl."
"069d4f84-824e-4819-b42b-a861aaf25fac"	"lsu"	"lsu00123234"	"shoreline beach east of unit bathrooms and north of parking lot approaching eglin air force base boundary. zone 16, 540507 em, 3362754 nm."	30.3961	-86.5783	"united states"	"florida"	"okaloosa county"	NA	NA	"poaceae"	"spartina"	"patens"	NA	"spartina patens"
"083c05f3-1a35-4ab7-9c72-72cbeee2d03b"	"uconn"	"conn00146185"	"barn island wildlife management area"	41.33972	-71.8775	"united states"	"connecticut"	"new london county"	"stonington"	3	"poaceae"	"spartina"	"patens"	NA	"spartina patens (aiton) muhl."
"089195f8-eda5-426b-89a1-5b7974b94d53"	"lsu"	"lsu00123581"	"southwestern corner of ft pickens unit just south of fort walls in area mapped as being a large lagoon, but it appeared that hurricane dennis over wash had filled in lagoon and it was just a sandy beach with some marsh plants still surviving. zone 16, 471587 em, 3355022 nm."	30.3267	-87.2956	"united states"	"florida"	"escambia county"	NA	NA	"poaceae"	"spartina"	"patens"	NA	"spartina patens"
"0a599238-b0d3-470d-8aa3-c9bd972597f2"	"uconn"	"conn00146229"	"along the sinepuxent bay on the west side of assateague island"	38.25	-75.14416	"united states"	"maryland"	"worcester county"	"assateague island"	5000	"poaceae"	"spartina"	"patens"	NA	"spartina patens (aiton) muhl."
"0c9bcefe-9c32-4733-b971-9e5e933943db"	"lsu"	"lsu00099901"	"marsh island, marsh island refuge, beach between southwest pass and grosse isle point on sw side of island."	29.536	-91.966	"united states"	"louisiana"	"iberia parish"	NA	NA	"poaceae"	"spartina"	"patens"	NA	"spartina patens"
"0f15f5fd-fa24-4718-aa5b-45f29c87f814"	"fsu"	"000021647"	"beach on key largo."	25.5225161977	-81.043929801	"united states"	"florida"	"monroe"	NA	NA	"poaceae"	"spartina"	"patens"	NA	"spartina patens"
"0f662cba-545c-4711-bcf8-d0167825851b"	"uconn"	"conn00146203"	"neck river, madison: salt marsh south of neck river near canoe road"	41.33361	-72.65638	"united states"	"connecticut"	"new haven county"	"madison"	20000	"poaceae"	"spartina"	"patens"	NA	"spartina patens (aiton) muhl."
"0fd96afa-d698-42c7-b1e2-dcb602f0d271"	"uconn"	"conn00146234"	"old harbor, block island, new shoreham"	41.17444	-71.55694	"united states"	"rhode island"	"washington county"	"new shoreham, block island"	5000	"poaceae"	"spartina"	"patens"	NA	"spartina patens (aiton) muhl."
"1021b11e-8c85-4835-afe3-1012dbd283f6"	"uconn"	"conn00084393"	"bridgeport"	41.18638	-73.19611	"united states"	"connecticut"	"fairfield county"	"bridgeport"	20000	"poaceae"	"spartina"	"patens"	NA	"spartina patens (aiton) muhl."
"1031d027-0839-4031-8a7d-04417cdfcbcf"	"ypm"	"cbs.012705"	NA	41.274	-72.967	"united states"	"connecticut"	"new haven county"	"west haven"	5012	"poaceae"	"spartina"	"patens"	NA	"spartina patens"
"1157ea00-8d56-4f89-9080-43862770a093"	"uconn"	"conn00045112"	"barn island state hunting preserve: high marsh"	41.33972	-71.8775	"united states"	"connecticut"	"new london county"	"stonington"	5000	"poaceae"	"spartina"	"patens"	NA	"spartina patens (aiton) muhl."
"12390635-4938-4df1-8917-c6efafcaad65"	"uconn"	"conn00146258"	"fishers island"	41.27305	-71.98222	"united states"	"new york"	"suffolk county"	"southold"	20000	"poaceae"	"spartina"	"patens"	NA	"spartina patens (aiton) muhl."
"125f9669-e234-4122-98aa-372c6d981d79"	"uconn"	"conn00146264"	"watch hill: dune binder in low areas near brackish ponds behind beach dunes"	41.31361	-71.84972	"united states"	"rhode island"	"washington county"	"watch hill"	5000	"poaceae"	"spartina"	"patens"	NA	"spartina patens (aiton) muhl."
"13cd0a7e-a800-48a8-bdc7-a507febd6cce"	"uconn"	"conn00146193"	"guilford"	41.28888	-72.68166	"united states"	"connecticut"	"new haven county"	"guilford"	5000	"poaceae"	"spartina"	"patens"	NA	"spartina patens (aiton) muhl."
"161d426c-9be9-4f98-b893-26c1be983445"	"fsu"	"000043524"	"beside aucilla tram rd on e end of pinhook river bridge, 7.6 mi drive e of the lighthouse rd (rte 59)."	30.12793	-84.01885	"united states"	"florida"	"jefferson"	NA	NA	"poaceae"	"spartina"	"patens"	NA	"spartina patens"
"16458add-6832-4b5c-b0f8-ac94d5e17928"	"uconn"	"conn00146196"	"town beach off southport, fairfield"	41.13638	-73.28333	"united states"	"connecticut"	"fairfield county"	"southport"	5000	"poaceae"	"spartina"	"patens"	NA	"spartina patens (aiton) muhl."
"16515267-c901-408f-8624-aa4a837989ba"	"ypm"	"yu.054396"	"long wharf nature preserve"	41.3114	-72.9247	"united states"	"connecticut"	"new haven county"	"new haven"	7484	"poaceae"	"spartina"	"patens"	NA	"spartina patens"
"1680ed2d-9608-4dd9-a05a-1cea5523231c"	"ypm"	"cbs.012707"	"sandy marsh"	41.3708	-72.1475	"united states"	"connecticut"	"new london county"	"waterford"	8516	"poaceae"	"spartina"	"patens"	NA	"spartina patens"
"178cdee7-8360-4dc1-bc96-fb5e64ac7cce"	"uconn"	"conn00163945"	"lighthouse point, new haven"	41.31555	-72.09	"united states"	"connecticut"	"new haven county"	"new haven"	20000	"poaceae"	"spartina"	"patens"	NA	"spartina patens (aiton) muhl."
"17ac5303-292d-4c15-8a8c-4c87a5e7cf9b"	"uconn"	"conn00146188"	"sherwood point, westport"	41.14138	-73.35777	"united states"	"connecticut"	"fairfield county"	"westport"	5000	"poaceae"	"spartina"	"patens"	NA	"spartina patens (aiton) muhl."
"190fe044-1f7f-455d-9573-0ffd3d58b675"	"uconn"	"conn00045111"	"barn island state hunting preserve: near creek, back towards causeway"	41.33972	-71.8775	"united states"	"connecticut"	"new london county"	"stonington"	5000	"poaceae"	"spartina"	"patens"	NA	"spartina patens (aiton) muhl."
"1b01a490-be49-4438-8931-3c67e3fca0ff"	"ypm"	"cbs.012695"	"griswold point"	41.3219	-72.3017	"united states"	"connecticut"	"new london county"	"old lyme"	6188	"poaceae"	"spartina"	"patens"	NA	"spartina patens"
"1bbd4f1f-4570-48ac-aad1-34a0fdae6d37"	"fsu"	"000021650"	"at crescent beach"	29.76727	-81.266369	"united states"	"florida"	"st johns"	NA	NA	"poaceae"	"spartina"	"patens"	NA	"spartina patens"
"1c349d6f-0348-437f-9efa-46f1f4ff640a"	"uconn"	"conn00146262"	"rockport"	28.02055	-97.05444	"united states"	"texas"	"aransas county"	"rockport"	5000	"poaceae"	"spartina"	"patens"	NA	"spartina patens (aiton) muhl."
"1c42ebf7-a458-4a43-96a5-07d7be0a0ab3"	"uconn"	"conn00132151"	"chimon island, stewart b. mckinney national wildlife refuge"	41.06583	-73.39222	"united states"	"connecticut"	"fairfield county"	"norwalk"	1	"poaceae"	"spartina"	"patens"	NA	"spartina patens (aiton) muhl."
"1c967042-f1e5-4bcb-8cea-59792905c0e3"	"ku"	"342223"	"port aransas"	27.8183333	-97.0652778	"united states"	"texas"	"nueces"	NA	NA	"poaceae"	"spartina"	"patens"	NA	"spartina patens"
"1d44c2e1-4f7f-4c78-87f6-e2e24fde1949"	"uconn"	"conn00146214"	"salt marsh, near shell beach"	41.26264	-72.71498	"united states"	"connecticut"	"middlesex county"	"guilford"	5000	"poaceae"	"spartina"	"patens"	NA	"spartina patens var. patens (ait.) muhl"
"1e16582f-616f-4fe1-a52d-79f76714e069"	"ypm"	"cbs.012710"	"saybrook point"	41.3033	-72.3875	"united states"	"connecticut"	"middlesex county"	"old saybrook"	5362	"poaceae"	"spartina"	"patens"	NA	"spartina patens"
"222dc9e5-e75d-4569-9c4b-ff768c249685"	"utc"	"utc00203581"	"clifton (about 8 miles west of truro)  colchester county; on tidal marsh of coboquid bay."	45.35	-63.3333333	"canada"	"nova scotia"	"kings"	NA	NA	"poaceae"	"spartina"	"patens"	NA	"spartina patens"
"2237847d-e44b-48ba-968f-46d201ceb4ee"	"ttrs"	"ttrs_000002627"	"salt meadow grass. (b.&b.); near panacea point, wakulla co., fla. (sandy soil between road shoulder and salt-marsh slough.)"	30.1705652386	-84.4039437104	"united states"	"florida"	"wakulla"	NA	NA	"poaceae"	"spartina"	"patens"	NA	"spartina patens"
"22b1e430-0f01-4d98-a8de-b06aa1a7dd43"	"ypm"	"cbs.012694"	"salt marsh sixpenny island"	41.3622	-72.0286	"united states"	"connecticut"	"new london county"	"groton"	6806	"poaceae"	"spartina"	"patens"	NA	"spartina patens"
"2376111b-8f2e-4558-8e7f-3794a24277db"	"uconn"	"conn00146226"	"rye. saltmarsh at wallis sands, along rt. 1a"	43.01333	-70.77083	"united states"	"new hampshire"	"rockingham county"	"rye"	5000	"poaceae"	"spartina"	"patens"	NA	"spartina patens (aiton) muhl."
"24118b1f-5c7b-4de2-9718-7f6ac9548823"	"ypm"	"cbs.012699"	NA	41.2281	-73.059	"united states"	"connecticut"	"new haven county"	"milford"	7545	"poaceae"	"spartina"	"patens"	NA	"spartina patens"
"2634ced5-d2d8-440f-8ca0-8d0b362bad5a"	"uconn"	"conn00146232"	"tenants harbor"	43.96722	-69.20805	"united states"	"maine"	"knox county"	"tenants harbor"	5000	"poaceae"	"spartina"	"patens"	NA	"spartina patens (aiton) muhl."
"269631a9-f8ae-4642-be5d-1cd321ffff18"	"uconn"	"conn00146253"	"penobscot county"	45.25055	-68.66611	"united states"	"maine"	"penobscot county"	NA	20000	"poaceae"	"spartina"	"patens"	NA	"spartina patens (aiton) muhl."
"26ddb0ca-0420-4b8d-a8e6-efdac1d3ca49"	"uconn"	"conn00146221"	"bluff point"	41.31416	-72.03583	"united states"	"connecticut"	"new london county"	"groton"	5000	"poaceae"	"spartina"	"patens"	NA	"spartina patens (aiton) muhl."
"2765767c-bf8f-40bc-aea1-f85715b7c83d"	"fsu"	"000021123"	"near i-10 and near the escambia river."	30.541055	-87.199317	"united states"	"florida"	"santa rosa"	NA	NA	"poaceae"	"spartina"	"patens"	NA	"spartina patens"
"2b48ea8e-42f9-4e91-a21d-1ec22bb6fa1b"	"utc"	"utc00026228"	"city island"	40.8472222	-73.7869444	"united states"	"new york"	"bronx"	NA	NA	"poaceae"	"spartina"	"patens"	NA	"spartina patens"
"2b9c1562-56d6-4469-a38d-53d317c1c576"	"lsu"	"lsu00007349"	"carrion crow bayou hunting area of la land and exploration co. property."	29.3833333	-91.0166667	"united states"	"louisiana"	"terrebonne parish"	NA	NA	"poaceae"	"spartina"	"patens"	NA	"spartina patens"
"2c678764-ae3a-454b-be57-2955b3806401"	"ypm"	"cbs.012704"	"salt meadow"	41.2097	-73.1303	"united states"	"connecticut"	"fairfield county"	"stratford"	7094	"poaceae"	"spartina"	"patens"	NA	"spartina patens"
"2fb7e406-7cb6-4691-850a-bb12e45f4bc4"	"fsu"	"000021122"	"goose creek area, st. marks wildlife refuge."	30.1705652386	-84.4039437104	"united states"	"florida"	"wakulla"	NA	NA	"poaceae"	"spartina"	"patens"	NA	"spartina patens"
"302a8852-5da7-4fee-a515-f4c89440642c"	"ypm"	"cbs.012706"	"salt marsh"	41.2281	-73.0589	"united states"	"connecticut"	"new haven county"	"milford"	7545	"poaceae"	"spartina"	"patens"	NA	"spartina patens"
"3145bd0c-74e8-4740-9db8-928fea8c7fc1"	"utc"	"utc00257902"	"f.s.u. coastal marine lab. sand of upper beach strand just s of main compound."	29.91608	-84.51122	"united states"	"florida"	"franklin"	NA	NA	"poaceae"	"spartina"	"patens"	NA	"spartina patens"
"33543223-c2d9-4132-a444-7e2a17b93120"	"ypm"	"cbs.012708"	"border of salt marsh"	41.3622	-72.0286	"united states"	"connecticut"	"new london county"	"groton"	6806	"poaceae"	"spartina"	"patens"	NA	"spartina patens"
"358a9a94-7954-4c79-b308-9e079d32a9f9"	"ny"	"02064745"	"town of grasonville, kent narrows, at the end of kent narrows way south"	38.96908	-76.24533	"united states"	"maryland"	"queen annes co."	NA	NA	"poaceae"	"spartina"	"patens"	NA	"spartina patens (aiton) muhl."
"35962f9a-2935-4fab-8abe-056683920915"	"ny"	"02331780"	"town of saxis, saxis wildlife management area, along hammock road, growing in salt marsh"	37.912169	-75.682733	"united states"	"virginia"	"accomack co."	NA	NA	"poaceae"	"spartina"	"patens"	NA	"spartina patens (aiton) muhl."
"393ea17c-bede-40ce-9c12-98fbcded71ec"	"uconn"	"conn00146187"	"on route 154, fenwick"	41.27138	-72.35472	"united states"	"connecticut"	"middlesex county"	"old saybrook"	1	"poaceae"	"spartina"	"patens"	NA	"spartina patens (aiton) muhl."
"3c71ec06-4966-46ce-8084-0873891b3182"	"fsu"	"000021642"	"cresent beach."	29.769245	-81.266825	"united states"	"florida"	"st johns"	NA	NA	"poaceae"	"spartina"	"patens"	NA	"spartina patens"
"3ca5649a-c166-44d1-9107-08dd74235077"	"uconn"	"conn00162865"	"provincelands | wood end"	42.07444	-70.185	"united states"	"massachusetts"	"barnstable county"	"provincetown"	5000	"poaceae"	"spartina"	"patens"	NA	"spartina patens (aiton) muhl."
"3cf590f9-809b-41c2-8e6b-c4a77bb2f28d"	"uconn"	"conn00146256"	"sandy beach, n. end of block island"	41.19166	-71.575	"united states"	"rhode island"	"washington county"	"block island"	20000	"poaceae"	"spartina"	"patens"	NA	"spartina patens (aiton) muhl."
"3d96c5ac-cd3d-4dba-8878-c07d4dcba073"	"fsu"	"000021115"	"cape st. george island (little st. george island); near sikes cut on e end of island."	29.8901467164	-84.7996653584	"united states"	"florida"	"franklin"	NA	NA	"poaceae"	"spartina"	"patens"	NA	"spartina patens"
"3fc933ff-b1c3-4156-9b9d-3aa3065a5df2"	"uconn"	"conn00146227"	"rye. saltmarsh at wallis sands, along rt. 1a"	43.01333	-70.77083	"united states"	"new hampshire"	"rockingham county"	"rye"	5000	"poaceae"	"spartina"	"patens"	NA	"spartina patens (aiton) muhl."
"3fe8294e-ac80-4f52-af53-566a6f02becd"	"uconn"	"conn00146244"	"misquamicut state beach"	41.32361	-71.80277	"united states"	"rhode island"	"washington county"	"westerly"	5000	"poaceae"	"spartina"	"patens"	NA	"spartina patens (aiton) muhl."
"4064bf4c-a998-4341-b0fd-eeb8248d8598"	"uconn"	"conn00146219"	"barn island wildlife management area: tidal marsh flats"	41.33972	-71.8775	"united states"	"connecticut"	"new london county"	"stonington"	3	"poaceae"	"spartina"	"patens"	NA	"spartina patens (aiton) muhl."
"41ef924f-e5ea-4f8b-9f04-8c5f35f6f891"	"uconn"	"conn00146181"	"eastern point"	41.31972	-72.07555	"united states"	"connecticut"	"new london county"	"groton"	1	"poaceae"	"spartina"	"patens"	NA	"spartina patens (aiton) muhl."
"4382d362-b636-4bb1-adb2-d39fb197084b"	"uconn"	"conn00042913"	"haddam state park"	41.48	-72.50805	"united states"	"connecticut"	"middlesex county"	"haddam"	5000	"poaceae"	"spartina"	"patens"	NA	"spartina patens (aiton) muhl."
"44f45ce1-f803-4c79-ba21-7adb8355ef55"	"ypm"	"yu.070011"	NA	41.407	-72.9316	"united states"	"connecticut"	"new haven county"	NA	37206	"poaceae"	"spartina"	"patens"	NA	"spartina patens"
"4556dc17-f1bb-4c30-a771-f492a69dab26"	"uconn"	"conn00146200"	"barn island wildlife management area"	41.33972	-71.8775	"united states"	"connecticut"	"new london county"	"stonington"	3	"poaceae"	"spartina"	"patens"	NA	"spartina patens (aiton) muhl."
"471000fd-2c8b-4b78-ba26-ba3d435a93bf"	"fsu"	"000021108"	"alligator harbor."	29.8901467164	-84.7996653584	"united states"	"florida"	"franklin"	NA	NA	"poaceae"	"spartina"	"patens"	NA	"spartina patens"
"480145a2-8456-4d79-9939-fdfda43ee66b"	"fsu"	"000021109"	"macdill afb, along e side of penisula, along new golf course."	27.82868716	-82.47876065	"united states"	"florida"	"hillsborough"	NA	NA	"poaceae"	"spartina"	"patens"	NA	"spartina patens"
"495c435b-ac00-4c53-bbba-92cfd3955239"	"uconn"	"conn00046253"	"boat launch, barn island"	41.33972	-71.8775	"united states"	"connecticut"	"new london county"	"stonington"	5000	"poaceae"	"spartina"	"patens"	NA	"spartina patens (aiton) muhl."
"4b1a17dc-3ab0-4e25-9a8d-2bd568fc8258"	"uconn"	"conn00146215"	"bluff point"	41.31416	-72.03583	"united states"	"connecticut"	"new london county"	"groton"	5000	"poaceae"	"spartina"	"patens"	NA	"spartina patens (aiton) muhl."
"4c1c208c-1288-4a84-ace5-e170e7e9ee6f"	"ypm"	"cbs.012699"	NA	41.2281	-73.059	"united states"	"connecticut"	"new haven county"	"milford"	7545	"poaceae"	"spartina"	"patens"	NA	"spartina patens"
"4c4f9761-c55c-488b-9867-83bc0429e863"	"ypm"	"cbs.012701"	NA	41.1185	-73.4227	"united states"	"connecticut"	"fairfield county"	"norwalk"	8052	"poaceae"	"spartina"	"patens"	NA	"spartina patens"
"4e561be8-5068-44d0-ab3b-1e27a31c70f9"	"uconn"	"conn00163887"	"coast guard beach"	41.84305	-69.94527	"united states"	"massachusetts"	"barnstable county"	"orleans"	5000	"poaceae"	"spartina"	"patens"	NA	"spartina patens (aiton) muhl."
"4ec672e7-3a82-4c8a-8938-836cc698ba60"	"uconn"	"conn00146255"	"whalehouse point: high salt marsh (middle reaches)"	40.71511	-72.93427	"united states"	"new york"	"suffolk county"	"brookhaven"	1	"poaceae"	"spartina"	"patens"	NA	"spartina patens (aiton) muhl."
"4fe7d178-60fa-4586-97d2-53e29b847443"	"ypm"	"cbs.012709"	"milford point"	41.2281	-73.0589	"united states"	"connecticut"	"new haven county"	"milford"	7545	"poaceae"	"spartina"	"patens"	NA	"spartina patens"
"5121e3cf-1d9c-461e-8a6c-fd1de1cb9ee1"	"fsu"	"000021649"	"amelia island."	30.628477	-81.446547	"united states"	"florida"	"nassau"	NA	NA	"poaceae"	"spartina"	"patens"	NA	"spartina patens"
"513d04bd-439d-498d-aced-266d1bf3542b"	"uconn"	"conn00146235"	"old harbor, block island, new shoreham"	41.17444	-71.55694	"united states"	"rhode island"	"washington county"	"new shoreham, block island"	5000	"poaceae"	"spartina"	"patens"	NA	"spartina patens (aiton) muhl."
"52c13a1c-f4c5-4443-bc3f-3c1e20ebf3bd"	"uconn"	"conn00146245"	"seabrook"	42.88722	-70.86138	"united states"	"new hampshire"	"rockingham county"	"seabrook"	20000	"poaceae"	"spartina"	"patens"	NA	"spartina patens (aiton) muhl."
"53694cee-6c01-4e97-ba41-a29b898728d2"	"uconn"	"conn00146247"	"fishers island"	41.27305	-71.98166	"united states"	"new york"	"suffolk county"	"fishers island"	5000	"poaceae"	"spartina"	"patens"	NA	"spartina patens (aiton) muhl."
"538e567a-d70f-44a6-9bae-b67392480876"	"utc"	"utc00203582"	"charlottetown  queens county  cnr yards at harbour."	46.2166667	-63.1333333	"canada"	"prince edward island"	"queens"	NA	NA	"poaceae"	"spartina"	"patens"	NA	"spartina patens"
"55b265cb-2c53-410f-bb70-2b6ce5c30687"	"uconn"	"conn00146263"	"newburyport"	42.8125	-70.87722	"united states"	"massachusetts"	"essex county"	"newburyport"	5000	"poaceae"	"spartina"	"patens"	NA	"spartina x caespitosa a.a. eaton"
"58fe8802-9397-4f21-a843-c2b9eff46fef"	"fsu"	"000021641"	"fred gannon rocky bayou state recreation area (just e of niceville); by the camping area."	30.49593951	-86.4182389	"united states"	"florida"	"okaloosa"	NA	NA	"poaceae"	"spartina"	"patens"	NA	"spartina patens"
"598fb8f0-af84-4287-b594-35f3b175be40"	"uconn"	"conn00178799"	"little boars head"	42.95805	-70.77611	"united states"	"new hampshire"	"rockingham county"	"hampton beach"	5000	"poaceae"	"spartina"	"patens"	NA	"spartina patens (aiton) muhl."
"5bce9ae5-de6a-4159-b84c-213e204fe6cf"	"cmc"	"cmc00007647"	"highway 635 backwater marsh of lake manatee, parrish."	27.762333	-82.418617	"united states"	"florida"	"hillsborough"	NA	NA	"poaceae"	"spartina"	"patens"	NA	"spartina patens"
"5cc825e5-fc94-47e2-bccd-d453d52e7686"	"ttrs"	"ttrs_000002628"	"slash pine flatwoods along edge of salt marsh, st. george island."	29.8901467164	-84.7996653584	"united states"	"florida"	"franklin"	NA	NA	"poaceae"	"spartina"	"patens"	NA	"spartina patens"
"5f14bc44-ea4d-4e3c-9df8-32b6a395da4d"	"uconn"	"conn00144771"	"freeport, cisco bay?"	43.85694	-70.10305	"united states"	"maine"	"cumberland county"	"freeport"	5000	"poaceae"	"spartina"	"patens"	NA	"spartina patens (aiton) muhl."
"612fc277-47cc-4133-9ddc-e0897f5d4c4c"	"uconn"	"conn00146205"	"sherwood island: dry beach sand on island"	41.11472	-73.33083	"united states"	"connecticut"	"fairfield county"	"westport"	5000	"poaceae"	"spartina"	"patens"	NA	"spartina patens (aiton) muhl."
"61859ae9-48f9-4f82-bd17-b5593156c6d8"	"uconn"	"conn00146184"	"morgan point. large empty lot off of souht end rd."	41.2425	-72.89388	"united states"	"connecticut"	"new haven county"	"east haven"	5000	"poaceae"	"spartina"	"patens"	NA	"spartina patens (aiton) muhl."
"61efc0c2-ff87-4faf-a96f-fc06f1328b07"	"uam"	"249984"	"lunenberg county, heckman's island"	44.38211	-64.24648	"canada"	"nova scotia"	"lunenburg county"	NA	1	"poaceae"	"spartina"	"patens"	NA	"spartina patens"
"62eb04ef-7c75-4c5d-a3b8-99cfdde2bc9a"	"utc"	"utc00001853"	"salt marsh  green island"	31.898	-81.082	"united states"	"georgia"	"chatham"	NA	NA	"poaceae"	"spartina"	"patens"	NA	"spartina patens"
"63d774e2-bcf6-4b91-b328-df8138d6799f"	"ypm"	"cbs.012702"	"border of salt marsh"	41.1186	-73.4228	"united states"	"connecticut"	"fairfield county"	"norwalk"	8052	"poaceae"	"spartina"	"patens"	NA	"spartina patens"
"63f656e9-6752-4f55-9036-a27e1baf5ec1"	"lsu"	"lsu00132618"	"big branch marsh national wildlife refuge, goose point fire management unit. along muriel rd at north edge of big branch marsh national wildlife refuge."	30.289	-89.960167	"united states"	"louisiana"	"st. tammany parish"	NA	NA	"poaceae"	"spartina"	"patens"	NA	"spartina patens"
"64c18840-3ea7-4f0c-9dab-9ed2eb97b6b5"	"uconn"	"conn00146207"	"black rock park. at edge of sand bank overlooking creek. bridgeport"	41.15861	-73.22527	"united states"	"connecticut"	"fairfield county"	"bridgeport"	5000	"poaceae"	"spartina"	"patens"	NA	"spartina patens var. patens (ait.) muhl"
"65c6023d-1e43-49f8-9d73-45f15cce1f78"	"fsu"	"000021110"	"swannee"	29.6109734821	-83.1576993962	"united states"	"florida"	"dixie"	NA	NA	"poaceae"	"spartina"	"patens"	NA	"spartina patens"
"661e694b-e52e-452c-9824-b0af98e375c6"	"uconn"	"conn00135067"	"ram island"	44.13416	-68.6125	"united states"	"maine"	"hancock county"	NA	20000	"poaceae"	"spartina"	"patens"	NA	"spartina patens (aiton) muhl."
"67bf8cc1-3b7e-4d55-a5af-07d7ec9b2f69"	"uconn"	"conn00146260"	"old harbor, block island, new shoreham"	41.17444	-71.55694	"united states"	"rhode island"	"washington county"	"new shoreham, block island"	5000	"poaceae"	"spartina"	"patens"	NA	"spartina patens (aiton) muhl."
"67eb4369-c4ea-48a7-9225-6315194bcca9"	"ttrs"	"ttrs_000002626"	"6 mi. sw carrabelle,franklin co.,fla (high on beach in dry sand)"	29.8901467164	-84.7996653584	"united states"	"florida"	"franklin"	NA	NA	"poaceae"	"spartina"	"patens"	NA	"spartina patens"
"681f0171-359a-4c92-996b-0e0f1c9e14a3"	"fsu"	"000021646"	"north side of cedar key."	29.143894	-83.032374	"united states"	"florida"	"levy"	NA	NA	"poaceae"	"spartina"	"patens"	NA	"spartina patens"
"688da198-68f7-4832-b829-10c85b0c9eb4"	"uconn"	"conn00146199"	"barn island wildlife management area: side road leading out over marsh to island (this road about 200 yards above beach where boats are launched). in sandy soil. road fill above marsh about 3-4 feet."	41.33972	-71.8775	"united states"	"connecticut"	"new london county"	"stonington"	3	"poaceae"	"spartina"	"patens"	NA	"spartina patens var. patens (ait.) muhl"
"6e9fb229-0776-4b3a-8808-5eb79771f491"	"ypm"	"cbs.012700"	"salt marsh"	41.2281	-73.0589	"united states"	"connecticut"	"new haven county"	"milford"	7545	"poaceae"	"spartina"	"patens"	NA	"spartina patens"
"701c74f6-7797-4b5c-8a4d-53f24a1b4402"	"uconn"	"conn00146212"	"black rock"	41.15861	-73.22527	"united states"	"connecticut"	"fairfield county"	"bridgeport"	5000	"poaceae"	"spartina"	"patens"	NA	"spartina patens (aiton) muhl."
"70d8299d-1273-483f-a7c6-f68ecef6e4d7"	"uconn"	"conn00146252"	"neponset river, quincy"	42.28416	-71.03972	"united states"	"massachusetts"	"norfolk county"	"quincy"	20000	"poaceae"	"spartina"	"patens"	NA	"spartina patens (aiton) muhl."
"71c61855-9baf-4c1f-87b9-dbc7becc453f"	"fsu"	"000028641"	"st. mark's wildlife refuge (panacea unit); beside road at wakulla beach boat landing."	30.10539	-84.26147	"united states"	"florida"	"wakulla"	NA	NA	"poaceae"	"spartina"	"patens"	NA	"spartina patens"
"728de70a-c5c5-47e3-bd8b-a9f6794fc8ce"	"ypm"	"cbs.012703"	NA	41.2826	-73.0272	"united states"	"connecticut"	"new haven county"	"orange"	5205	"poaceae"	"spartina"	"patens"	NA	"spartina patens"
"73271e50-28a2-4c14-8a0c-315c8063e050"	"ttrs"	"ttrs_000002629"	"growing on higher ground beyond beach barrier- not as salt tolerant as s. alturniflora. found with iva and lycium, st. marks wildlife refuge."	30.1705652386	-84.4039437104	"united states"	"florida"	"wakulla"	NA	NA	"poaceae"	"spartina"	"patens"	NA	"spartina patens"
"736561c5-c9b5-4950-8b50-075bbdf33fec"	"lsu"	"lsu00122200"	"beach dunes on south shore directly south of ft massachusetts. zone 16, 310189.91 em, 3343483.85 nm."	30.2081	-88.9719	"united states"	"mississippi"	"harrison county"	NA	NA	"poaceae"	"spartina"	"patens"	NA	"spartina patens"
"742d6ff8-033b-4962-a39b-bab72c0a83f8"	"lsu"	"lsu00119452"	"se slidell, shore of lake pontchartrain, property bound by north diversion canal to the north, east diversion canal to the east, lakeshore boulevard to the south, and open land to the west. waypoint 104, site 1, plant 2."	30.2333333	-89.7588333	"united states"	"louisiana"	"st. tammany parish"	NA	NA	"poaceae"	"spartina"	"patens"	NA	"spartina patens"
"769bd539-9805-4c0a-8420-5210cda717cb"	"fsu"	"000021121"	"7 miles north of st. marks lighthouse near road 59."	30.1705652386	-84.4039437104	"united states"	"florida"	"wakulla"	NA	NA	"poaceae"	"spartina"	"patens"	NA	"spartina patens"
"76a2dd4c-f1a0-4f14-b3f7-e1a6c39a7c68"	"ttrs"	"ttrs_000002630"	"in clumps, on slightly elevated hummocks in brackish marsh, st. marks wildfire refuge."	30.1705652386	-84.4039437104	"united states"	"florida"	"wakulla"	NA	NA	"poaceae"	"spartina"	"patens"	NA	"spartina patens"
"7707b4ac-ad7e-4900-9831-2eceef50eb76"	"uconn"	"conn00146206"	"griswold point, old lyme"	41.27916	-72.33	"united states"	"connecticut"	"new london county"	"old lyme"	5000	"poaceae"	"spartina"	"patens"	NA	"spartina patens (aiton) muhl."
"77420318-e0ec-4e0e-833f-12cd13f481ca"	"fsu"	"000043523"	"gulf of mexico at indian pass beach."	29.9535037234	-85.2240496732	"united states"	"florida"	"gulf"	NA	NA	"poaceae"	"spartina"	"patens"	NA	"spartina patens"
"777934e8-a2e7-4765-b063-6d14863700ea"	"ypm"	"yu.054419"	"branford and guilford, yale university peabody museum natural area. (richards property)"	41.2858	-72.7986	"united states"	"connecticut"	"new haven county"	"branford"	6620	"poaceae"	"spartina"	"patens"	NA	"spartina patens"
"783cbeed-730e-4fcd-a0ae-fb9da86613bb"	"ypm"	"cbs.012701"	NA	41.1185	-73.4227	"united states"	"connecticut"	"fairfield county"	"norwalk"	8052	"poaceae"	"spartina"	"patens"	NA	"spartina patens"
"7a367a79-40f1-4331-8e26-ecdcae8e35df"	"uconn"	"conn00146237"	"cambridge"	42.375	-71.10555	"united states"	"massachusetts"	"middlesex county"	"cambridge"	5000	"poaceae"	"spartina"	"patens"	NA	"spartina patens (aiton) muhl."
"7a410737-6189-4124-bd90-8dabcbbf7342"	"ypm"	"yu.054397"	"long wharf nature preserve"	41.3114	-72.9247	"united states"	"connecticut"	"new haven county"	"new haven"	7484	"poaceae"	"spartina"	"patens"	NA	"spartina patens"
"7ab3c547-54f9-4797-a909-15ae5dda725d"	"fsu"	"000025169"	"st. mark's nat'l wildlife refuge (wakulla unit); at terminus of rd 209."	30.116	-84.27425	"united states"	"florida"	"wakulla"	NA	NA	"poaceae"	"spartina"	"patens"	NA	"spartina patens"
"7ad61a5c-887a-4873-b6be-d3def726fbac"	"uconn"	"conn00146211"	"east lyme: watts. is., ne side, salt marsh grass flats"	41.35305	-72.23	"united states"	"connecticut"	"new london county"	"east lyme"	20000	"poaceae"	"spartina"	"patens"	NA	"spartina patens (aiton) muhl."
"7b1116b1-c5c9-4b20-a56f-6a8d718cf248"	"fsu"	"000021639"	"facing johnson bayou of west bay, ca. 2.5 air mi nw of lynn haven."	30.25773647	-85.71598304	"united states"	"florida"	"bay"	NA	NA	"poaceae"	"spartina"	"patens"	NA	"spartina patens"
"7e9947bd-fe03-455b-b2d2-f35e7eb17e62"	"utc"	"utc00198508"	"la pocatiere  kamouraska county."	47.3666667	-70	"canada"	"quebec"	"sherbrooke"	NA	NA	"poaceae"	"spartina"	"patens"	NA	"spartina patens"
"7f18d445-d9c5-4b2e-8c08-acdf742931da"	"uconn"	"conn00146254"	"menemsha bight: sandy shore of harbor"	41.35277	-70.77916	"united states"	"massachusetts"	"dukes county"	"martha's vineyard"	5000	"poaceae"	"spartina"	"patens"	NA	"spartina patens (aiton) muhl."
"7f6e9ff0-57fc-4dab-a829-acb4533fd8cb"	"uconn"	"conn00146197"	"barn island wildlife management area"	41.33972	-71.8775	"united states"	"connecticut"	"new london county"	"stonington"	3	"poaceae"	"spartina"	"patens"	NA	"spartina patens (aiton) muhl."
"83a3d864-d5c2-4861-9eda-5f61e05340f2"	"uconn"	"conn00146228"	"fishers island"	41.27305	-71.98166	"united states"	"new york"	"suffolk county"	"fishers island"	5000	"poaceae"	"spartina"	"patens"	NA	"spartina patens (aiton) muhl."
"856f5a14-31f3-4546-b514-18693eaa82e9"	"fsu"	"000021120"	"near adams beach."	30.0477035671	-83.6025813593	"united states"	"florida"	"taylor"	NA	NA	"poaceae"	"spartina"	"patens"	NA	"spartina patens"
"86824573-f9c6-4d82-a3b7-1bfae7768de4"	"lsu"	"lsu00122303"	"higher relief dunes among slash pine near mid-island along north shore. zone 16, 318212.14 em, 3346734.3 nm."	30.2386	-88.8892	"united states"	"mississippi"	"harrison county"	NA	NA	"poaceae"	"spartina"	"patens"	NA	"spartina patens"
"86a4e59e-a6af-4c6f-97ba-53069dc2e0d8"	"fsu"	"000021652"	"drake wilson island."	29.8901467164	-84.7996653584	"united states"	"florida"	"franklin"	NA	NA	"poaceae"	"spartina"	"patens"	NA	"spartina patens"
"8755b43c-5b2e-4e64-bb90-aa642b0dd647"	"uconn"	"conn00146218"	"barn island wildlife management area: boating area"	41.33972	-71.8775	"united states"	"connecticut"	"new london county"	"stonington"	3	"poaceae"	"spartina"	"patens"	NA	"spartina patens (aiton) muhl."
"877de58a-8b9a-4475-b2ff-3e2554a32291"	"ypm"	"cbs.012703"	NA	41.2826	-73.0272	"united states"	"connecticut"	"new haven county"	"orange"	5205	"poaceae"	"spartina"	"patens"	NA	"spartina patens"
"8b893253-ebbd-4a24-b615-b5b39492f6df"	"uconn"	"conn00146238"	"north scituate"	41.83166	-71.58722	"united states"	"rhode island"	"providence county"	"scituate"	5000	"poaceae"	"spartina"	"patens"	NA	"spartina patens (aiton) muhl."
"8d5fcdc0-2560-4d83-9894-34d1f940c3a9"	"fsu"	"000021107"	"mexico beach."	30.3051535579	-85.6255312669	"united states"	"florida"	"bay"	NA	NA	"poaceae"	"spartina"	"patens"	NA	"spartina patens"
"8eb7d409-75ff-4237-b0ef-0e8c349cf3a5"	"ypm"	"cbs.012698"	"edge salt marsh"	41.3622	-72.0286	"united states"	"connecticut"	"new london county"	"groton"	6806	"poaceae"	"spartina"	"patens"	NA	"spartina patens"
"90d6691c-d9ab-4a99-9675-86eb0db72c06"	"ypm"	"cbs.012697"	"sixpenny island"	41.3622	-72.0286	"united states"	"connecticut"	"new london county"	"groton"	6806	"poaceae"	"spartina"	"patens"	NA	"spartina patens"
"9220b6b7-9627-481c-b647-46362a296af9"	"utc"	"utc00135315"	"along the beach at surfside."	28.9433333	-95.2902778	"united states"	"texas"	"brazoria"	NA	NA	"poaceae"	"spartina"	"patens"	NA	"spartina patens"
"928c05fe-ed19-4699-aaad-e5fbfc3938a7"	"lsu"	"lsu00057231"	"private property/brackish marsh approximately 5 air miles sse of reggio. area accessible only by boat."	29.777	-89.7411667	"united states"	"louisiana"	"st. bernard parish"	NA	NA	"poaceae"	"spartina"	"patens"	NA	"spartina patens"
"9740789f-15eb-4db8-a74f-0c89af64f700"	"fsu"	"000021648"	"on saint vincent's island."	29.8901467164	-84.7996653584	"united states"	"florida"	"franklin"	NA	NA	"poaceae"	"spartina"	"patens"	NA	"spartina patens"
"9780f4ed-6cc5-401a-ab60-f3dee695ec3b"	"fsu"	"000021119"	"dog island."	29.8901467164	-84.7996653584	"united states"	"florida"	"franklin"	NA	NA	"poaceae"	"spartina"	"patens"	NA	"spartina patens"
"97cc026a-ef6e-474d-8d8d-0e69f0082c3f"	"fsu"	"000021114"	"st. george island, dr. julian g. bruce state park."	29.8901467164	-84.7996653584	"united states"	"florida"	"franklin"	NA	NA	"poaceae"	"spartina"	"patens"	NA	"spartina patens"
"98fee929-7d25-4c8d-8d62-3d9a39740747"	"lsu"	"lsu00133433"	"big branch marsh national wildlife refuge, planche mossier units j-k."	30.266167	-89.909833	"united states"	"louisiana"	"st. tammany parish"	NA	NA	"poaceae"	"spartina"	"patens"	NA	"spartina patens"
"9a8e571b-46ac-4d9b-9c71-531cf1a0493a"	"lsu"	"lsu00061883"	"grand terre island, along beach on gulf side of island just e of ldwf marine lab."	29.2761111	-89.9369444	"united states"	"louisiana"	"jefferson parish"	NA	NA	"poaceae"	"spartina"	"patens"	NA	"spartina patens"
"9b96f3d0-9603-4e14-9960-a4365415d80d"	"uconn"	"conn00146198"	"connecticut river"	41.38888	-72.39472	"united states"	"connecticut"	"new london county"	"lyme"	20000	"poaceae"	"spartina"	"patens"	NA	"spartina patens (aiton) muhl."
"9ddaf4ed-b769-4d3c-8692-dfb1a11fffa1"	"lsu"	"lsu00097642"	"marsh island, marsh island refuge, shoreline just e of mound point and mouth of oyster bayou."	29.478	-91.818	"united states"	"louisiana"	"iberia parish"	NA	NA	"poaceae"	"spartina"	"patens"	NA	"spartina patens"
"9f5c20e0-20e6-4492-8d37-35b5c7aadc31"	"lsu"	"lsu00044225"	"collected off of la 27 in the water by the east side of gibbstown bridge on a small access road, south of the intercoastal waterway."	29.9325	-93.0786667	"united states"	"louisiana"	"cameron parish"	NA	NA	"poaceae"	"spartina"	"patens"	NA	"spartina patens"
"a10807c6-be9e-412f-9040-6e525237210e"	"fsu"	"000021113"	"vicinity of steinhatchee."	30.0477035671	-83.6025813593	"united states"	"florida"	"taylor"	NA	NA	"poaceae"	"spartina"	"patens"	NA	"spartina patens"
"a273c537-0458-4a1a-b3f0-c0f3dcd916d9"	"uconn"	"conn00146217"	"stamford: (fairfield ave.) mobaco shipyard. sand periodically inundated with salt water of sound"	41.09666	-73.55277	"united states"	"connecticut"	"fairfield county"	"stamford"	20000	"poaceae"	"spartina"	"patens"	NA	"spartina patens var. patens (ait.) muhl"
"a34ac925-f091-4a2c-ad7b-5957d7a36171"	"uconn"	"conn00146216"	"west haven: 1300 ft. s. of w.h. shipyard. in wet dark sand on beach"	41.27055	-72.94694	"united states"	"connecticut"	"new haven county"	"west haven"	5000	"poaceae"	"spartina"	"patens"	NA	"spartina patens var. patens (ait.) muhl"
"a4415716-f757-41a1-9cc6-d7e1cd1fc8fe"	"uconn"	"conn00146222"	"hammonassett state park: meig's point"	41.265	-72.55638	"united states"	"connecticut"	"new haven county"	"madison"	20000	"poaceae"	"spartina"	"patens"	NA	"spartina patens (aiton) muhl."
"a464daf2-cc1f-447c-99c1-f7c67a16fd14"	"uconn"	"conn00146192"	"branford"	41.27944	-72.815	"united states"	"connecticut"	"new haven county"	"branford"	5000	"poaceae"	"spartina"	"patens"	NA	"spartina patens (aiton) muhl."
"a6178e8e-cca9-4b62-b720-8516e0f8dfd8"	"fsu"	"000021644"	"along highway route 24, 1.2 miles northeast of cedar key."	29.3236005267	-82.736533564	"united states"	"florida"	"levy"	NA	NA	"poaceae"	"spartina"	"patens"	NA	"spartina patens"
"a6c68ba9-cc74-43af-992c-0c02fbed1b96"	"fsu"	"000021111"	"santa rosa island, 3 miles west of destin."	30.393468	-86.546319	"united states"	"florida"	"okaloosa"	NA	NA	"poaceae"	"spartina"	"patens"	NA	"spartina patens"
"a8c7baa7-2310-450b-8284-18e1b7d31eff"	"uconn"	"conn00146111"	"bluff hill cove near galilee"	41.37666	-71.51361	"united states"	"rhode island"	"washington county"	"galilee"	1	"poaceae"	"spartina"	"patens"	NA	"spartina alterniflora loisel."
"a9388336-46ae-4f08-bd10-8baf1f0911a2"	"uconn"	"conn00146182"	"on sherwood is., westport"	41.14138	-73.35777	"united states"	"connecticut"	"fairfield county"	"westport"	5000	"poaceae"	"spartina"	"patens"	NA	"spartina patens (aiton) muhl."
"aa1032a2-05e4-4541-be02-0a95785bc314"	"uconn"	"conn00164204"	"martha's vineyard"	41.41666	-70.61666	"united states"	"massachusetts"	"dukes county"	NA	NA	"poaceae"	"spartina"	"patens"	NA	"spartina patens (aiton) muhl."
"aa40058e-918a-4757-a834-ce7d3c30f962"	"uconn"	"conn00146239"	"atlantic beach, westerly"	41.3775	-71.82722	"united states"	"rhode island"	"washington county"	"westerly"	5000	"poaceae"	"spartina"	"patens"	NA	"spartina patens (aiton) muhl."
"aae1d85f-6d2a-44c3-a885-1e177fb76df1"	"uconn"	"conn00146246"	"vineyard haven"	41.45416	-70.60416	"united states"	"massachusetts"	"dukes county"	"tisbury"	20000	"poaceae"	"spartina"	"patens"	NA	"spartina patens (aiton) muhl."
"ab9ed628-5f29-4161-8a38-64fdfd1de454"	"fsu"	"000021645"	"none."	29.142057	-83.025679	"united states"	"florida"	"levy"	NA	NA	"poaceae"	"spartina"	"patens"	NA	"spartina patens"
"abcc1357-a110-47e3-8822-5a2b983711f5"	"uconn"	"conn00045099"	"barn island state hunting preserve: high marsh, near upland border"	41.33972	-71.8775	"united states"	"connecticut"	"new london county"	"stonington"	5000	"poaceae"	"spartina"	"patens"	NA	"spartina patens (aiton) muhl."
"ad8d3251-7c17-48ea-b79a-02a25071d5ed"	"uconn"	"conn00146242"	"portsmouth"	36.83555	-76.29833	"united states"	"virginia"	"portsmouth city"	"portsmouth"	5000	"poaceae"	"spartina"	"patens"	NA	"spartina patens (aiton) muhl."
"aebce043-b17b-41f0-bb79-46ec1078bfd0"	"uconn"	"conn00042912"	"massachusetts"	42.36666	-71.93333	"united states"	"massachusetts"	NA	NA	NA	"poaceae"	"spartina"	"patens"	NA	"spartina patens (aiton) muhl."
"af1e33cc-fa62-452e-a9cd-353ffc241c24"	"uconn"	"conn00146250"	"fishers island"	41.27305	-71.98222	"united states"	"new york"	"suffolk county"	"southold"	20000	"poaceae"	"spartina"	"patens"	NA	"spartina patens (aiton) muhl."
"b1f4cc08-d61b-45f6-b69f-a2b331c293b7"	"lsu"	"lsu00135315"	"site is near the south end of jim erbelding road about 0.85 mi s of la 82, gulf beach hwy; about 13 miles w and s of the jct. of la 27 x la 82; low dunes near gulf of mexico;"	29.750591	-93.663795	"united states"	"louisiana"	"cameron parish"	NA	NA	"poaceae"	"spartina"	"patens"	NA	"spartina patens"
"b3c9babb-d566-461e-b992-77b3cda19812"	"ttrs"	"ttrs_000002631"	"sand spit.   john h. phipps preserve,alligator point."	29.8901467164	-84.7996653584	"united states"	"florida"	"franklin"	NA	NA	"poaceae"	"spartina"	"patens"	NA	"spartina patens"
"b4554ed7-0568-475d-9361-55465856a399"	"uconn"	"conn00085278"	"sapelo island. mud river salt marsh located on northwest end of island"	31.4775	-81.24166	"united states"	"georgia"	"mcintosh county"	NA	5000	"poaceae"	"spartina"	"patens"	NA	"spartina patens (aiton) muhl."
"b60c217b-5729-40f3-993e-e7eb2f59086c"	"flas"	"231057"	NA	29.4320833	-81.1324167	"united states"	"florida"	"flagler"	NA	NA	"poaceae"	"spartina"	"patens"	NA	"spartina patens"
"b704338a-6725-4b86-a3e6-5b934e1671fc"	"lsu"	"lsu00122111"	"western portions of the island off of park property (when site visited it was thought this portion of the island was within the park. it was latter learned that this area was actually outside the boundary. zone 16, 493619 em, 3357079 nm."	30.3456	-87.0664	"united states"	"florida"	"escambia county"	NA	NA	"poaceae"	"spartina"	"patens"	NA	"spartina patens"
"b7705008-c9dd-4d75-a9c5-83d3a8e3496a"	"ypm"	"yu.070011"	NA	41.407	-72.9316	"united states"	"connecticut"	"new haven county"	"new haven"	37206	"poaceae"	"spartina"	"patens"	NA	"spartina patens"
"b77d66ed-5aac-4281-b4b9-e77a1b0b739f"	"uconn"	"conn00146189"	"sherwood island, westport"	41.14138	-73.35777	"united states"	"connecticut"	"fairfield county"	"westport"	5000	"poaceae"	"spartina"	"patens"	NA	"spartina patens (aiton) muhl."
"b79a1147-6f5c-4c86-bb77-cc7502b04a25"	"uconn"	"conn00146223"	"noank: salt marsh between noank and mystic"	41.32777	-71.99055	"united states"	"connecticut"	"new london county"	"groton"	20000	"poaceae"	"spartina"	"patens"	NA	"spartina patens (aiton) muhl."
"b85e3eb1-20a9-4c4f-b9be-f293b67f8dbf"	"lsu"	"lsu00056743"	"along la 3090, roadside, 0.8 miles north of port fourchon water tower."	29.1332167	-90.18755	"united states"	"louisiana"	"lafourche parish"	NA	NA	"poaceae"	"spartina"	"patens"	NA	"spartina patens"
"b901c45c-ede5-4f2a-b310-69b3564f8a04"	"uconn"	"conn00078000"	"barn island state hunting preserve: high marsh, near upland border"	41.33972	-71.8775	"united states"	"connecticut"	"new london county"	"stonington"	5000	"poaceae"	"spartina"	"patens"	NA	"spartina patens (aiton) muhl."
"b95faeff-80e7-4fe2-b401-d50cb0ec3ba5"	"uconn"	"conn00146201"	"barn island wildlife management area:"	41.33972	-71.8775	"united states"	"connecticut"	"new london county"	"stonington"	3	"poaceae"	"spartina"	"patens"	NA	"spartina patens (aiton) muhl."
"ba463b22-8c5c-499e-9dfc-584fd1a37c16"	"lsu"	"lsu00122201"	"beach dunes on south shore directly south of ft massachusetts. zone 16, 310189.91 em, 3343483.85 nm."	30.2081	-88.9719	"united states"	"mississippi"	"harrison county"	NA	NA	"poaceae"	"spartina"	"patens"	NA	"spartina patens"
"bab8f669-76eb-43bb-9c9c-3cb781890536"	"uconn"	"conn00146183"	"1500 ft s of west haven shipyard"	41.27055	-72.94694	"united states"	"connecticut"	"new haven county"	"west haven"	5000	"poaceae"	"spartina"	"patens"	NA	"spartina patens (aiton) muhl."
"bb92338c-b75d-4ec8-a44e-289498028946"	"lsu"	"lsu00044229"	"collected along hwy 3090, south of its intersection with hwy 1, north of port fourchon."	29.1386667	-90.1841667	"united states"	"louisiana"	"lafourche parish"	NA	NA	"poaceae"	"spartina"	"patens"	NA	"spartina patens"
"bd3fa1b9-7206-4282-af9a-81ab20829296"	"uconn"	"conn00144402"	"lordship (russian) beach, stratford"	41.15138	-73.11833	"united states"	"connecticut"	"fairfield county"	"stratford, lordship"	5000	"poaceae"	"spartina"	"patens"	NA	"spartina patens (aiton) muhl."
"c02e0ccb-f700-4d02-9617-0e2bd091d21c"	"fsu"	"000021118"	"inland edges of juncus salt marshes along bayside of east end."	29.8901467164	-84.7996653584	"united states"	"florida"	"franklin"	NA	NA	"poaceae"	"spartina"	"patens"	NA	"spartina patens"
"c09687ee-1974-4ce2-af1c-f8cfad069c8a"	"fsu"	"000021117"	"santa rosa island, 2 miles east of pensacola beach."	30.7067721526	-87.3802596242	"united states"	"florida"	"escambia"	NA	NA	"poaceae"	"spartina"	"patens"	NA	"spartina patens"
"c19f4ed9-ee7b-415d-9767-3e012bc0058c"	"lsu"	"lsu00056419"	"rockefeller wildlife management area and game preserve, price lake road, 1.8 miles south of the intersection of price lake road and la 82."	29.7055	-92.8321167	"united states"	"louisiana"	"cameron parish"	NA	NA	"poaceae"	"spartina"	"patens"	NA	"spartina patens"
"c8c5269d-eda2-487f-934e-f558c6612436"	"fsu"	"000021651"	"vicinity of ozello."	28.852545297	-82.4598962775	"united states"	"florida"	"citrus"	NA	NA	"poaceae"	"spartina"	"patens"	NA	"spartina patens"
"c94bd2da-11cd-4a5c-b3e8-56a33e588687"	"uconn"	"conn00146209"	NA	41.29444	-72.52805	"united states"	"connecticut"	"middlesex county"	"clinton"	5000	"poaceae"	"spartina"	"patens"	NA	"spartina patens (aiton) muhl."
"c9a059fa-bc8b-471f-966d-dc33a89a7c2e"	"uconn"	"conn00146230"	"tisbury"	41.45	-70.61611	"united states"	"massachusetts"	"dukes county"	"vineyard haven"	5000	"poaceae"	"spartina"	"patens"	NA	"spartina patens (aiton) muhl."
"ca5fba00-ce0e-4ed4-b7a6-3257a424fe48"	"fsu"	"000059857"	"upper beach strand just s of main compound (f.s.u. coastal marine lab)."	29.91608	-84.51122	"united states"	"florida"	"franklin"	NA	NA	"poaceae"	"spartina"	"patens"	NA	"spartina patens"
"cd588192-0082-4402-b02c-2829f2b26845"	"uconn"	"conn00146240"	"fishers island"	41.27305	-71.98166	"united states"	"new york"	"suffolk county"	"fishers island"	5000	"poaceae"	"spartina"	"patens"	NA	"spartina patens (aiton) muhl."
"ce72ef7d-ae46-4028-9b14-6de5d3a19545"	"uconn"	"conn00146233"	"portsmouth"	43.05805	-70.7825	"united states"	"new hampshire"	"rockingham county"	"portsmouth"	5000	"poaceae"	"spartina"	"patens"	NA	"spartina patens (aiton) muhl."
"cf08cb11-d36f-47b4-b39f-e007c30c97f2"	"uconn"	"conn00146261"	"nantucket: brackish marsh of creeks area"	41.28333	-70.16666	"united states"	"massachusetts"	"nantucket county"	"nantucket"	5000	"poaceae"	"spartina"	"patens"	NA	"spartina patens (aiton) muhl."
"d0f765e8-8bbd-4c57-a1b0-3ee02b6bd3df"	"flas"	"238570"	NA	41.3025	-72.2505	"united states"	"connecticut"	"new london"	NA	NA	"poaceae"	"spartina"	"patens"	NA	"spartina patens"
"d4ae667c-4c7e-4f57-8f31-d3bd0e503d7e"	"des"	"des00050634"	"rockport; beside rocky edge of fishing pier, unsubmerged in low tide."	28.02578	-97.0458	"united states"	"texas"	"aransas county"	NA	NA	"poaceae"	"spartina"	"patens"	NA	"spartina patens"
"d9ec5717-ff98-4215-901f-f9b837522234"	"fsu"	"000021653"	"1/4 mi. w of pace avenue bridge across bayou chico, pensacola."	30.7067721526	-87.3802596242	"united states"	"florida"	"escambia"	NA	NA	"poaceae"	"spartina"	"patens"	NA	"spartina patens"
"dae29abf-2018-49e9-a629-1e8d36ed7127"	"lsu"	"lsu00034442"	"big branch marsh nwr, boat launch at the end of la434 on the shore of lake ponchartrain."	30.2630556	-89.9575	"united states"	"louisiana"	"st. tammany parish"	NA	NA	"poaceae"	"spartina"	"patens"	NA	"spartina patens"
"deb73424-bb16-4f14-a139-97e085401a80"	"uconn"	"conn00146243"	"great sippewisset salt marsh"	41.5875	-70.64111	"united states"	"massachusetts"	"barnstable county"	"falmouth"	5000	"poaceae"	"spartina"	"patens"	NA	"spartina patens (aiton) muhl."
"df18d415-affd-4446-ac69-cb6bfeeaf9fa"	"uconn"	"conn00146236"	"manchester"	42.57777	-70.76888	"united states"	"massachusetts"	"essex county"	"manchester"	5000	"poaceae"	"spartina"	"patens"	NA	"spartina patens (aiton) muhl."
"df63ee0d-0881-4e2b-8c1b-dd472ec5d833"	"uconn"	"conn00146266"	"cape charles"	37.14916	-75.95777	"united states"	"virginia"	"northampton county"	NA	5000	"poaceae"	"spartina"	"patens"	NA	"spartina patens (aiton) muhl."
"dfb180a9-2847-44c9-923f-149fb99f1e33"	"lsu"	"lsu00122112"	"western portions of the island off of park property (when site visited it was thought this portion of the island was within the park. it was latter learned that this area was actually outside the boundary. zone 16, 493619 em, 3357079 nm."	30.3456	-87.0664	"united states"	"florida"	"escambia county"	NA	NA	"poaceae"	"spartina"	"patens"	NA	"spartina patens"
"e2cb2852-308c-44d2-87e6-98493579c530"	"fsu"	"000021640"	"vicinity of shell point."	30.1705652386	-84.4039437104	"united states"	"florida"	"wakulla"	NA	NA	"poaceae"	"spartina"	"patens"	NA	"spartina patens"
"e54e2444-13d4-416f-aabf-9b140a26d2e8"	"uconn"	"conn00077445"	"bristol"	43.92166	-69.49333	"united states"	"maine"	"lincoln county"	"bristol"	20000	"poaceae"	"spartina"	"patens"	NA	"spartina patens (aiton) muhl."
"e8bf2d22-429e-4172-ae00-92f603b32b13"	"utc"	"utc00144990"	"broadway and 27th st.  san leon."	29.4941667	-94.9558333	"united states"	"texas"	"galveston"	NA	NA	"poaceae"	"spartina"	"patens"	NA	"spartina patens"
"e9f308da-ae20-4163-8648-803cc19b4d87"	"fsu"	"000021116"	"cape st. george island; on bayside of island near marshall house."	29.8901467164	-84.7996653584	"united states"	"florida"	"franklin"	NA	NA	"poaceae"	"spartina"	"patens"	NA	"spartina patens"
"ea03e7f6-5d62-4dd9-ba3e-03bacf24b798"	"ypm"	"cbs.012696"	"stoney creek salt marsh"	41.2858	-72.7986	"united states"	"connecticut"	"new haven county"	"branford"	6620	"poaceae"	"spartina"	"patens"	NA	"spartina patens"
"ea32d8b8-c089-4dae-a954-5676346c51d5"	"lsu"	"lsu00122008"	"eastern edges of park with scattered slash pine. zone 16, 507687 em, 3360276 nm."	30.3744	-86.92	"united states"	"florida"	"escambia county"	NA	NA	"poaceae"	"spartina"	"patens"	NA	"spartina patens"
"eab6afd3-aa97-490c-abe2-504678affb43"	"uconn"	"conn00146204"	"groton"	41.35	-72.07833	"united states"	"connecticut"	"new london county"	"groton"	5000	"poaceae"	"spartina"	"patens"	NA	"spartina x caespitosa a.a. eaton"
"ed6df53f-38de-48e0-8d9a-582a324fe267"	"uconn"	"conn00048073"	"monomoy point"	41.54361	-70.00777	"united states"	"massachusetts"	"barnstable county"	"chatham"	5000	"poaceae"	"spartina"	"patens"	NA	"spartina patens (aiton) muhl."
"ed99bed4-bcc5-4c61-a3b7-a61b88b45834"	"fsu"	"000021112"	"north of dwelling near east end of st. vincent island."	29.8901467164	-84.7996653584	"united states"	"florida"	"franklin"	NA	NA	"poaceae"	"spartina"	"patens"	NA	"spartina patens"
"ef481580-dbde-42b1-a156-c3af1b2542c3"	"uconn"	"conn00146220"	"eastern point"	41.31972	-72.07555	"united states"	"connecticut"	"new london county"	"groton"	1	"poaceae"	"spartina"	"patens"	NA	"spartina patens (aiton) muhl."
"f006eff4-2802-4360-b63e-77836b5aec94"	"uconn"	"conn00045105"	"barn island state hunting preserve"	41.33972	-71.8775	"united states"	"connecticut"	"new london county"	"stonington"	5000	"poaceae"	"spartina"	"patens"	NA	"spartina patens (aiton) muhl."
"f090b561-09fb-435d-88a7-0abe7d0a0219"	"ypm"	"cbs.012711"	"salt marsh"	41.2825	-73.0272	"united states"	"connecticut"	"new haven county"	"orange"	5205	"poaceae"	"spartina"	"patens"	NA	"spartina patens"
"f14196d7-f8ab-42ef-b825-1e1c1b3c3c05"	"utc"	"utc00257903"	"f.s.u. coastal marine lab. sand of upper beach strand just s of main compound."	29.91608	-84.51122	"united states"	"florida"	"franklin"	NA	NA	"poaceae"	"spartina"	"patens"	NA	"spartina patens"
"f17441f5-98a0-4269-ae05-30d20c21eb77"	"uconn"	"conn00146248"	"portsmouth"	36.83555	-76.29833	"united states"	"virginia"	"portsmouth city"	"portsmouth"	5000	"poaceae"	"spartina"	"patens"	NA	"spartina patens (aiton) muhl."
"f1a0a110-2fdf-4bc8-8e73-6a14c1a2992a"	"lsu"	"lsu00114674"	"southern part of man-made island sw of south pass near port eads."	29.0144444	-89.1961111	"united states"	"louisiana"	"plaquemines parish"	NA	NA	"poaceae"	"spartina"	"patens"	NA	"spartina patens"
"f2518327-85d5-49a0-9e56-e701dd1294cc"	"lsu"	"lsu00123360"	"marsh and surrounding dunes to the east of battery cooper near southern coast and gulf of mexico . zone 16, 472927 em, 3354384 nm."	30.321	-87.2816	"united states"	"florida"	"escambia county"	NA	NA	"poaceae"	"spartina"	"patens"	NA	"spartina patens"
"f39a5420-eaf7-4d4d-ac11-8d7e5d6ee264"	"ills"	NA	"west beach drive, panama city. nad83"	36.17778	-90.13208	"united states"	"florida"	"bay"	NA	NA	"poaceae"	"spartina"	"patens"	NA	"spartina patens"
"f5c84174-6bba-4384-b8b2-cad5bd3f4def"	"uconn"	"conn00146186"	"barn island boating beach at end of road."	41.33972	-71.8775	"united states"	"connecticut"	"new london county"	"stonington"	3	"poaceae"	"spartina"	"patens"	NA	"spartina patens (aiton) muhl."
"f80b698c-c9ca-4ace-8544-c17766b9e802"	"uconn"	"conn00146194"	"groton"	41.35	-72.07833	"united states"	"connecticut"	"new london county"	"groton"	5000	"poaceae"	"spartina"	"patens"	NA	"spartina patens (aiton) muhl."
"f86dee77-e813-49a5-a622-608e8bf3f2db"	"fsu"	"000059856"	"upper beach strand just s of main compound."	29.91608	-84.51122	"united states"	"florida"	"franklin"	NA	NA	"poaceae"	"spartina"	"patens"	NA	"spartina patens"
"fa05fc73-cae1-4994-8b9f-764f97b1c3bc"	"fsu"	"000021643"	"causeway to pine island."	28.5519742583	-82.4193797031	"united states"	"florida"	"hernando"	NA	NA	"poaceae"	"spartina"	"patens"	NA	"spartina patens"
"fdd21e99-4e56-4ddf-8fb5-e68d26e20360"	"ypm"	"cbs.012705"	NA	41.274	-72.967	"united states"	"connecticut"	"new haven county"	"west haven"	5012	"poaceae"	"spartina"	"patens"	NA	"spartina patens"
"fe7abf68-3ea8-4fb2-a6eb-f7c54c42a74d"	"lsu"	"lsu00121641"	"grand terre island, se of fort livingston."	29.27286	-89.94463	"united states"	"louisiana"	"jefferson parish"	NA	NA	"poaceae"	"spartina"	"patens"	NA	"spartina patens"
"fe7d483b-d9aa-4597-893c-818af3fe828a"	"lsu"	"lsu00060693"	"holly beach, off la 27/82."	29.77	-93.461	"united states"	"louisiana"	"cameron parish"	NA	NA	"poaceae"	"spartina"	"patens"	NA	"spartina patens"
