"0000da33-2f19-4530-989d-8d0c1a3dc509"	"asc"	"87558"	"el morro national monument, on the north side of el morro rock"	35.0392869172588	-108.35315500038	"united states"	"new mexico"	"cibola"	NA	NA	"caprifoliaceae"	"symphoricarpos"	"oreophilus"	"utahensis"	"symphoricarpos oreophilus var. utahensis"
"0007fa4f-3bda-4eb9-8a30-f2f8197000b2"	"ut"	"ut0000992"	"wasatch-cache national forest; along bike trail below snowbasin ski resort."	41.2247	-111.8605	"united states"	"utah"	"weber"	NA	NA	"caprifoliaceae"	"symphoricarpos"	"oreophilus"	NA	"symphoricarpos oreophilus"
"002e9780-50c4-4185-a8f6-e4027d1eec69"	"utc"	"utc00256748"	"mt. nebo, bear canyon"	39.8045	-111.7233	"united states"	"utah"	"juab"	NA	1100	"caprifoliaceae"	"symphoricarpos"	"oreophilus"	NA	"symphoricarpos oreophilus"
"0119d7e3-d716-4533-935a-debccdf613d4"	"ny"	"1577364"	"dark canyon wilderness, dark canyon, within 1/2 mile west of lean-to canyon"	37.76917	-110.177	"united states"	"utah"	"san juan co."	NA	NA	"caprifoliaceae"	"symphoricarpos"	"oreophilus"	"parishii"	"symphoricarpos oreophilus var. parishii (rydb.) cronquist"
"01b079a4-ded1-44ba-baa3-10590e81976a"	"ny"	"1577416"	"west slope la sal mountains, pack creek drainage, la sal pass road"	38.43	-109.32	"united states"	"utah"	"san juan co."	NA	NA	"caprifoliaceae"	"symphoricarpos"	"oreophilus"	"utahensis"	"symphoricarpos oreophilus var. utahensis (rydb.) a.nelson"
"01e39da9-59ca-4631-800b-07ee30f9d190"	"ny"	"1577308"	"2 miles east of forest service boundary, chicken creek"	39.5237	-111.7572	"united states"	"utah"	"juab co."	NA	NA	"caprifoliaceae"	"symphoricarpos"	"oreophilus"	NA	"symphoricarpos oreophilus a.gray"
"03e80d5f-1f67-441c-8b03-00ffb05b48df"	"asc"	"28203"	"15 mi w kayenta"	36.727472	-110.5253	"united states"	"arizona"	"navajo county"	NA	NA	"caprifoliaceae"	"symphoricarpos"	"oreophilus"	"utahensis"	"symphoricarpos oreophilus var. utahensis"
"04247f72-0d95-4947-9a23-daa4abf14408"	"asc"	"44308"	"elden mountain; 1.0 mi s 20 deg e of little elden mountain summit on e slope"	35.2593	-111.5867	"united states"	"arizona"	"coconino county"	NA	1250	"caprifoliaceae"	"symphoricarpos"	"oreophilus"	NA	"symphoricarpos oreophilus"
"053d1396-af64-48d9-a577-6eb76893c820"	"uvsc"	"7455"	"raft river mountains, onemile creek, along onemile road (fr 005), ca. 1 road mile s of onemile guard station;"	41.940278	-113.473611	"united states"	"utah"	"box elder"	NA	1800	"caprifoliaceae"	"symphoricarpos"	"oreophilus"	"parishii"	"symphoricarpos oreophilus var. parishii"
"05818967-1d24-47b3-98c5-e2f3d2115ed4"	"asu"	NA	"horse thief basin"	34.161	-112.299	"united states"	"arizona"	"yavapai county"	NA	200	"caprifoliaceae"	"symphoricarpos"	"oreophilus"	NA	"symphoricarpos oreophilus"
"06aec766-c21c-410d-847a-ec0a28956492"	"asc"	"8870"	"roof butte, lukachukai mountains"	36.48444	-109.20306	"united states"	"arizona"	"apache county"	NA	NA	"caprifoliaceae"	"symphoricarpos"	"oreophilus"	NA	"symphoricarpos oreophilus"
"09d597e4-d457-42f0-bda1-03d1a3edbe44"	"utc"	"utc00259271"	"woods of buffalo river summer homes area w of hwy 20 in island park, targhee nat&apos;l forest."	44.40889	-111.3782	"united states"	"idaho"	"fremont"	NA	NA	"caprifoliaceae"	"symphoricarpos"	"oreophilus"	"utahensis"	"symphoricarpos oreophilus var. utahensis"
"09e7f914-263d-4c2e-8176-1588cad4ee5e"	"uvsc"	"1153"	"santaquin canyon, near tinney flat campground, ca. 12 km from santaquin."	39.900003	-111.733336	"united states"	"utah"	"utah"	NA	NA	"caprifoliaceae"	"symphoricarpos"	"oreophilus"	"oreophilus"	"symphoricarpos oreophilus var. oreophilus"
"0bed5fb2-0626-477c-adce-1ed4ae224bea"	"asu"	NA	"chiricahua national monument; totem canyon"	32.0044	-109.356	"united states"	"arizona"	"cochise county"	NA	NA	"caprifoliaceae"	"symphoricarpos"	"oreophilus"	NA	"symphoricarpos oreophilus"
"0c993f76-123f-47d1-8901-5f78062e621c"	"usuub"	"usuub006755"	"west beaver creek."	40.86722	-109.81917	"united states"	"utah"	"daggett"	NA	210	"caprifoliaceae"	"symphoricarpos"	"oreophilus"	NA	"symphoricarpos oreophilus"
"0dcc2b94-cc98-4471-9d05-98f53b120938"	"des"	"des00069845"	"grand canyon national park, so-called waterbirch canyon, a side canyon along emmett creek, just north of the old bright angel trail and bright angel canyon."	36.210032	-112.025637	"united states"	"arizona"	"coconino county"	NA	NA	"caprifoliaceae"	"symphoricarpos"	"oreophilus"	NA	"symphoricarpos oreophilus"
"0e02cb72-a912-437f-ad57-0844baf77b63"	"rsa"	"rsa437220"	"white mountains: canyon of n fork of chiatovich creek 2.8 miles n641/4e of mt. dubois summit. fishlake valley drainage."	37.8012	-118.3	"united states"	"california"	"mono"	NA	1000	"caprifoliaceae"	"symphoricarpos"	"oreophilus"	NA	"symphoricarpos oreophilus"
"0e27a4ee-5d07-4524-87ce-e9c484dfc9bf"	"des"	"des00051298"	"tonto national forest, peterson meadow; just ne of the meadow on s-facing slope; uphill from the aspen belt off fsrd 487 (on way to aztec peak)."	33.81638	-110.9202	"united states"	"arizona"	"gila county"	NA	NA	"caprifoliaceae"	"symphoricarpos"	"oreophilus"	"utahensis"	"symphoricarpos oreophilus var. utahensis"
"0f085f72-bfee-48bb-8f71-5ece98325423"	"rsa"	"rsa627019"	"cottonwood mountains: death valley drainage; hunter mountain; burned area below weather station."	36.5587	-117.4801	"united states"	"california"	"inyo"	NA	2200	"caprifoliaceae"	"symphoricarpos"	"oreophilus"	"utahensis"	"symphoricarpos oreophilus var. utahensis"
"0f2725cb-19a7-46e3-841b-e4a3cee68851"	"ny"	"1577452"	"jackson summit quad, jackson creek summit shortcut, along rattlesnake creek ~7 mi from hwy 95"	42.2286	-117.6403	"united states"	"oregon"	"malheur co."	NA	NA	"caprifoliaceae"	"symphoricarpos"	"oreophilus"	"utahensis"	"symphoricarpos oreophilus var. utahensis (rydb.) a.nelson"
"12468dc7-8c7b-4705-a4b5-5a66cd73fea7"	"des"	"des00026009"	"canyon of west salt creek: in box canyon 3 mi from mouth of main canyon; nw of mack."	39.396113	-108.978557	"united states"	"colorado"	"garfield"	NA	10000	"caprifoliaceae"	"symphoricarpos"	"oreophilus"	NA	"symphoricarpos oreophilus"
"129b79bb-a0f2-4c8e-b4aa-1565cb9c5036"	"asc"	"70966"	"agassiz peak, approx. 9 mi. n of flagstaff, az, coconino national forest; plot: ap-1333;"	35.313	-111.66612	"united states"	"arizona"	"coconino county"	NA	NA	"caprifoliaceae"	"symphoricarpos"	"oreophilus"	NA	"symphoricarpos oreophilus"
"12ff96c9-5978-44fc-a903-67b46eea8c16"	"ny"	"1577539"	"sc paunsaugunt-sevier; meadow canyon"	37.4058	-112.2499	"united states"	"utah"	"kane co."	NA	NA	"caprifoliaceae"	"symphoricarpos"	"oreophilus"	"utahensis"	"symphoricarpos oreophilus var. utahensis (rydb.) a.nelson"
"14d1c44a-a392-47c1-a486-5bc204cd328c"	"des"	"des00053334"	"grand canyon national park on east side of river in tatahatso canyon."	36.43455	-111.8516	"united states"	"arizona"	"coconino county"	NA	NA	"caprifoliaceae"	"symphoricarpos"	"oreophilus"	NA	"symphoricarpos oreophilus"
"14f1b843-0ba3-49d8-9d19-7296dbf8dad9"	"utc"	"utc00210832"	"cache national forest ; cache nat. for.; moutain dell canyon road  on us 65 n of turnoff to emigrant canyon."	40.7833333	-111.6847222	"united states"	"utah"	"salt lake"	NA	NA	"caprifoliaceae"	"symphoricarpos"	"oreophilus"	NA	"symphoricarpos oreophilus"
"163247a0-252d-4379-8082-f3f2acbefcc1"	"asc"	"59028"	"8 km n lukachukai, near wagon wheel campground, steep n-facing slope."	36.48899	-109.22806	"united states"	"arizona"	"apache county"	NA	NA	"caprifoliaceae"	"symphoricarpos"	"oreophilus"	NA	"symphoricarpos oreophilus"
"16e4c513-df05-4bfb-a3a9-8e2b5aa7b463"	"ny"	"1577403"	"owyhee river, cliffs and screes below cliffs across from iron point"	43.13	-117.67	"united states"	"oregon"	"malheur co."	NA	NA	"caprifoliaceae"	"symphoricarpos"	"oreophilus"	"utahensis"	"symphoricarpos oreophilus var. utahensis (rydb.) a.nelson"
"17482fbe-4d46-404f-abc6-70b4dbf67a39"	"ny"	"1577355"	"11.5 miles east of milford, granite mountain pass"	38.393786	-112.799622	"united states"	"utah"	"beaver co."	NA	NA	"caprifoliaceae"	"symphoricarpos"	"oreophilus"	NA	"symphoricarpos oreophilus a.gray"
"17615f27-072e-4c74-8fd0-94964ca4034c"	"uvsc"	"1560"	"aspen grove trail to stuart falls."	40.398055	-111.616388	"united states"	"utah"	"utah"	NA	1800	"caprifoliaceae"	"symphoricarpos"	"oreophilus"	"utahensis"	"symphoricarpos oreophilus var. utahensis"
"17d23562-1196-407c-b86c-184bbe1ce8cb"	"utc"	"utc00272088"	"bald mountain. climbed bald mountian ridges to shale slopes"	43.12964	-111.2361	"united states"	"idaho"	"caribou"	NA	NA	"caprifoliaceae"	"symphoricarpos"	"oreophilus"	NA	"symphoricarpos oreophilus"
"18b9f158-4dde-451e-8dbc-644b2abbd1cd"	"ny"	"1577385"	"0.5 mile s 80° w of county line hill summit near white mountain road, owens valley drainage"	37.4713	-118.1941	"united states"	"california"	"mono co."	NA	NA	"caprifoliaceae"	"symphoricarpos"	"oreophilus"	"utahensis"	"symphoricarpos oreophilus var. utahensis (rydb.) a.nelson"
"1908ff63-cc76-453e-a0bc-154e2bb1d19d"	"asc"	"101255"	"castle lake, north of swamp ridge"	36.341347	-112.303043	"united states"	"arizona"	"coconino county"	NA	NA	"caprifoliaceae"	"symphoricarpos"	"oreophilus"	NA	"symphoricarpos oreophilus"
"1bb1527f-9d2e-4a66-8b3f-a301c4c584f1"	"des"	"des00023681"	"ca. 1.5 mi below summerhaven, off mt. lemmon hwy. in unnamed picnic area. santa catalina mtns."	32.431549	-110.749299	"united states"	"arizona"	"pima"	NA	1855	"caprifoliaceae"	"symphoricarpos"	"oreophilus"	NA	"symphoricarpos oreophilus"
"1c29f02b-2633-4856-8598-4af9ca8bbaa5"	"asc"	"88145"	"el morro national monument, north side of el morro rock"	35.0392771810161	-102.351921595063	"united states"	"new mexico"	"cibola"	NA	NA	"caprifoliaceae"	"symphoricarpos"	"oreophilus"	"utahensis"	"symphoricarpos oreophilus var. utahensis"
"1cda0503-ffbf-42a9-a8b2-1324ff602f46"	"ny"	"1577486"	"spruce mountain"	40.5542	-114.8208	"united states"	"nevada"	"elko co."	NA	10000	"caprifoliaceae"	"symphoricarpos"	"oreophilus"	"utahensis"	"symphoricarpos oreophilus var. utahensis (rydb.) a.nelson"
"1ddff920-5222-43d2-8287-2c73c66760f6"	"ny"	"1920948"	"1/2 mi up cave draw from the bruneau river, about 6 mi below the put-in."	42.429	-115.6349	"united states"	"idaho"	"owyhee co."	NA	NA	"caprifoliaceae"	"symphoricarpos"	"oreophilus"	"utahensis"	"symphoricarpos oreophilus var. utahensis (rydb.) a.nelson"
"20eef99b-d67a-43de-af3c-d7b6df29177e"	"ny"	"1577443"	"granite range, upper meadows of the south fork of rock creek, about 1.6 km (1 mi) east of granite peak, 16 km (10 mi) air distance north-northwest of gerlach"	40.79	-119.42	"united states"	"nevada"	"washoe co."	NA	NA	"caprifoliaceae"	"symphoricarpos"	"oreophilus"	"utahensis"	"symphoricarpos oreophilus var. utahensis (rydb.) a.nelson"
"2198e5fb-1809-494b-a98b-1736ccb6996b"	"asu"	NA	"chiricahua mts, bar foot lookout"	31.914547	-109.273079	"united states"	"arizona"	"cochise"	NA	NA	"caprifoliaceae"	"symphoricarpos"	"oreophilus"	NA	"symphoricarpos oreophilus"
"2211e607-e2f7-4e77-a1ea-62ce3a063abe"	"asu"	NA	"above ski lodge on mount lemmon; coronado national forest; santa catalina mountains"	32.4345	-110.788	"united states"	"arizona"	"pima county"	NA	700	"caprifoliaceae"	"symphoricarpos"	"oreophilus"	NA	"symphoricarpos oreophilus"
"2239cdad-fc17-4066-ac2d-60dbc05fdf45"	"des"	"des00018413"	"spencer canyon campground, mt. lemmon hwy."	32.41667	-110.74	"united states"	"arizona"	"pima"	NA	799	"caprifoliaceae"	"symphoricarpos"	"oreophilus"	NA	"symphoricarpos oreophilus"
"22bcced2-8fef-4137-bd55-393951f95031"	"utc"	"utc00242486"	"blackfoot mountains, wolverine creek canyon, in the narrows, 11.3 km (7 mi) west of the summit."	43.2752778	-111.9633333	"united states"	"idaho"	"bingham"	NA	NA	"caprifoliaceae"	"symphoricarpos"	"oreophilus"	"utahensis"	"symphoricarpos oreophilus var. utahensis"
"24bdbf81-e9f5-42b8-9b72-c68ebbcb2a98"	"ny"	"1577362"	"wasatch-cache national forest, 500 yds south and above snow basin parking lot"	41.13	-111.86	"united states"	"utah"	"weber co."	NA	NA	"caprifoliaceae"	"symphoricarpos"	"oreophilus"	NA	"symphoricarpos oreophilus a.gray"
"28d1801b-7f4d-4839-9bf8-235cf7f3a256"	"utc"	"utc00216518"	"wasatch range  wellsville mts  east shore of mantua reservoir  north-facing slope of little knoll"	41.5002778	-111.9583333	"united states"	"utah"	"box elder"	NA	NA	"caprifoliaceae"	"symphoricarpos"	"oreophilus"	NA	"symphoricarpos oreophilus"
"29014986-558f-4b28-85de-0e2f34e498da"	"ny"	"1577339"	"basalt lava flow w of atomic city"	43.4176	-112.8862	"united states"	"idaho"	"bingham co."	NA	NA	"caprifoliaceae"	"symphoricarpos"	"oreophilus"	NA	"symphoricarpos oreophilus a.gray"
"2aa89eb0-c0da-4b78-b978-ac3898e1e5df"	"uvsc"	"14145"	"book cliffs, willow creek canyon, s side of u.s. highway 191, ca. 0.5 mile w of the mouth at the junction with u.s. highway 6;"	39.725533	-110.861083	"united states"	"utah"	"carbon"	NA	30	"caprifoliaceae"	"symphoricarpos"	"oreophilus"	NA	"symphoricarpos oreophilus"
"2bdd6bc0-814d-47d4-b723-f0e221ca1022"	"uvsc"	"823"	"off santaquin canyon road, 0.2 mi w of tinney flat campground."	39.901944	-111.719444	"united states"	"utah"	"utah"	NA	1800	"caprifoliaceae"	"symphoricarpos"	"oreophilus"	"utahensis"	"symphoricarpos oreophilus var. utahensis"
"2c2345a7-3ae3-4d98-af50-3dcb11a7eefb"	"des"	"des00023576"	"ca. 1.5 mi below summerhaven, off mt. lemmon hwy, santa catalina mountains."	32.432984	-110.750707	"united states"	"arizona"	"pima"	NA	390	"caprifoliaceae"	"symphoricarpos"	"oreophilus"	NA	"symphoricarpos oreophilus"
"2c4c88b2-eb88-47ba-905f-623c408bff2c"	"asu"	NA	"dragoon mountains, east drainage, below cochise peak, on road to soren pass. ca. 10 road miles west of old townsite of pearce."	31.9394	-109.981	"united states"	"arizona"	"cochise county"	NA	NA	"caprifoliaceae"	"symphoricarpos"	"oreophilus"	NA	"symphoricarpos oreophilus"
"2cb2b077-71e2-44d3-b6dc-0b5a90cf4411"	"asc"	"33836"	"kaibab national forest, north kaibab plateau, quaking aspen spring."	36.3738	-112.2792	"united states"	"arizona"	"coconino county"	NA	NA	"caprifoliaceae"	"symphoricarpos"	"oreophilus"	NA	"symphoricarpos oreophilus"
"2d8c9774-d083-416a-8610-44c05188e9ae"	"ny"	"1577441"	"southeast of enterprise reservoir. grassy creek"	37.5	-113.84	"united states"	"utah"	"washington co."	NA	NA	"caprifoliaceae"	"symphoricarpos"	"oreophilus"	"utahensis"	"symphoricarpos oreophilus var. utahensis (rydb.) a.nelson"
"2f54bde6-6c77-4b6e-91ea-1dd72368fa02"	"ny"	"1577431"	"egan range, near junction of upper and lower terrace roads, 13 km (8 mi) airline distance south-southwest of ely"	39.15	-114.98	"united states"	"nevada"	"white pine co."	NA	NA	"caprifoliaceae"	"symphoricarpos"	"oreophilus"	"utahensis"	"symphoricarpos oreophilus var. utahensis (rydb.) a.nelson"
"301e98dd-3678-479f-a6bd-70218d157ed9"	"asc"	"56925"	"coates mountain"	35.135833	-111.577778	"united states"	"arizona"	"coconino county"	NA	NA	"caprifoliaceae"	"symphoricarpos"	"oreophilus"	NA	"symphoricarpos oreophilus"
"319e9d74-e607-44f6-920f-9e2abf4234dc"	"ny"	"1577446"	"trout creek mountains, w fork oregon canyon"	42.26	-117.87	"united states"	"oregon"	"malheur co."	NA	NA	"caprifoliaceae"	"symphoricarpos"	"oreophilus"	"utahensis"	"symphoricarpos oreophilus var. utahensis (rydb.) a.nelson"
"31a9e340-331f-4707-93e6-71820e3b29bc"	"asc"	"26563"	"walnut canyon national monument; walnut canyon, w canyon half"	35.20194	-111.4225	"united states"	"arizona"	"coconino county"	NA	NA	"caprifoliaceae"	"symphoricarpos"	"oreophilus"	NA	"symphoricarpos oreophilus"
"320e2462-fefa-4ffa-b0d6-e59de7418ce6"	"asu"	NA	"colorado plateau: zion national park, little creek valley, e of kolob terrace road, ca 2.5 miles sw of kolob reservoir and 0.3 miles n of pocket mesa."	37.356124	-113.06821	"united states"	"utah"	"washington"	NA	NA	"caprifoliaceae"	"symphoricarpos"	"oreophilus"	"utahensis"	"symphoricarpos oreophilus var. utahensis"
"330ac973-4c6d-4e03-9d75-58eb1c2d7d3d"	"ny"	"1577458"	"drummond basin quad, growing at confluence of west little owyhee river and main owyhee river. upstream ca. 2½ air miles on the w. l. owyhee"	42.4133	-117.2117	"united states"	"oregon"	"malheur co."	NA	NA	"caprifoliaceae"	"symphoricarpos"	"oreophilus"	"utahensis"	"symphoricarpos oreophilus var. utahensis (rydb.) a.nelson"
"33699596-555b-4e0d-8b65-bffeddb381bf"	"asc"	"42078"	"abineau canyon, below spring; san francisco peaks"	35.3612	-111.6752	"united states"	"arizona"	"coconino county"	NA	1250	"caprifoliaceae"	"symphoricarpos"	"oreophilus"	NA	"symphoricarpos oreophilus"
"342bea66-93b4-4935-b7dd-d23e75173958"	"utc"	"utc00222705"	"caribou national forest ; north of preston on hwy 36  turn e at the jnct of hwy 36 + 34  turn e at mint creek and follow birch creek road approxim"	42.1961111	-111.6383333	"united states"	"idaho"	"franklin"	NA	NA	"caprifoliaceae"	"symphoricarpos"	"oreophilus"	NA	"symphoricarpos oreophilus"
"349973bb-e0a7-4e39-888f-bd1a720e1d81"	"enlc"	"enlc00716"	"north spring valley"	39.412107	-114.507274	"united states"	"nevada"	"white pine"	NA	60064	"caprifoliaceae"	"symphoricarpos"	"oreophilus"	NA	"symphoricarpos oreophilus"
"34faad4d-93ca-4922-9964-ea3c0eeb25ea"	"uvsc"	"3056"	"willis creek."	37.485555	-112.086388	"united states"	"utah"	"kane"	NA	1800	"caprifoliaceae"	"symphoricarpos"	"oreophilus"	"parishii"	"symphoricarpos oreophilus var. parishii"
"3586016f-7b35-49d8-b406-23e3edf3b775"	"asu"	NA	"pine crest"	34.3844	-111.454	"united states"	"arizona"	NA	NA	NA	"caprifoliaceae"	"symphoricarpos"	"oreophilus"	NA	"symphoricarpos oreophilus"
"36287d1d-b5c1-450c-b4c9-7ebc13ea890f"	"asc"	"89568"	"grand canyon national park; north rim; guinevere castle on protected northern slope below cliffs. nps-nvmp plot 93108. steep 38 deg. douglas fir slope, with mesic shrubs acer, ostrya, symphoricarpos, and mahonia below."	36.25991	-112.26356	"united states"	"arizona"	"coconino county"	NA	15	"caprifoliaceae"	"symphoricarpos"	"oreophilus"	"utahensis"	"symphoricarpos oreophilus var. utahensis"
"384fdd2f-33f6-4774-bf28-7615dd5e799e"	"ny"	"1577551"	"wasatch mountains, squaw pk, trail to provo pk. summit"	40.2148	-111.57227	"united states"	"utah"	"utah co."	NA	NA	"caprifoliaceae"	"symphoricarpos"	"oreophilus"	"utahensis"	"symphoricarpos oreophilus var. utahensis (rydb.) a.nelson"
"398ab893-f0dd-4c0e-b7d6-df3c6203d51a"	"ny"	"1577470"	"shoshone falls on snake river"	42.595	-114.3986	"united states"	"idaho"	"twin falls co."	NA	1000	"caprifoliaceae"	"symphoricarpos"	"oreophilus"	"utahensis"	"symphoricarpos oreophilus var. utahensis (rydb.) a.nelson"
"3a1d9dc2-4b63-4495-bb6f-a26afe1bfc77"	"des"	"des00016392"	"sc boulder, 4 mi due e of oak creek."	38.08518	-111.245795	"united states"	"utah"	"garfield"	NA	969	"caprifoliaceae"	"symphoricarpos"	"oreophilus"	NA	"symphoricarpos oreophilus"
"3bbbbc70-5075-4036-be04-92da348e45e7"	"asu"	"asu0020977"	"coconino co.: grand canyon, south rim, grandview, grand canyon national park"	35.96143	-111.955055	"united states"	"arizona"	"coconino co."	NA	500	"caprifoliaceae"	"symphoricarpos"	"oreophilus"	NA	"symphoricarpos oreophilus"
"3cb59d4f-bb8a-45de-8866-8195f21f763c"	"ny"	"1577397"	"atop the trout creek mts."	42.03	-118.27	"united states"	"oregon"	"harney co."	NA	NA	"caprifoliaceae"	"symphoricarpos"	"oreophilus"	"utahensis"	"symphoricarpos oreophilus var. utahensis (rydb.) a.nelson"
"3d362a6e-4687-40ce-80f8-e1b6cbe4d1f4"	"ny"	"1577288"	"uintah national forest along the white pine trail that runs along santaquin creek ca. 0.5 mile from trailhead."	39.89	-111.72	"united states"	"utah"	"utah co."	NA	NA	"caprifoliaceae"	"symphoricarpos"	"oreophilus"	NA	"symphoricarpos oreophilus a.gray"
"3d62cb16-733f-4d75-9a04-38a49eec6be3"	"enlc"	"enlc02310"	"near wells peak, ~8.6 miles northeast of wells, nv."	41.166334	-114.820842	"united states"	"nevada"	"elko"	NA	50	"caprifoliaceae"	"symphoricarpos"	"oreophilus"	"utahensis"	"symphoricarpos oreophilus var. utahensis"
"3f879f60-36fd-47f8-98df-6ea7eebe764c"	"ny"	"1577456"	"independence mountains, near big spring mine road, humboldt national forest"	41.5652	-115.8779	"united states"	"nevada"	"elko co."	NA	NA	"caprifoliaceae"	"symphoricarpos"	"oreophilus"	"utahensis"	"symphoricarpos oreophilus var. utahensis (rydb.) a.nelson"
"3fbf2a49-0ec5-401d-83ef-3041b85beb29"	"asc"	"99303"	"little spring near snake gulch."	36.629603	-112.585711	"united states"	"arizona"	"coconino county"	NA	NA	"caprifoliaceae"	"symphoricarpos"	"oreophilus"	"utahensis"	"symphoricarpos oreophilus var. utahensis"
"4029d552-10bf-4b3d-a8af-b8c836f10015"	"ny"	"1577459"	"pine ridge"	40.5726	-109.72865	"united states"	"utah"	"uintah co."	NA	NA	"caprifoliaceae"	"symphoricarpos"	"oreophilus"	"utahensis"	"symphoricarpos oreophilus var. utahensis (rydb.) a.nelson"
"41de4f8f-f18f-4b43-89fa-7b801915ac51"	"utc"	"utc00222706"	"caribou national forest ; north of preston on hwy 36  turn e at the jnct of hwy 36 + 34  turn e at mint creek and follow birch creek road approxim"	42.2122222	-111.6733333	"united states"	"idaho"	"franklin"	NA	NA	"caprifoliaceae"	"symphoricarpos"	"oreophilus"	NA	"symphoricarpos oreophilus"
"4311d519-0e7a-46d5-9a03-fb9dee743099"	"ny"	"1577503"	"war eagle canyon road, west side of shoshone range"	39.14	-117.56	"united states"	"nevada"	"lander co."	NA	NA	"caprifoliaceae"	"symphoricarpos"	"oreophilus"	"utahensis"	"symphoricarpos oreophilus var. utahensis (rydb.) a.nelson"
"43ba86c5-bd91-4064-8cd1-7922824a60f8"	"asu"	"287464"	"ca. 1 mi downstream from cambell's ranch in side canyon from the north; ca. 4.1 mi. southeast of paulden."	34.8806	-112.395531	"united states"	"arizona"	"yavapai county"	NA	NA	"caprifoliaceae"	"symphoricarpos"	"oreophilus"	NA	"symphoricarpos oreophilus"
"4421fc6d-8fb6-41c6-88ce-d186d185d9d6"	"ny"	"1577581"	"baker ranger station, 1 mile west of monticello"	37.872575	-109.369694	"united states"	"utah"	"san juan co."	NA	NA	"caprifoliaceae"	"symphoricarpos"	"oreophilus"	"utahensis"	"symphoricarpos oreophilus var. utahensis (rydb.) a.nelson"
"4444b987-f91e-4bde-ac84-bc4889b1d2ca"	"asc"	"77558"	"navajo nation, navajo mountain.  wargod spring"	37.0122659936432	-110.862305839332	"united states"	"utah"	"san juan county"	NA	NA	"caprifoliaceae"	"symphoricarpos"	"oreophilus"	NA	"symphoricarpos oreophilus"
"447eb8c1-5c27-4739-942f-3e2181a12376"	"usuub"	"usuub006739"	"whiterocks canyon."	40.58389	-109.90972	"united states"	"utah"	"uintah"	NA	1807	"caprifoliaceae"	"symphoricarpos"	"oreophilus"	NA	"symphoricarpos oreophilus"
"44895d87-da1e-4b72-9543-6c57f8344015"	"des"	"des00027311"	"baboquivari mts., baboquivari peak."	31.7762	-111.5981	"united states"	"arizona"	"pima"	NA	969	"caprifoliaceae"	"symphoricarpos"	"oreophilus"	NA	"symphoricarpos oreophilus"
"44940aa7-f346-4124-85e7-889fd48a4fc6"	"ny"	"1577395"	"twilight gulch"	42.928492	-116.786239	"united states"	"idaho"	"owyhee co."	NA	NA	"caprifoliaceae"	"symphoricarpos"	"oreophilus"	"utahensis"	"symphoricarpos oreophilus var. utahensis (rydb.) a.nelson"
"44da4072-ebdd-457a-8c27-7ed600e9413d"	"ny"	"1577540"	"cold water canyon"	41.973258	-112.111903	"united states"	"utah"	"box elder co."	NA	NA	"caprifoliaceae"	"symphoricarpos"	"oreophilus"	"utahensis"	"symphoricarpos oreophilus var. utahensis (rydb.) a.nelson"
"450ea584-917b-4529-93c7-5a6d1f690257"	"asu"	NA	"mount lemmon highway; ca. 2k northwest of mount bigelow; bear wallow"	32.4225	-110.737	"united states"	"arizona"	"pima county"	NA	NA	"caprifoliaceae"	"symphoricarpos"	"oreophilus"	"oreophilus"	"symphoricarpos oreophilus var. oreophilus"
"454099ee-0097-4743-80ce-5df75243ab7f"	"ny"	"1577478"	"southeast side of dry ridge, north of snowslide mountain, and south of green mountain, caribou forest, on caribou co. line."	42.6	-111.24	"united states"	"idaho"	"caribou co."	NA	NA	"caprifoliaceae"	"symphoricarpos"	"oreophilus"	"utahensis"	"symphoricarpos oreophilus var. utahensis (rydb.) a.nelson"
"4544755e-724f-4eeb-84c7-2b298247b1ac"	"ny"	"1577514"	"zion national park, horse pasture plateau, along west rim trail of zion canyon"	37.28	-112.97	"united states"	"utah"	"washington co."	NA	NA	"caprifoliaceae"	"symphoricarpos"	"oreophilus"	"utahensis"	"symphoricarpos oreophilus var. utahensis (rydb.) a.nelson"
"45d4bf1a-2250-49cf-85da-656b55455a26"	"utc"	"utc00255902"	"grand teton national park and vicinity: jackson hole: west shore of jackson lake near warm springs, ca 13 air mi nw of moran; ca 21 air mi n of moose. south 1/2 s8."	43.9596	-110.6958	"united states"	"wyoming"	"teton"	NA	1100	"caprifoliaceae"	"symphoricarpos"	"oreophilus"	"utahensis"	"symphoricarpos oreophilus var. utahensis"
"48d74333-e470-4b13-b316-c2934dee4bc8"	"asc"	"103535"	"north ridge of navajo mountain above oak canyon"	37.058589273568	-110.873037789063	"united states"	"utah"	"san juan county"	NA	NA	"caprifoliaceae"	"symphoricarpos"	"oreophilus"	NA	"symphoricarpos oreophilus"
"498b6cb0-ea2b-42b6-baa8-5188780dc507"	"ny"	"1577241"	"along road at upper end of hays canyon"	41.2934	-119.8933	"united states"	"nevada"	"washoe co."	NA	NA	"caprifoliaceae"	"symphoricarpos"	"oreophilus"	NA	"symphoricarpos oreophilus a.gray"
"4a6a52f9-6c83-4a37-9655-20c73163403a"	"asu"	NA	"sierra ancha wilderness area in tonto national forest; along trail 142; east of junction with 150; near reynold's creek"	33.87	-111	"united states"	"arizona"	"gila county"	NA	NA	"caprifoliaceae"	"symphoricarpos"	"oreophilus"	NA	"symphoricarpos oreophilus"
"4aa41f13-e78f-408e-9ea2-890eb2d7eab3"	"ny"	"1577479"	"schell creek range, kalamazoo creek canyon, 10.5 km (6.5 mi) west of the spring valley road turnoff, 20 km (12.5 mi) air distance north-northeast of mcgill"	39.56	-114.63	"united states"	"nevada"	"white pine co."	NA	NA	"caprifoliaceae"	"symphoricarpos"	"oreophilus"	"utahensis"	"symphoricarpos oreophilus var. utahensis (rydb.) a.nelson"
"4ba0b60d-c462-415d-a6e4-e424da798a30"	"ny"	"1577234"	"dark canyon, ca. 150 yards east of scorup cabin and horse pasture canyon, at base of, and against large alcove on north side of creek"	37.76908	-109.82094	"united states"	"utah"	"san juan co."	NA	NA	"caprifoliaceae"	"symphoricarpos"	"oreophilus"	NA	"symphoricarpos oreophilus a.gray"
"4be9fe08-9adb-45a6-aaa1-6ca4b67c1efd"	"asc"	"23483"	"san francisco peaks"	35.348056	-111.678889	"united states"	"arizona"	"coconino county"	NA	NA	"caprifoliaceae"	"symphoricarpos"	"oreophilus"	"utahensis"	"symphoricarpos oreophilus var. utahensis"
"4c311a25-b490-48d0-b78b-f5bc56812097"	"utc"	"utc00227941"	"cache national forest ; preston valley trail  green canyon  about 3 miles northeast of logan."	41.8	-111.7166667	"united states"	"utah"	"cache"	NA	NA	"caprifoliaceae"	"symphoricarpos"	"oreophilus"	NA	"symphoricarpos oreophilus"
"4c89adb1-5d28-40f1-9b4b-a2d93bbf3e7b"	"ny"	"1577313"	"sc plateau, 15 miles w of escalante, 5 miles n of u-12"	37.75	-111.87	"united states"	"utah"	"garfield co."	NA	NA	"caprifoliaceae"	"symphoricarpos"	"oreophilus"	NA	"symphoricarpos oreophilus a.gray"
"4eb7297b-2162-4ae7-b033-5e782cda3706"	"enlc"	"enlc00717"	"kern mountains. blue mass recreation area blm. grass valley canyon rd. ~1.3km east of blue mass springs at pull-out."	39.73481	-114.22009	"united states"	"nevada"	"white pine"	NA	NA	"caprifoliaceae"	"symphoricarpos"	"oreophilus"	"utahensis"	"symphoricarpos oreophilus var. utahensis"
"4eda5cff-de1f-48ab-971b-f134718ec5ba"	"ny"	"1577461"	"davis meadow collection site"	41.86	-114.82	"united states"	"nevada"	"elko co."	NA	NA	"caprifoliaceae"	"symphoricarpos"	"oreophilus"	"utahensis"	"symphoricarpos oreophilus var. utahensis (rydb.) a.nelson"
"4faed224-44eb-4dfb-9f2b-af9c2daa1155"	"ny"	"1577457"	"edge of north bloomington lake, bear river range, about 10 miles west of bloomington"	42.1794	-111.5913	"united states"	"idaho"	"bear lake co."	NA	NA	"caprifoliaceae"	"symphoricarpos"	"oreophilus"	"utahensis"	"symphoricarpos oreophilus var. utahensis (rydb.) a.nelson"
"50480c9c-97ef-4bd0-bdca-361fe8d6230c"	"utc"	"utc00239293"	"wasatch mountain state park; road between guardsman pass and wasatch mountain state park, approx. 7 miles from guardsman pass."	40.6	-111.5180556	"united states"	"utah"	"wasatch"	NA	NA	"caprifoliaceae"	"symphoricarpos"	"oreophilus"	NA	"symphoricarpos oreophilus"
"50dab5c5-2a35-4d15-a687-ae2dc098f4e0"	"asc"	NA	"grand canyon, south rim, grandview, kaibab national forest; plot: gv-eb1-1-19;"	35.96201	-111.95637	"united states"	"arizona"	"coconino county"	NA	NA	"caprifoliaceae"	"symphoricarpos"	"oreophilus"	"utahensis"	"symphoricarpos oreophilus var. utahensis"
"512cfea3-6506-4265-893e-058b21d3c002"	"rsa"	"rsa504676"	"vicinity of e creak trailhead, southern end of the warner mtns."	41.3628	-121.1099	"united states"	"california"	"modoc"	NA	996	"caprifoliaceae"	"symphoricarpos"	"oreophilus"	NA	"symphoricarpos oreophilus"
"513b4f13-acf3-4ea3-b65e-fabf165af752"	"ny"	"1577555"	"franklin basin, at head of cub river.  on west side of valley"	42.101908	-111.632906	"united states"	"idaho"	"franklin co."	NA	NA	"caprifoliaceae"	"symphoricarpos"	"oreophilus"	"utahensis"	"symphoricarpos oreophilus var. utahensis (rydb.) a.nelson"
"51e69e71-e95f-4c90-906a-bd5e3b6d4525"	"utc"	"utc00226806"	"cache national forest ; highway 36 north up strawberry canyon  then south ca. 0.7 mile on copenhagen basin road."	42.3575	-111.5541667	"united states"	"idaho"	"bear lake"	NA	NA	"caprifoliaceae"	"symphoricarpos"	"oreophilus"	NA	"symphoricarpos oreophilus"
"524c7ba4-337f-4809-85e5-09b14fb2ec5e"	"ny"	"1577266"	"emigration canyon"	40.764225	-111.774161	"united states"	"utah"	"salt lake co."	NA	NA	"caprifoliaceae"	"symphoricarpos"	"oreophilus"	NA	"symphoricarpos oreophilus a.gray"
"54450cc9-01fc-4a8b-897a-39f52a00b4bd"	"ny"	"1577541"	"harris flat ranger station"	37.4924	-112.5844	"united states"	"utah"	"kane co."	NA	NA	"caprifoliaceae"	"symphoricarpos"	"oreophilus"	"utahensis"	"symphoricarpos oreophilus var. utahensis (rydb.) a.nelson"
"547e904a-f400-4220-bbac-c86271cec561"	"uvsc"	"6743"	"book cliffs-roan cliffs, bitter creek, w facing slope, e of road."	39.716669	-109.383336	"united states"	"utah"	"uintah"	NA	NA	"caprifoliaceae"	"symphoricarpos"	"oreophilus"	"utahensis"	"symphoricarpos oreophilus var. utahensis"
"556fac4b-e014-4b55-a813-91ec8c1cbe6b"	"ny"	"1577421"	"owyhee uplands, dry creek basin, south of skull creek on road to the monuments, 49 air miles southwest of vale"	43.4638512924732	-117.902454384125	"united states"	"oregon"	"malheur co."	NA	NA	"caprifoliaceae"	"symphoricarpos"	"oreophilus"	"utahensis"	"symphoricarpos oreophilus var. utahensis (rydb.) a.nelson"
"56518513-2078-4d43-93bb-00f9d5aa658b"	"ny"	"1577318"	"atchee wash, 4 airmiles south of the white river"	39.8717	-109.328	"united states"	"utah"	"uintah co."	NA	NA	"caprifoliaceae"	"symphoricarpos"	"oreophilus"	NA	"symphoricarpos oreophilus a.gray"
"571e4ed6-f87c-499b-a21e-aa4f7d709a61"	"utc"	"utc00232830"	"site 22.1. demo area."	40.5019444	-112.4825	"united states"	"utah"	"tooele"	NA	NA	"caprifoliaceae"	"symphoricarpos"	"oreophilus"	NA	"symphoricarpos oreophilus"
"5a5dfd1a-e896-4c11-8fb6-758d27ee776f"	"asc"	"34670"	"mount logan"	36.3748	-113.28	"united states"	"arizona"	"mohave county"	NA	1250	"caprifoliaceae"	"symphoricarpos"	"oreophilus"	"utahensis"	"symphoricarpos oreophilus var. utahensis"
"5ac72487-3de0-4b3f-8300-aab3b19d894c"	"uvsc"	"2103"	"up provo canyon, within a hundred yards of provo river, just inside wasatch co."	40.399166	-111.529166	"united states"	"utah"	"wasatch"	NA	1800	"caprifoliaceae"	"symphoricarpos"	"oreophilus"	"oreophilus"	"symphoricarpos oreophilus var. oreophilus"
"5b5c2dd2-f488-4031-aa6d-a6d66d0c5037"	"ny"	"1577455"	"sonoma range, water canyon drainage"	40.90639	-118.79661	"united states"	"nevada"	"humboldt co."	NA	NA	"caprifoliaceae"	"symphoricarpos"	"oreophilus"	"utahensis"	"symphoricarpos oreophilus var. utahensis (rydb.) a.nelson"
"5bbdf100-b18b-4a61-9ac0-cd091d987680"	"des"	"des00040474"	"north long point above and north of dark canyon"	37.8544833	-109.8668167	"united states"	"utah"	"san juan co."	NA	NA	"caprifoliaceae"	"symphoricarpos"	"oreophilus"	"utahensis"	"symphoricarpos oreophilus var. utahensis"
"5c13e370-5bf4-418f-b059-18ca42030935"	"utc"	"utc00012379"	"logan to bear lake"	41.9219444	-111.4552778	"united states"	"utah"	"rich"	NA	NA	"caprifoliaceae"	"symphoricarpos"	"oreophilus"	"utahensis"	"symphoricarpos oreophilus var. utahensis"
"5c654fcf-bbef-4666-a32e-54c196f70539"	"ny"	"1577448"	"ca. 4 mi nw of woodruff."	42.0354	-112.3159	"united states"	"idaho"	"oneida co."	NA	NA	"caprifoliaceae"	"symphoricarpos"	"oreophilus"	"utahensis"	"symphoricarpos oreophilus var. utahensis (rydb.) a.nelson"
"5d623c10-853c-4d8c-8dfe-2d3c9aa5100c"	"ny"	"1577257"	"newark summit, diamond mountains"	39.5203	-115.8423	"united states"	"nevada"	"eureka co."	NA	NA	"caprifoliaceae"	"symphoricarpos"	"oreophilus"	NA	"symphoricarpos oreophilus a.gray"
"5dbdf299-dcba-46c1-83a3-7a5f2aabce7e"	"ny"	"1577293"	"west side of toiyabe range, stewart creek, above columbine campground"	38.9	-117.3761	"united states"	"nevada"	"nye co."	NA	NA	"caprifoliaceae"	"symphoricarpos"	"oreophilus"	NA	"symphoricarpos oreophilus a.gray"
"5e36fb3b-1689-4031-b709-41179c9fc9ac"	"ny"	"1577312"	"deep creek mountains, granite creek canyon"	39.81	-112.79	"united states"	"utah"	"juab co."	NA	NA	"caprifoliaceae"	"symphoricarpos"	"oreophilus"	NA	"symphoricarpos oreophilus a.gray"
"5fdf0f43-247b-434a-bb79-14c082d7bf21"	"ny"	"1577410"	"bare valley."	37.42	-113.42	"united states"	"utah"	"washington co."	NA	NA	"caprifoliaceae"	"symphoricarpos"	"oreophilus"	"utahensis"	"symphoricarpos oreophilus var. utahensis (rydb.) a.nelson"
"600bc4c9-a94e-4bb0-938a-8b6b8a61096d"	"ny"	"1577392"	"top of blue mountain"	40.37	-109.13	"united states"	"utah"	"uintah co."	NA	NA	"caprifoliaceae"	"symphoricarpos"	"oreophilus"	"utahensis"	"symphoricarpos oreophilus var. utahensis (rydb.) a.nelson"
"60ba7d09-c352-4d1c-8f2c-4df0b9c88e25"	"ny"	"1577396"	"pine nut mountains, sunrise basin"	39.06	-119.46	"united states"	"nevada"	"douglas co."	NA	NA	"caprifoliaceae"	"symphoricarpos"	"oreophilus"	"utahensis"	"symphoricarpos oreophilus var. utahensis (rydb.) a.nelson"
"6207aef3-e155-4826-9c85-ce23aafce29f"	"utc"	"utc00248369"	"bighorn basin: on the road to grass cteek, ca 3 air mi n of grass creek, ca 40 air mi nw of thermopolis."	43.9837	-108.6203	"united states"	"wyoming"	"hot springs"	NA	NA	"caprifoliaceae"	"symphoricarpos"	"oreophilus"	"utahensis"	"symphoricarpos oreophilus var. utahensis"
"625fa6db-262e-4bc1-a8b1-d53ee9c308de"	"utc"	"utc00227951"	"uinta national forest ; center canyon  9 miles south of heber city on us 40."	40.3833333	-111.3	"united states"	"utah"	"wasatch"	NA	NA	"caprifoliaceae"	"symphoricarpos"	"oreophilus"	NA	"symphoricarpos oreophilus"
"6569a172-1478-4fc3-bb0d-b3afde6f94e0"	"asc"	"83127"	"indian hollow, kaibab plateau"	36.468056	-112.466667	"united states"	"arizona"	"coconino county"	NA	NA	"caprifoliaceae"	"symphoricarpos"	"oreophilus"	NA	"symphoricarpos oreophilus"
"6807a78b-5d57-42dd-9255-5f66e9e30999"	"ny"	"1577373"	"toiyabe national forest; toiyabe range; mahogany gulch of kingston canyon drainage"	39.3369	-117.1469	"united states"	"nevada"	"lander co."	NA	NA	"caprifoliaceae"	"symphoricarpos"	"oreophilus"	"utahensis"	"symphoricarpos oreophilus var. utahensis (rydb.) a.nelson"
"692e82a1-7765-4073-bc80-ed634b104d6a"	"asu"	NA	"near devil's bathtub; upper madrona canyon; rincon mountains"	32.1319	-110.519	"united states"	"arizona"	"pima county"	NA	NA	"caprifoliaceae"	"symphoricarpos"	"oreophilus"	NA	"symphoricarpos oreophilus"
"69c8656a-b5bb-4ad7-b2b3-9957011b9afc"	"ny"	"1577533"	"north slopes overlooking salt creek, at the northwest end of horse mountain, on the northwest flank of the abajo mountains, south of moab"	37.91	-109.78	"united states"	"utah"	"san juan co."	NA	NA	"caprifoliaceae"	"symphoricarpos"	"oreophilus"	"utahensis"	"symphoricarpos oreophilus var. utahensis (rydb.) a.nelson"
"69fdeb7b-fc2d-48c6-8670-ac4aa2e28a08"	"asc"	NA	"grand canyon, north rim, powell plateau, grand canyon national park; plot: pp-5148; permit: gcnp collection permit number 9702-24-001"	36.32008	-112.37582	"united states"	"arizona"	"coconino county"	NA	NA	"caprifoliaceae"	"symphoricarpos"	"oreophilus"	NA	"symphoricarpos oreophilus"
"6a0935ac-9b3f-4fb0-b47b-4aee311ddcc8"	"asc"	"78766"	"grand canyon national park, n. rim; cape royal rd.; across from kenpatrick th."	36.25308	-111.98967	"united states"	"arizona"	"coconino county"	NA	NA	"caprifoliaceae"	"symphoricarpos"	"oreophilus"	NA	"symphoricarpos oreophilus"
"6a2eec84-7c15-4801-8563-63e1593b894d"	"asc"	"35349"	"bill williams mountain, s of william douglas fir forest just below lookout tower"	35.19944	-112.20417	"united states"	"arizona"	"coconino county"	NA	NA	"caprifoliaceae"	"symphoricarpos"	"oreophilus"	NA	"symphoricarpos oreophilus"
"6a36b57d-4b7a-40fa-bec9-5da938103493"	"utc"	"utc00259257"	"hillside below snydermill lodge, vic. of snyderville."	40.70996	-111.55231	"united states"	"utah"	"summit"	NA	NA	"caprifoliaceae"	"symphoricarpos"	"oreophilus"	"utahensis"	"symphoricarpos oreophilus var. utahensis"
"6a54bcac-6f20-4a40-9203-3a1cba8f4359"	"ny"	"1577472"	"blm grassland kipuka natural area. on slopes of hill near highway"	43.3898	-113.6242	"united states"	"idaho"	"butte co."	NA	NA	"caprifoliaceae"	"symphoricarpos"	"oreophilus"	"utahensis"	"symphoricarpos oreophilus var. utahensis (rydb.) a.nelson"
"6b2d0969-cd82-49e1-b584-f14d33ea8636"	"asc"	"74740"	"prescott national forest, east rim of mingus mt.,"	34.68455	-112.11516	"united states"	"arizona"	"yavapai county"	NA	NA	"caprifoliaceae"	"symphoricarpos"	"oreophilus"	NA	"symphoricarpos oreophilus"
"6b4392ac-7df1-437f-ac22-038b9b2162cd"	"rsa"	"rsa617044"	"white mountains: county line hill, 1/2 mile north of inyo-mono line."	37.4743	-118.184	"united states"	"california"	"mono"	NA	600	"caprifoliaceae"	"symphoricarpos"	"oreophilus"	"utahensis"	"symphoricarpos oreophilus var. utahensis"
"6bcc6284-fc4b-4aca-98ac-acbbef151fa9"	"dsund"	"dsu01016"	NA	47.032683	-117.304517	"united states"	"washington"	NA	NA	NA	"caprifoliaceae"	"symphoricarpos"	"oreophilus"	NA	"symphoricarpos oreophilus"
"6c189e4f-e83f-43d0-81a2-93b9156cb98d"	"asc"	"71221"	"willow valley canyon, 8 mi se of happy jack."	34.661226	-111.306802	"united states"	"arizona"	"coconino county"	NA	NA	"caprifoliaceae"	"symphoricarpos"	"oreophilus"	NA	"symphoricarpos oreophilus"
"6e2e7a5d-90d3-4af0-b8de-757dbb6cd0a9"	"uvsc"	"15962"	"tributary of hell's hole canyon, s of the white river;"	39.949847	-109.110128	"united states"	"utah"	"uintah"	NA	NA	"caprifoliaceae"	"symphoricarpos"	"oreophilus"	NA	"symphoricarpos oreophilus"
"70158eb0-2e9c-4eb1-aada-b7cb12463d6b"	"ny"	"1577374"	"head of escalante canyon, kaiparowits plateau"	37.5361	-111.7017	"united states"	"utah"	"kane co."	NA	NA	"caprifoliaceae"	"symphoricarpos"	"oreophilus"	"utahensis"	"symphoricarpos oreophilus var. utahensis (rydb.) a.nelson"
"7058e454-dfcf-4d27-b05a-0216ab696d97"	"ny"	"1577357"	"basalt lava flow w of atomic city"	43.4176	-112.8862	"united states"	"idaho"	"bingham co."	NA	NA	"caprifoliaceae"	"symphoricarpos"	"oreophilus"	NA	"symphoricarpos oreophilus a.gray"
"7062f260-22c8-4f19-9c23-bacfd8d7e83a"	"uvsc"	"13019"	"american fork canyon, silver lake."	40.523055	-111.671944	"united states"	"utah"	"utah"	NA	30	"caprifoliaceae"	"symphoricarpos"	"oreophilus"	"utahensis"	"symphoricarpos oreophilus var. utahensis"
"72ad55e9-4605-467a-b3ee-3f3fe5a64252"	"uvsc"	"9318"	"deep creek mountains, head of goshute canyon, ridgeline between three main peaks."	39.928055	-113.885833	"united states"	"utah"	"tooele"	NA	NA	"caprifoliaceae"	"symphoricarpos"	"oreophilus"	"parishii"	"symphoricarpos oreophilus var. parishii"
"730aa246-fa01-4e3c-9c98-1e3644376a31"	"asc"	"41005"	"kendrick peak, along trail #22, trailhead at parking lot, end of fsr 171a"	35.4049	-111.852	"united states"	"arizona"	"coconino county"	NA	1250	"caprifoliaceae"	"symphoricarpos"	"oreophilus"	NA	"symphoricarpos oreophilus"
"748e4911-7e82-438c-9f28-b0c7f3f105b3"	"ny"	"01112486"	"la sal mountains.  near pass of la sal mountain loop road"	38.479717	-109.272867	"united states"	"utah"	"san juan co."	NA	NA	"caprifoliaceae"	"symphoricarpos"	"oreophilus"	"utahensis"	"symphoricarpos oreophilus var. utahensis (rydb.) a.nelson"
"75ec5be2-1646-4fd5-acd9-30dbf1d1296f"	"ny"	"1577442"	"northeast corner of the jarbidge mountains (sens. lat.), monument spring, 9.8 miles south of rogerson-murphy hot springs road, 16 airline miles west-southwest of rogerson."	42.1	-114.87	"united states"	"idaho"	"twin falls co."	NA	NA	"caprifoliaceae"	"symphoricarpos"	"oreophilus"	"utahensis"	"symphoricarpos oreophilus var. utahensis (rydb.) a.nelson"
"7766a9dd-c531-4d6c-8744-41c206aaf28a"	"utc"	NA	"grouse creek mountains; along ingham pass road, about 5000 feet below pass"	41.647022	-113.736917	"united states"	"utah"	"box elder"	NA	301	"caprifoliaceae"	"symphoricarpos"	"oreophilus"	NA	"symphoricarpos oreophilus"
"7770e122-5cea-4bab-84f2-7547b016e90e"	"utc"	"utc00258876"	"ashley national forest, sheep creek canyon"	40.922174	-109.698405	"united states"	"utah"	"daggett"	NA	14	"caprifoliaceae"	"symphoricarpos"	"oreophilus"	NA	"symphoricarpos oreophilus"
"7876e70e-5042-4a10-bb4e-c6e8fbf4c976"	"ny"	"1577526"	"cc salina, gooseberry road s of salina canyon"	38.92	-111.75	"united states"	"utah"	"sevier co."	NA	NA	"caprifoliaceae"	"symphoricarpos"	"oreophilus"	"utahensis"	"symphoricarpos oreophilus var. utahensis (rydb.) a.nelson"
"79087409-ac58-47f1-bf80-10197d59129c"	"ny"	"1577315"	"shoshone falls."	42.595	-114.3986	"united states"	"idaho"	"twin falls co."	NA	1000	"caprifoliaceae"	"symphoricarpos"	"oreophilus"	NA	"symphoricarpos oreophilus a.gray"
"7a5bcd54-773b-4032-8061-3e6e0b99b57d"	"ny"	"01109875"	"on road to maggie summit and bull run mountains, along trail creek, 6.2 miles south of nevada highway 225"	41.713933	-116.001167	"united states"	"nevada"	"elko co."	NA	NA	"caprifoliaceae"	"symphoricarpos"	"oreophilus"	NA	"symphoricarpos oreophilus a.gray"
"7abce18c-0c93-4e97-b032-6a3547344fee"	"ny"	"43863"	"dixie national forest, forest boundary in cedar canyon, along crow creek"	37.58	-112.92	"united states"	"utah"	"iron co."	NA	NA	"caprifoliaceae"	"symphoricarpos"	"oreophilus"	"utahensis"	"symphoricarpos oreophilus var. utahensis (rydb.) a.nelson"
"7e385c52-07af-4c5c-b2fb-4682ee205d5d"	"ny"	"1577327"	"basalt lava flow w of atomic city"	43.4176	-112.8862	"united states"	"idaho"	"bingham co."	NA	NA	"caprifoliaceae"	"symphoricarpos"	"oreophilus"	NA	"symphoricarpos oreophilus a.gray"
"807f905b-c83e-440c-9b6a-48cf6128fcf4"	"utc"	"utc00227945"	"cache national forest ; wood camp hollow  12 miles east of logan on us 89; near cirque west of stream and trail to jardine juniper."	41.7833333	-111.65	"united states"	"utah"	"cache"	NA	NA	"caprifoliaceae"	"symphoricarpos"	"oreophilus"	NA	"symphoricarpos oreophilus"
"83279941-1ff8-4a22-a17d-c5816aa32992"	"asu"	NA	"coconino national forest, clear creek wilderness area, forest service, rd. 81-e. usfs trail #37 (maxwell trail), rim to stream bed with intermittent gravel beds. elevation 6500 - ft, usgs quad. calloway butte, ariz. usda permit lov0048, bond, r"	34.558293	-111.408786	"united states"	"arizona"	"coconino"	NA	NA	"caprifoliaceae"	"symphoricarpos"	"oreophilus"	NA	"symphoricarpos oreophilus"
"841af3b5-2a7c-4763-a2d5-c1fda267a75a"	"asu"	NA	"coconino national forest, clear creek wilderness area, forest service, rd. 81-e. usfs trail #37 (maxwell trail), rim to stream bed with intermittent gravel beds. elevation 6500 - ft, usgs quad. calloway butte, ariz. usda permit lov0048, bond, r"	34.558293	-111.408786	"united states"	"arizona"	"coconino"	NA	NA	"caprifoliaceae"	"symphoricarpos"	"oreophilus"	NA	"symphoricarpos oreophilus"
"84337d0c-1d5b-4679-80a6-c28202e644c1"	"ny"	"1577571"	"fish lake forest, tushar mountains, indian creek, ca. 12 miles due northeast of beaver"	38.42	-112.5	"united states"	"utah"	"beaver co."	NA	NA	"caprifoliaceae"	"symphoricarpos"	"oreophilus"	"utahensis"	"symphoricarpos oreophilus var. utahensis (rydb.) a.nelson"
"856988c2-2f51-4b79-9792-0932e44a6047"	"ny"	"1577428"	"left fork santa clara river, south of gardner peak"	37.38	-113.45	"united states"	"utah"	"washington co."	NA	NA	"caprifoliaceae"	"symphoricarpos"	"oreophilus"	"utahensis"	"symphoricarpos oreophilus var. utahensis (rydb.) a.nelson"
"85c52dd6-f948-4742-8375-bb3f91111491"	"ypm"	"yu.065124"	"virginia mountains"	40.0307391	-119.8301964	"united states"	"nevada"	NA	NA	9613.92401	"caprifoliaceae"	"symphoricarpos"	"oreophilus"	NA	"symphoricarpos oreophilus"
"869ba026-c2b5-40d3-aaf4-16d7d1e337b2"	"rsa"	"rsa298953"	"white mountains. some miles northerly from the schulman bristle cone pine grove."	37.4525	-118.1972	"united states"	"california"	"inyo"	NA	7000	"caprifoliaceae"	"symphoricarpos"	"oreophilus"	NA	"symphoricarpos oreophilus"
"86a9209e-ef1b-480c-a567-748375e9e2da"	"ny"	"1577258"	"cc fremont, northwest side of fish lake"	38.56	-111.7	"united states"	"utah"	"sevier co."	NA	NA	"caprifoliaceae"	"symphoricarpos"	"oreophilus"	NA	"symphoricarpos oreophilus a.gray"
"86e603c4-e2fc-474e-ba30-aef58c853b15"	"asc"	"90158"	"part of rim of grand canyon northwest of crescent ridge overlooking modred abyss"	36.3071911201061	-112.241369872683	"united states"	"arizona"	"coconino county"	NA	NA	"caprifoliaceae"	"symphoricarpos"	"oreophilus"	NA	"symphoricarpos oreophilus"
"86fad796-60cf-44f0-98d4-6ba3b91a498c"	"ny"	"1577434"	"top of blue mountain"	40.37	-109.13	"united states"	"utah"	"uintah co."	NA	NA	"caprifoliaceae"	"symphoricarpos"	"oreophilus"	"utahensis"	"symphoricarpos oreophilus var. utahensis (rydb.) a.nelson"
"88380291-1a4d-42de-bcb2-473f71919098"	"ny"	"43840"	"inyo national forest, ne of intake 2, bishop creek"	37.25	-118.57	"united states"	"california"	"inyo co."	NA	NA	"caprifoliaceae"	"symphoricarpos"	"oreophilus"	"utahensis"	"symphoricarpos oreophilus var. utahensis (rydb.) a.nelson"
"887077e0-9fec-4d75-af97-d11ed1322cd7"	"ny"	"01424979"	"peak above guardsman pass, above pass rd., near weather station and 3-county survey marker post."	40.609361	-111.552833	"united states"	"utah"	"wasatch co."	NA	NA	"caprifoliaceae"	"symphoricarpos"	"oreophilus"	NA	"symphoricarpos oreophilus a.gray"
"89dae7bc-21cf-4ba7-a21c-7bd1be645589"	"ny"	"1577545"	"mountain east of mount belknap, tushar range, 12 miles west of marysvale"	38.419194	-112.375297	"united states"	"utah"	"piute co."	NA	NA	"caprifoliaceae"	"symphoricarpos"	"oreophilus"	"utahensis"	"symphoricarpos oreophilus var. utahensis (rydb.) a.nelson"
"8a1cd90d-b121-4674-9956-57fa1063ec0f"	"des"	"des00000303"	"mt. lemmon, santa catalina mtns."	32.44306	-110.78778	"united states"	"arizona"	"pinal"	NA	1807	"caprifoliaceae"	"symphoricarpos"	"oreophilus"	NA	"symphoricarpos oreophilus"
"8be2e513-fe52-4d45-acba-829267a0048f"	"utc"	"utc00233796"	"hart mountain national antelope refuge ; poker jim ridge. ca. 5 miles north of refuge headquarters.  in moist draw above poker jim spring."	42.5	-119.8166667	"united states"	"oregon"	"lake"	NA	NA	"caprifoliaceae"	"symphoricarpos"	"oreophilus"	"utahensis"	"symphoricarpos oreophilus var. utahensis"
"8d7180a6-a443-4a59-89f4-08de8d6dcdfb"	"asu"	NA	"rim; horse thief basin"	34.161	-112.299	"united states"	"arizona"	"yavapai county"	NA	200	"caprifoliaceae"	"symphoricarpos"	"oreophilus"	NA	"symphoricarpos oreophilus"
"8fe52e66-701a-4a0b-9323-4ccfc564ad56"	"asc"	"61247"	"mount trumbull, near top of mt logan on right side of blm rd 1064,at the powell expedition lookout"	36.35473	-113.2019	"united states"	"arizona"	"mohave county"	NA	NA	"caprifoliaceae"	"symphoricarpos"	"oreophilus"	NA	"symphoricarpos oreophilus"
"8ff222df-67d2-481d-ab34-81f2b5d0fa8e"	"ny"	"1577505"	"7 miles west of holbrook"	42.158675	-112.793139	"united states"	"idaho"	"oneida co."	NA	NA	"caprifoliaceae"	"symphoricarpos"	"oreophilus"	"utahensis"	"symphoricarpos oreophilus var. utahensis (rydb.) a.nelson"
"92c60085-a424-4692-842d-ba30d0518e09"	"ny"	"1577426"	"black rock range, along summit lake-denio road, 2.9 miles northeast of indian reservation boundary, 32 airline miles southwest of denio."	41.6	-118.98	"united states"	"nevada"	"humboldt co."	NA	NA	"caprifoliaceae"	"symphoricarpos"	"oreophilus"	"utahensis"	"symphoricarpos oreophilus var. utahensis (rydb.) a.nelson"
"9417a162-68c3-42d8-90ec-356d339b621e"	"ny"	"1577573"	"hurricane, west slope of table bench"	37.36	-112.84	"united states"	"utah"	"kane co."	NA	NA	"caprifoliaceae"	"symphoricarpos"	"oreophilus"	"utahensis"	"symphoricarpos oreophilus var. utahensis (rydb.) a.nelson"
"943f1812-3998-4a1d-a694-664ae0c5e0ec"	"uvsc"	"12430"	"green river basin, ca 13.5 air miles ne of kemmerer."	41.956666	-110.413611	"united states"	"wyoming"	"lincoln"	NA	NA	"caprifoliaceae"	"symphoricarpos"	"oreophilus"	"utahensis"	"symphoricarpos oreophilus var. utahensis"
"946c1a1e-4833-4140-9988-d44a3ae26552"	"utc"	"utc00232824"	"site 30."	40.4952778	-112.4530556	"united states"	"utah"	"tooele"	NA	NA	"caprifoliaceae"	"symphoricarpos"	"oreophilus"	NA	"symphoricarpos oreophilus"
"94c2157f-c5d7-45bb-b79d-4871b9eee522"	"des"	"des00006990"	"pyles ranch under mogollon rim."	34.371535	-111.175972	"united states"	"arizona"	"gila"	NA	201	"caprifoliaceae"	"symphoricarpos"	"oreophilus"	NA	"symphoricarpos oreophilus"
"94db280a-bbd4-42c6-950a-a79f18615dba"	"ny"	"1577319"	"sc plateau, 15 miles w of escalante, 5 miles n of u-12"	37.75	-111.87	"united states"	"utah"	"garfield co."	NA	NA	"caprifoliaceae"	"symphoricarpos"	"oreophilus"	NA	"symphoricarpos oreophilus a.gray"
"969689fb-c20d-4f7d-af90-df952250f0d3"	"des"	"des00062035"	"part of rim of grand canyon northwest of crescent ridge overlooking modred abyss"	36.3090041532668	-112.241365889831	"united states"	"arizona"	"coconino county"	NA	NA	"caprifoliaceae"	"symphoricarpos"	"oreophilus"	NA	"symphoricarpos oreophilus"
"969df5bd-c931-42b6-947b-f2cab8e45961"	"ny"	"1577476"	"glass mountain region: slopes below (se) of south bald mountain peak. near last rocky outcrop overlooking long valley."	37.769367	-118.884183	"united states"	"california"	"mono co."	NA	NA	"caprifoliaceae"	"symphoricarpos"	"oreophilus"	"utahensis"	"symphoricarpos oreophilus var. utahensis (rydb.) a.nelson"
"970678ca-a961-4f5c-a916-4baefc81e2a3"	"asc"	"36173"	"10.6 mi w of red rock on n-13. spring & water tank."	36.562907	-109.270281	"united states"	"arizona"	"apache county"	NA	NA	"caprifoliaceae"	"symphoricarpos"	"oreophilus"	NA	"symphoricarpos oreophilus"
"97ceb174-b2fe-45f0-8385-6a7fe234fe3e"	"asc"	"40221"	"san francisco mountain, n slope"	35.34083	-111.6825	"united states"	"arizona"	"coconino county"	NA	NA	"caprifoliaceae"	"symphoricarpos"	"oreophilus"	NA	"symphoricarpos oreophilus"
"97f24b9b-c2d9-462d-ba3e-a3fb6f02f750"	"ills"	NA	"tensleep preserve, the nature conservancy. southwest flank, foothills, of the bighorn mountains, about 10 miles east of ten sleep in north central wyoming. below the south rim of canyon creek canyon along the ponderosa pine trail near the west end of cooks vee. (wgs84/nad83)."	44.01139	-107.27805	"united states"	"wyoming"	"washakie"	NA	NA	"caprifoliaceae"	"symphoricarpos"	"oreophilus"	NA	"symphoricarpos oreophilus"
"988b7f66-e615-4ac1-ae96-e68ec3932045"	"asc"	"51277"	"coconino national forest, bar-m canyon off t-6 rd"	35.00028	-111.66667	"united states"	"arizona"	"coconino county"	NA	NA	"caprifoliaceae"	"symphoricarpos"	"oreophilus"	NA	"symphoricarpos oreophilus"
"993398e1-ae51-47df-a46b-85f0c743165e"	"des"	"des00063800"	"tonto national forest down houston mesa road at about mile 9 off road to bear canyon jeep trail heading up the jeep trail along the drainage at bear creek."	34.36325	-111.305472	"united states"	"arizona"	"gila county"	NA	NA	"caprifoliaceae"	"symphoricarpos"	"oreophilus"	NA	"symphoricarpos oreophilus"
"9a748196-0b21-4188-a85b-3a09a50fd61f"	"ny"	"1577324"	"park canyon, between bitter creek and willow creek, 43 miles south of ouray. douglas creek member of green river formation."	39.6563	-109.3466	"united states"	"utah"	"uintah co."	NA	NA	"caprifoliaceae"	"symphoricarpos"	"oreophilus"	NA	"symphoricarpos oreophilus a.gray"
"9bd33964-4f80-492d-9368-df73a14bf2ed"	"asu"	NA	"peterson's ranch; sierra ancha"	33.783	-110.943	"united states"	"arizona"	"gila county"	NA	NA	"caprifoliaceae"	"symphoricarpos"	"oreophilus"	NA	"symphoricarpos oreophilus"
"9cd23a45-5a32-49ac-8c9f-bbb7910d43d7"	"ny"	"1577351"	"owyhee butte quad.  on owyhee river 1/2 mile north of crooked creek confluence in steep canyon"	42.8917	-117.6986	"united states"	"oregon"	"malheur co."	NA	NA	"caprifoliaceae"	"symphoricarpos"	"oreophilus"	NA	"symphoricarpos oreophilus a.gray"
"9d056826-2314-4bdf-a3cc-d693fd929d68"	"ny"	"1577365"	"sonoma range, water canyon drainage"	40.90639	-118.79661	"united states"	"nevada"	"humboldt co."	NA	NA	"caprifoliaceae"	"symphoricarpos"	"oreophilus"	NA	"symphoricarpos oreophilus a.gray"
"9d6e4887-14a8-418f-b86f-1876cb84e83b"	"asu"	NA	"pine crest; mount graham"	32.69	-109.862	"united states"	"arizona"	"graham county"	NA	NA	"caprifoliaceae"	"symphoricarpos"	"oreophilus"	NA	"symphoricarpos oreophilus"
"a075c463-d870-4903-aaf5-fbe796513b9c"	"des"	"des00019300"	"along four peaks trail from lone pine saddle, four peaks, mazatzal mtns."	33.701684	-111.324997	"united states"	"arizona"	"gila"	NA	1054	"caprifoliaceae"	"symphoricarpos"	"oreophilus"	NA	"symphoricarpos oreophilus"
"a08d0b69-64a7-45ee-89d7-c15c6d23d8e0"	"asu"	NA	"rincon mountains"	32.1319	-110.519	"united states"	"arizona"	"pima county"	NA	NA	"caprifoliaceae"	"symphoricarpos"	"oreophilus"	NA	"symphoricarpos oreophilus"
"a297717b-ff86-4fff-a45c-3e7e14f45210"	"ny"	"1577301"	"sc paunsaugunt-sevier, whiteman bench"	37.62	-112.09	"united states"	"utah"	"garfield co."	NA	NA	"caprifoliaceae"	"symphoricarpos"	"oreophilus"	NA	"symphoricarpos oreophilus a.gray"
"a2ab6dbb-ca92-44f4-80bc-17b0d95bf94f"	"asc"	"8056"	"near roof butte, lukachukai mountains"	36.46139	-109.09556	"united states"	"arizona"	"apache county"	NA	NA	"caprifoliaceae"	"symphoricarpos"	"oreophilus"	NA	"symphoricarpos oreophilus"
"a3c249eb-2e02-4719-867a-d467b6a37f25"	"ny"	"1577438"	"toiyabe national forest; toiyabe range; mahogany gulch of kingston canyon drainage"	39.3369	-117.1469	"united states"	"nevada"	"lander co."	NA	NA	"caprifoliaceae"	"symphoricarpos"	"oreophilus"	"utahensis"	"symphoricarpos oreophilus var. utahensis (rydb.) a.nelson"
"a41f8486-bccb-4950-a3a8-7dd486bdefc1"	"des"	"des00052464"	"dick and rosemary trelease's lazy t ranch south of highway 14 on webster flat turnoff road about 10 miles. ranch sits along mill creek."	37.528056	-112.859444	"united states"	"utah"	"kane county"	NA	NA	"caprifoliaceae"	"symphoricarpos"	"oreophilus"	NA	"symphoricarpos oreophilus"
"a4c4244d-430d-4fee-94ac-43e9f3c78b91"	"ny"	"1577579"	"sc paunsaugunt-sevier, 8 miles southwest of antimony, mt. dutton road"	38.07	-112.11	"united states"	"utah"	"garfield co."	NA	NA	"caprifoliaceae"	"symphoricarpos"	"oreophilus"	"utahensis"	"symphoricarpos oreophilus var. utahensis (rydb.) a.nelson"
"a5113567-d6be-4b22-90d2-eb5db9857651"	"ny"	"1577287"	"dock flat, one mile ne of ut state route 40"	40.3229	-111.2473	"united states"	"utah"	"wasatch co."	NA	NA	"caprifoliaceae"	"symphoricarpos"	"oreophilus"	NA	"symphoricarpos oreophilus a.gray"
"a56e0a50-cc72-49ca-816b-f9061d4ef873"	"ny"	"1577546"	"mountains north of bullion creek, near marysvale"	38.4492	-112.23	"united states"	"utah"	NA	NA	10000	"caprifoliaceae"	"symphoricarpos"	"oreophilus"	"utahensis"	"symphoricarpos oreophilus var. utahensis (rydb.) a.nelson"
"a64861ad-484e-43d0-9805-c32da086b850"	"uvsc"	"3333"	"box-death hollow wilderness area, up pine creek; upper box."	37.951667	-111.650003	"united states"	"utah"	"garfield"	NA	1800	"caprifoliaceae"	"symphoricarpos"	"oreophilus"	"utahensis"	"symphoricarpos oreophilus var. utahensis"
"a6b14f3a-214d-4d27-9fc8-59d31eef1c3c"	"suu"	"suu001129"	"sawmill tank, 1 mile s of potato valley, 1.5 miles n of mt. logan"	36.3810956	-113.2132993	"united states"	"arizona"	"mohave"	NA	NA	"caprifoliaceae"	"symphoricarpos"	"oreophilus"	"utahensis"	"symphoricarpos oreophilus var. utahensis"
"a83f1e2a-55f8-4ef4-8ea4-659d472ed50a"	"ny"	"1577520"	"sc markagunt, cedar canyon campground"	37.5938	-112.896	"united states"	"utah"	"iron co."	NA	NA	"caprifoliaceae"	"symphoricarpos"	"oreophilus"	"utahensis"	"symphoricarpos oreophilus var. utahensis (rydb.) a.nelson"
"a89c860c-ad8f-4745-b7fc-3f30ebc05fde"	"asc"	"40981"	"kendrick peak, along trail #22, trailhead at parking lot, end of fsr 171a"	35.4049	-111.8343	"united states"	"arizona"	"coconino county"	NA	1250	"caprifoliaceae"	"symphoricarpos"	"oreophilus"	NA	"symphoricarpos oreophilus"
"a96eeb81-9eeb-447f-be05-94f6ff643306"	"ny"	"1577436"	"black rock mountain, near sullivan spring. parshant national monument and paiute wilderness"	36.8	-113.79	"united states"	"arizona"	"mohave co."	NA	NA	"caprifoliaceae"	"symphoricarpos"	"oreophilus"	"utahensis"	"symphoricarpos oreophilus var. utahensis (rydb.) a.nelson"
"aa4f58b8-6581-475f-b9f8-95a04df7955a"	"uvsc"	"6442"	"canyon mountains, end of dry creek road, ca. 4 km due se of oak city."	39.315556	-112.234444	"united states"	"utah"	"millard"	NA	NA	"caprifoliaceae"	"symphoricarpos"	"oreophilus"	"parishii"	"symphoricarpos oreophilus var. parishii"
"ab4e484e-6529-4e32-a01f-7fd3ad71de3d"	"ny"	"1577297"	"at the base of porter peak, on the se face, above an old homestead on blue jacket creek road, humboldt national forest, 12 miles southwest of mountain city"	41.6736	-116.1027	"united states"	"nevada"	"elko co."	NA	NA	"caprifoliaceae"	"symphoricarpos"	"oreophilus"	NA	"symphoricarpos oreophilus a.gray"
"abaa8b00-d4b4-4c04-b9b6-16cad8c0e1cb"	"asu"	NA	"pyles ranch; under mogollon rim"	34.2503	-111.598	"united states"	"arizona"	"gila county"	NA	NA	"caprifoliaceae"	"symphoricarpos"	"oreophilus"	NA	"symphoricarpos oreophilus"
"abafc413-8297-473e-85bc-80665fa10dc3"	"utc"	"utc00012403"	"alta, wahsatch mountains"	40.58889	-111.63722	"united states"	"utah"	NA	NA	3101	"caprifoliaceae"	"symphoricarpos"	"oreophilus"	NA	"symphoricarpos oreophilus"
"ac80eaf5-f099-4c67-aa54-695e9705c663"	"ny"	"1577289"	"wah wah mountain, alunite site"	38.259	-113.5806	"united states"	"utah"	"beaver co."	NA	NA	"caprifoliaceae"	"symphoricarpos"	"oreophilus"	NA	"symphoricarpos oreophilus a.gray"
"acb9ea28-67fc-41f3-809f-1f6a28323ab3"	"uvsc"	"13798"	"wasatch mountains, mt. timpanogos, ca 0.4 km due ne of stewart cascades;"	40.389	-111.601944	"united states"	"utah"	"utah"	NA	30	"caprifoliaceae"	"symphoricarpos"	"oreophilus"	"utahensis"	"symphoricarpos oreophilus var. utahensis"
"aff80089-3ad6-4c1b-882e-31dfd799c7fc"	"utc"	"utc00210827"	"wasatch national forest ; wasatch nat. for.; trail up center canyon from us 40  s of heber city."	40.3733333	-111.295	"united states"	"utah"	"wasatch"	NA	NA	"caprifoliaceae"	"symphoricarpos"	"oreophilus"	NA	"symphoricarpos oreophilus"
"b167c2a0-0cd9-495b-965e-aba4c2fcc534"	"uvsc"	"1870"	"wasatch mtns near rock canyon campground along squaw peak trail."	40.270555	-111.586388	"united states"	"utah"	"utah"	NA	NA	"caprifoliaceae"	"symphoricarpos"	"oreophilus"	"oreophilus"	"symphoricarpos oreophilus var. oreophilus"
"b1822bf0-1544-4cad-ac09-85dc004660b0"	"des"	"des00063522"	"unkar basin, just south of the saddle between the north rim and juno temple."	36.150410943323	-111.892230652805	"united states"	"arizona"	"coconino county"	NA	NA	"caprifoliaceae"	"symphoricarpos"	"oreophilus"	NA	"symphoricarpos oreophilus"
"b35703fe-e634-4ada-9941-a8a0c1cd8cd7"	"ills"	NA	"tensleep preserve, the nature conservancy. southwest flank, foothills of the bighorn mountains, about 10 miles east of ten sleep in north central wyoming. (wgs84/nad83)."	43.97904	-107.22119	"united states"	"wyoming"	"washakie"	NA	NA	"caprifoliaceae"	"symphoricarpos"	"oreophilus"	"utahensis"	"symphoricarpos oreophilus var. utahensis"
"b39ee223-4e35-4955-ae66-4c64750dafdf"	"ny"	"1577473"	"cherry creek mountains, canyon west of high peak, 18 km (11 mi) airline distance west-southwest of currie"	40.195	-114.93	"united states"	"nevada"	"elko co."	NA	NA	"caprifoliaceae"	"symphoricarpos"	"oreophilus"	"utahensis"	"symphoricarpos oreophilus var. utahensis (rydb.) a.nelson"
"b3b35666-3c18-488b-8a51-8cb2ce5fda75"	"ny"	"1577290"	"18 miles east of ely, off st hwy 486, just north of cave lake st park, along steptoe creek"	39.2	-114.7	"united states"	"nevada"	"white pine co."	NA	NA	"caprifoliaceae"	"symphoricarpos"	"oreophilus"	NA	"symphoricarpos oreophilus a.gray"
"b4aff4c6-ced2-4462-9088-5c4d6170ed69"	"ny"	"01803921"	"jarbridge area of blm, china mountain, monument springs road"	42.12489	-114.82025	"united states"	"idaho"	"twin falls co."	NA	NA	"caprifoliaceae"	"symphoricarpos"	"oreophilus"	NA	"symphoricarpos oreophilus a.gray"
"b4eacc23-b0a1-4924-b993-59149ad099a5"	"ny"	"01083616"	"pine nut mountains, minihaha canyon, in south end of range, along road above pikes peak mine"	38.78739	-119.5195	"united states"	"nevada"	"douglas co."	NA	NA	"caprifoliaceae"	"symphoricarpos"	"oreophilus"	"utahensis"	"symphoricarpos oreophilus var. utahensis (rydb.) a.nelson"
"b4f82f81-c9a0-490e-839c-a1d448fb0587"	"asc"	"40868"	"dog point, 30 mi se of jacob lake"	36.437	-112.063	"united states"	"arizona"	"coconino county"	NA	NA	"caprifoliaceae"	"symphoricarpos"	"oreophilus"	NA	"symphoricarpos oreophilus"
"b5341ff0-6f62-4547-a536-1b67a50a61db"	"ny"	"01112473"	"lamoille canyon, ruby mountains.  along road below parking area at end of canyon"	40.637617	-115.370867	"united states"	"nevada"	"elko co."	NA	NA	"caprifoliaceae"	"symphoricarpos"	"oreophilus"	"utahensis"	"symphoricarpos oreophilus var. utahensis (rydb.) a.nelson"
"b78fb2c9-a84a-4ad3-ba57-4362ba9dc140"	"rsa"	"rsa615532"	"sierra nevada: lamark lake trail, mt. goddard quadrangle"	37.2179	-118.6336	"united states"	"california"	"inyo"	NA	800	"caprifoliaceae"	"symphoricarpos"	"oreophilus"	"utahensis"	"symphoricarpos oreophilus var. utahensis"
"b81e125b-e8f6-4ec6-a9de-659eb4b0af8e"	"ny"	"1577309"	"confluence of west little owyhee river and main owyhee river. upstream from confluence ca. 5 miles on the main owyhee, at a south side canyon. drummond basin quad."	42.4083	-117.1383	"united states"	"oregon"	"malheur co."	NA	NA	"caprifoliaceae"	"symphoricarpos"	"oreophilus"	NA	"symphoricarpos oreophilus a.gray"
"b87a4808-d860-45ca-9180-b5a0b04af217"	"uvsc"	"2807"	"snowbasin road, mile marker 3.5, scenic view spot."	41.227222	-111.825	"united states"	"utah"	"weber"	NA	1800	"caprifoliaceae"	"symphoricarpos"	"oreophilus"	"oreophilus"	"symphoricarpos oreophilus var. oreophilus"
"b9690521-fce3-4314-b77f-11537850e1ca"	"asc"	"91810"	"willow creek 1 miles north of hannagen meadow"	33.677	-109.292333	"united states"	"arizona"	"greenlee"	NA	NA	"caprifoliaceae"	"symphoricarpos"	"oreophilus"	NA	"symphoricarpos oreophilus"
"b9dcb799-403d-46f9-a54d-20067ec9a978"	"ny"	"1577484"	"black pine peak area, pole canyon, mouth of canyon, 45 airline miles southeast of burley"	42.15	-113.05	"united states"	"idaho"	"cassia co."	NA	NA	"caprifoliaceae"	"symphoricarpos"	"oreophilus"	"utahensis"	"symphoricarpos oreophilus var. utahensis (rydb.) a.nelson"
"ba0c3fdf-7334-4b8d-92de-7c9a8e22d672"	"ny"	"1577303"	"on cliffs at shoshone falls"	42.595	-114.3986	"united states"	"idaho"	"twin falls co."	NA	1000	"caprifoliaceae"	"symphoricarpos"	"oreophilus"	NA	"symphoricarpos oreophilus a.gray"
"bb39a1a6-fd28-44d1-a77a-f76934a71906"	"des"	"des00023359"	"grand mesa nat'l forest."	39.006749	-108.2591442	"united states"	"colorado"	"mesa"	NA	5000	"caprifoliaceae"	"symphoricarpos"	"oreophilus"	NA	"symphoricarpos oreophilus"
"bbda8076-3ed4-426a-8600-809686aafbe6"	"des"	"des00040418"	"along fsr 88, 9 miles south of sego flat and fsr 95, 1.7 miles north of steamboat point, 4 miles north of little notch point"	37.7291	-109.775083	"united states"	"utah"	"san juan"	NA	NA	"caprifoliaceae"	"symphoricarpos"	"oreophilus"	"utahensis"	"symphoricarpos oreophilus var. utahensis"
"bc219673-7e9f-48bf-8d61-cab2603e712a"	"ny"	"1577367"	"dixie national forest"	37.9479	-112.6546	"united states"	"utah"	"iron co."	NA	NA	"caprifoliaceae"	"symphoricarpos"	"oreophilus"	NA	"symphoricarpos oreophilus a.gray"
"bd3397d2-006b-4f24-bcae-ad8422bc6940"	"utc"	"utc00177035"	"star valley ranch, plat 2, northeast of thayne."	42.9691667	-110.9655556	"united states"	"wyoming"	"lincoln"	NA	NA	"caprifoliaceae"	"symphoricarpos"	"oreophilus"	NA	"symphoricarpos oreophilus"
"bd7f93e6-d5a6-470d-9754-e7ae3823de1e"	"ny"	"1577536"	"pine grove canyon, vicinity of the lou, tasco mountains"	38.33	-113.61	"united states"	"utah"	"beaver co."	NA	NA	"caprifoliaceae"	"symphoricarpos"	"oreophilus"	"utahensis"	"symphoricarpos oreophilus var. utahensis (rydb.) a.nelson"
"bda9f7ea-449d-4a8f-a07c-8b117f695bae"	"dbg"	"khd00035618"	"deer creek canyon"	39.547348	-105.149813	"united states"	"colorado"	"jefferson county"	NA	10000	"caprifoliaceae"	"symphoricarpos"	"oreophilus"	NA	"symphoricarpos oreophilus"
"bdc49145-1635-4203-872e-d91d22ed69fd"	"ny"	"194847"	"north side of henry mountains, between mt. ellen creek and bull mountain, along road to wickiup pass"	38.143533	-110.745967	"united states"	"utah"	"garfield co."	NA	NA	"caprifoliaceae"	"symphoricarpos"	"oreophilus"	NA	"symphoricarpos oreophilus a.gray"
"bdd9da29-4b3b-45c4-87af-57f13f52ddb9"	"asu"	NA	"bradshaw mountains, along senator hwy.; 400m wsw of hassayampa lake; south-facing slope of exposed schist outcroppings above perennial stream; groom creek usgs 7.5' topographic quadrangle"	34.4283	-112.428	"united states"	"arizona"	"yavapai county"	NA	NA	"caprifoliaceae"	"symphoricarpos"	"oreophilus"	NA	"symphoricarpos oreophilus"
"bf3c87af-4c0c-4ed5-94ed-252b7192f450"	"asc"	"72763"	"willow valley canyon, 8 mi se of happy jack."	34.661226	-111.306802	"united states"	"arizona"	"coconino county"	NA	NA	"caprifoliaceae"	"symphoricarpos"	"oreophilus"	NA	"symphoricarpos oreophilus"
"c089eb41-68d0-43e9-89be-66d87f1d218a"	"asc"	"asc00105890"	"sycamore canyon wilderness, coconino national forest, dorsey spring trail about .4miles above spring"	35.054905	-111.940246	"united states"	"arizona"	"coconino county"	NA	NA	"caprifoliaceae"	"symphoricarpos"	"oreophilus"	NA	"symphoricarpos oreophilus"
"c25f6802-2055-4463-b511-9b3c14408d93"	"uvsc"	"3334"	"box-death hollow wilderness area, up pine creek; upper box."	37.951667	-111.650003	"united states"	"utah"	"garfield"	NA	1800	"caprifoliaceae"	"symphoricarpos"	"oreophilus"	"utahensis"	"symphoricarpos oreophilus var. utahensis"
"c4c30535-a2d2-40a6-a3e0-dc43de2b98ea"	"asc"	"42719"	"9 mi se of parks in volunteer canyon."	35.1567	-111.9194	"united states"	"arizona"	"coconino county"	NA	1250	"caprifoliaceae"	"symphoricarpos"	"oreophilus"	NA	"symphoricarpos oreophilus"
"c666c3fb-043e-4764-8078-2759ee24733b"	"ny"	"1577253"	"west side of ward mountain, south springs, lower terrace road"	39.1508	-114.9755	"united states"	"nevada"	"white pine co."	NA	NA	"caprifoliaceae"	"symphoricarpos"	"oreophilus"	NA	"symphoricarpos oreophilus a.gray"
"c67b512b-2e3e-4064-b22b-e0e18cb0976c"	"ny"	"1577228"	"meadow at upper grants ranch trailhead."	37.53	-113.37	"united states"	"utah"	"iron co."	NA	NA	"caprifoliaceae"	"symphoricarpos"	"oreophilus"	NA	"symphoricarpos oreophilus a.gray"
"c687a677-122d-4bf8-934a-4e3b078a3d58"	"asu"	"asu0039039"	"sierra madre occidental. mpio. de guachochi. ejido cusarare, n of bajichi, e of cusarare."	27.616667	-107.533333	"mexico"	"chihuahua"	NA	NA	20000	"caprifoliaceae"	"symphoricarpos"	"oreophilus"	NA	"symphoricarpos oreophilus"
"c748b1cc-fd2f-4395-831c-c9e709a635ab"	"ny"	"1577580"	"hurricane, johnson ranch, 4 miles south of navajo lake"	37.48	-112.84	"united states"	"utah"	"kane co."	NA	NA	"caprifoliaceae"	"symphoricarpos"	"oreophilus"	"utahensis"	"symphoricarpos oreophilus var. utahensis (rydb.) a.nelson"
"c809879a-0707-4a47-ae56-3a36fe28f3be"	"enlc"	"enlc00718"	"unnamed spring 1 south fork cave creek"	39.17876	-114.67707	"united states"	"nevada"	"white pine"	NA	NA	"caprifoliaceae"	"symphoricarpos"	"oreophilus"	NA	"symphoricarpos oreophilus"
"c8386d78-8d3b-4d01-b120-9346eeb44f5a"	"asc"	"77831"	"navajo reservation, sandy canyon on the ne side of cove mesa south of the carrizo mountains."	36.661320375249	-109.222227559346	"united states"	"arizona"	"apache county"	NA	NA	"caprifoliaceae"	"symphoricarpos"	"oreophilus"	"utahensis"	"symphoricarpos oreophilus var. utahensis"
"c93ca0fd-6ba7-452d-9cf5-0f1104c81ab0"	"asc"	"3311"	"walnut canyon national monument; walnut canyon"	35.20194	-111.4225	"united states"	"arizona"	"coconino county"	NA	NA	"caprifoliaceae"	"symphoricarpos"	"oreophilus"	NA	"symphoricarpos oreophilus"
"c9eadb27-ca3f-4f15-8268-2d742c1f448a"	"uvsc"	"721"	"on pole canyon road, 2 miles s of ponderosa campground, e of road."	39.789722	-111.704444	"united states"	"utah"	"juab"	NA	1800	"caprifoliaceae"	"symphoricarpos"	"oreophilus"	"parishii"	"symphoricarpos oreophilus var. parishii"
"ca11bd78-2b67-4f2f-a33f-1cea186f653e"	"ny"	"1577477"	"beaver mountain"	41.97	-111.5	"united states"	"utah"	"cache co."	NA	NA	"caprifoliaceae"	"symphoricarpos"	"oreophilus"	"utahensis"	"symphoricarpos oreophilus var. utahensis (rydb.) a.nelson"
"ca1999e0-5db8-4685-a415-ea624c4f6f7b"	"asu"	NA	"nw of prescott; 5.7k wsw of sheridan mountain; 400m northeast of moonshine springs; bottom of moonshine canyon"	34.6929	-112.943	"united states"	"arizona"	"yavapai county"	NA	NA	"caprifoliaceae"	"symphoricarpos"	"oreophilus"	NA	"symphoricarpos oreophilus"
"cbcf539a-7e3b-4250-81c4-325f9891f928"	"asc"	"88014"	"el morro national monument, west of switchbacks, under shade of cliff"	35.0384369244793	-108.355925074072	"united states"	"new mexico"	"cibola"	NA	NA	"caprifoliaceae"	"symphoricarpos"	"oreophilus"	"utahensis"	"symphoricarpos oreophilus var. utahensis"
"ccbf026d-3c82-40b9-a64a-d1fa45b753a8"	"uvsc"	"6178"	"santaquin canyon, along white pine hollow trail."	39.896944	-111.724166	"united states"	"utah"	"utah"	NA	NA	"caprifoliaceae"	"symphoricarpos"	"oreophilus"	"oreophilus"	"symphoricarpos oreophilus var. oreophilus"
"cd4106ef-84e8-43e9-b230-771e6af42a9c"	"ny"	"1577345"	"ca. 5½ air miles southeast of rome or. at sand hollow. scott reservoir quad"	42.78444444	-117.5436111	"united states"	"oregon"	"malheur co."	NA	NA	"caprifoliaceae"	"symphoricarpos"	"oreophilus"	NA	"symphoricarpos oreophilus a.gray"
"cd797a0e-8891-4b14-8ccc-b017d278cbfc"	"asc"	"92385"	"unkar basin, just south of the saddle between the north rim and juno temple"	36.148594948749	-111.892227624787	"united states"	"arizona"	"coconino county"	NA	NA	"caprifoliaceae"	"symphoricarpos"	"oreophilus"	NA	"symphoricarpos oreophilus"
"cf144090-f0e6-48cd-98f5-96f59790d36e"	"ny"	"1577501"	"deer creek road 3.5 miles air southwest of freedom, caribou range, caribou national forest"	42.94	-111.11	"united states"	"idaho"	"caribou co."	NA	NA	"caprifoliaceae"	"symphoricarpos"	"oreophilus"	"utahensis"	"symphoricarpos oreophilus var. utahensis (rydb.) a.nelson"
"cf78e2eb-8a56-4ed4-946a-17412cf354f4"	"ny"	"1577427"	"lick canyon, tributary of riggs canyon, west of no man's mesa"	37.342817	-112.170183	"united states"	"utah"	"kane co."	NA	NA	"caprifoliaceae"	"symphoricarpos"	"oreophilus"	"utahensis"	"symphoricarpos oreophilus var. utahensis (rydb.) a.nelson"
"d0d9dc5d-84cf-4352-89c4-679f481d4c4b"	"ny"	"1577453"	"along bull creek, a little southwest of bull mountain; henry mountains, 20 miles south of hanksville."	38.12	-110.76	"united states"	"utah"	"garfield co."	NA	NA	"caprifoliaceae"	"symphoricarpos"	"oreophilus"	"utahensis"	"symphoricarpos oreophilus var. utahensis (rydb.) a.nelson"
"d132ebb6-900e-4936-b8a3-e26483d3ab68"	"ills"	NA	"tensleep preserve, the nature conservancy. southwest flank, foothills, of the bighorn mountains, about 10 miles east of ten sleep in north central wyoming. (wgs84/nad83)."	43.9927	-107.22427	"united states"	"wyoming"	"washakie"	NA	NA	"caprifoliaceae"	"symphoricarpos"	"oreophilus"	"utahensis"	"symphoricarpos oreophilus var. utahensis"
"d13505a5-0732-419f-9abe-750ea4f8f0c4"	"asu"	NA	"pinaleno mountains; mount graham; sight #9 of the mount graham telescope impact survey"	32.69	-109.863	"united states"	"arizona"	"graham county"	NA	NA	"caprifoliaceae"	"symphoricarpos"	"oreophilus"	NA	"symphoricarpos oreophilus"
"d395f32f-8bef-4df9-92bd-dcddb94ed491"	"ny"	"694579"	"blackfoot mountains, wolverine creek canyon, in the narrows, 11.3 km (7 mi) west of the summit"	43.2752778	-11.9633333	"united states"	"idaho"	"bingham co."	NA	NA	"caprifoliaceae"	"symphoricarpos"	"oreophilus"	"utahensis"	"symphoricarpos oreophilus var. utahensis (rydb.) a.nelson"
"d3f25e60-84d4-4c7b-b0ba-9e22560dcf73"	"asu"	NA	"juniper mesa wilderness area; west end of juniper mesa"	34.9631	-112.958	"united states"	"arizona"	"yavapai county"	NA	NA	"caprifoliaceae"	"symphoricarpos"	"oreophilus"	"utahensis"	"symphoricarpos oreophilus var. utahensis"
"d4059246-d678-4412-ba63-a8c8af5c8bde"	"asc"	"51275"	"coconino national forest, near beaver creek ws #2."	34.7741	-111.5952	"united states"	"arizona"	"yavapai county"	NA	7000	"caprifoliaceae"	"symphoricarpos"	"oreophilus"	NA	"symphoricarpos oreophilus"
"d6cc6872-8865-49cf-8123-ea8d366bfc5e"	"ny"	"1578381"	"0.1 km up dirt road east of sr 33, ca. 0.5 mile east of avintaquin campground. 3.25 km east-southeast of mud sping. gray head peak quad (7.5 min.)"	39.875	-110.7536	"united states"	"utah"	"duchesne co."	NA	NA	"caprifoliaceae"	"symphoricarpos"	"oreophilus"	NA	"symphoricarpos oreophilus a.gray"
"d73b73c9-f4b0-42c2-96bb-bdbdb8819916"	"ny"	"1577418"	"independence mts., sheep creek, 4.7 air miles n of the saval ranch."	41.38	-115.93	"united states"	"nevada"	"elko co."	NA	NA	"caprifoliaceae"	"symphoricarpos"	"oreophilus"	"utahensis"	"symphoricarpos oreophilus var. utahensis (rydb.) a.nelson"
"d76f25ae-ad1c-448e-b7c7-47408ec9b51a"	"ny"	"1577400"	"along the south fork of pine creek, shortly above its junction with north fork. toquima mountains, ca. 110 km s of austin"	38.8	-116.88	"united states"	"nevada"	"nye co."	NA	NA	"caprifoliaceae"	"symphoricarpos"	"oreophilus"	"utahensis"	"symphoricarpos oreophilus var. utahensis (rydb.) a.nelson"
"d83fef58-1629-49e6-a82c-a083f31ec727"	"des"	"des00045585"	"huachuchua mountains, coronado national forest, along crest trail (no. 103) near bathtub spring."	31.406	-110.3133	"united states"	"arizona"	"cochise"	NA	NA	"caprifoliaceae"	"symphoricarpos"	"oreophilus"	NA	"symphoricarpos oreophilus"
"da7b12d3-4015-4408-9d96-c17104030eb0"	"ny"	"1577382"	"along buena vista creek, in the west humboldt mountains above unionville"	40.4576	-118.1801	"united states"	"nevada"	"pershing co."	NA	NA	"caprifoliaceae"	"symphoricarpos"	"oreophilus"	"utahensis"	"symphoricarpos oreophilus var. utahensis (rydb.) a.nelson"
"dbd1e185-0fc9-4594-86e4-c4abf54b36d5"	"asc"	"89612"	"grand canyon national park; north rim; vicinity of tiyo point w of outlet canyon, 1 mi to n in drainage. nps-nvmp plot 93039. narrow riparian drainage channel in ponderosa pine woodland with occasional aspen and mixed conifers."	36.18973	-112.12556	"united states"	"arizona"	"coconino county"	NA	5	"caprifoliaceae"	"symphoricarpos"	"oreophilus"	"utahensis"	"symphoricarpos oreophilus var. utahensis"
"ddeed4dc-9f58-4e2a-9e34-81c443001abe"	"utc"	"utc00224906"	"hwy. 36 n of preston up strawberry canyon  3/4 mi up copenhagen basin rd.  excavated area on the e side of the rd.  past"	42.3577778	-111.5544444	"united states"	"idaho"	"bear lake"	NA	NA	"caprifoliaceae"	"symphoricarpos"	"oreophilus"	NA	"symphoricarpos oreophilus"
"dfaadc54-1d03-4851-a86a-9ef09890dd1b"	"ny"	"1577522"	"north long point above and north of dark canyon"	37.854483	-109.866817	"united states"	"utah"	"san juan co."	NA	NA	"caprifoliaceae"	"symphoricarpos"	"oreophilus"	"utahensis"	"symphoricarpos oreophilus var. utahensis (rydb.) a.nelson"
"e1d2230d-77e6-4516-842d-0f1ac292147e"	"utc"	"utc00229794"	"cache national forest ; 100 ft. downstream of bridge crossing logan river on franklin basin road. approx. 28 miles east of logan in logan canyon"	41.9805556	-111.6	"united states"	"utah"	"cache"	NA	NA	"caprifoliaceae"	"symphoricarpos"	"oreophilus"	"utahensis"	"symphoricarpos oreophilus var. utahensis"
"e3ded555-9487-4427-92bd-282e45d8c1be"	"uvsc"	"7869"	"n of mill hollow reservoir;"	40.483337	-111.100003	"united states"	"utah"	"wasatch"	NA	1800	"caprifoliaceae"	"symphoricarpos"	"oreophilus"	"utahensis"	"symphoricarpos oreophilus var. utahensis"
"e41998ea-8728-4746-be06-274f24bf3d10"	"ny"	"1577294"	"grouse creek mountains, dove creek pass"	41.8216	-113.6671	"united states"	"utah"	"box elder co."	NA	NA	"caprifoliaceae"	"symphoricarpos"	"oreophilus"	NA	"symphoricarpos oreophilus a.gray"
"e479d64c-7458-4337-818b-11d7fa1f306c"	"uvsc"	"18057"	"uinta mountains, sheep creek gap, along utah highway 44, at the junction with the sheep creek geologic loop;"	40.929473	-109.721973	"united states"	"utah"	"daggett"	NA	NA	"caprifoliaceae"	"symphoricarpos"	"oreophilus"	NA	"symphoricarpos oreophilus"
"e4dc0e58-9fde-4a99-a734-96ac2becb393"	"ny"	"1577300"	"toiyabe national forest; toiyabe range; mahogany gulch of kingston canyon drainage"	39.3369	-117.1469	"united states"	"nevada"	"lander co."	NA	NA	"caprifoliaceae"	"symphoricarpos"	"oreophilus"	NA	"symphoricarpos oreophilus a.gray"
"e5a3155f-6cbd-49a4-a5ac-c840eb530bad"	"ny"	"1577495"	"sublette canyon"	42.2651	-112.8774	"united states"	"idaho"	"oneida co."	NA	NA	"caprifoliaceae"	"symphoricarpos"	"oreophilus"	"utahensis"	"symphoricarpos oreophilus var. utahensis (rydb.) a.nelson"
"e7b6b6cf-a213-4981-a790-0c29a3e7dd70"	"ny"	"01192148"	"south hollow-canaan peak road, 0.8 km (0.5 mi) south of state route 12"	37.6761	-111.8097	"united states"	"utah"	"garfield co."	NA	NA	"caprifoliaceae"	"symphoricarpos"	"oreophilus"	"utahensis"	"symphoricarpos oreophilus var. utahensis (rydb.) a.nelson"
"ea41808b-245f-425c-b235-117688dadfee"	"ny"	"1577378"	"70 miles northwest of elko on jack creek"	41.50665	-116.077406	"united states"	"nevada"	"elko co."	NA	NA	"caprifoliaceae"	"symphoricarpos"	"oreophilus"	"utahensis"	"symphoricarpos oreophilus var. utahensis (rydb.) a.nelson"
"ea6d6c85-4770-455c-a8c8-5574a62e93b5"	"uvsc"	"14437"	"e slopes of mount timpanogos, canyon n of elk point, along the timpanogos trail at the avalanche ca 0.5 mile w of aspen grove;"	40.404816	-111.61195	"united states"	"utah"	"utah"	NA	30	"caprifoliaceae"	"symphoricarpos"	"oreophilus"	NA	"symphoricarpos oreophilus"
"ec97149b-09fe-415a-b371-a73165ce07c4"	"enlc"	"enlc02358"	"new pass range. ~.3 miles by air northeast of new pass peak on ridgeline."	39.650975	-117.479748	"united states"	"nevada"	"lander"	NA	50	"caprifoliaceae"	"symphoricarpos"	"oreophilus"	"parishii"	"symphoricarpos oreophilus var. parishii"
"ecb162a0-39c6-41bf-91af-042a0133353d"	"ny"	"1577284"	"16 miles due east of ely, summit of cave mountain"	39.1631	-114.6081	"united states"	"nevada"	"white pine co."	NA	NA	"caprifoliaceae"	"symphoricarpos"	"oreophilus"	NA	"symphoricarpos oreophilus a.gray"
"ece323cf-26b5-4374-85bd-601986d68005"	"uvsc"	"1529"	"north end of causey reservoir, off sr 39, ogden canyon."	41.313888	-111.555555	"united states"	"utah"	"weber"	NA	1800	"caprifoliaceae"	"symphoricarpos"	"oreophilus"	"utahensis"	"symphoricarpos oreophilus var. utahensis"
"ed8ef203-9d64-4ce5-a247-0c43998c02d7"	"asc"	"51276"	"coconino national forest, beaver creek ws #7, 6 mi nw of happy jack."	34.768056	-111.508611	"united states"	"arizona"	"coconino county"	NA	NA	"caprifoliaceae"	"symphoricarpos"	"oreophilus"	NA	"symphoricarpos oreophilus"
"edbfb18d-0621-45d3-b63c-e8f1adae7387"	"utc"	"utc00265785"	"cedar mountain, east of cedar city"	37.491867	-112.944917	"united states"	"utah"	"iron"	NA	NA	"caprifoliaceae"	"symphoricarpos"	"oreophilus"	NA	"symphoricarpos oreophilus"
"ee0e124c-4ec7-4576-ad04-fec14e454df8"	"ny"	"1577305"	"mt. nebo, bear canyon"	39.8	-111.72	"united states"	"utah"	"juab co."	NA	NA	"caprifoliaceae"	"symphoricarpos"	"oreophilus"	"oreophilus"	"symphoricarpos oreophilus var. oreophilus"
"ef31ad3d-2e9c-4807-a7ae-3ceadd0bf0b1"	"utc"	"utc00274210"	"new pass range. ~.3 miles by air northeast of new pass peak on ridgeline."	39.650975	-117.479748	"united states"	"nevada"	"lander"	NA	50	"caprifoliaceae"	"symphoricarpos"	"oreophilus"	"parishii"	"symphoricarpos oreophilus var. parishii"
"ef963fa3-6547-4a87-aaa5-f5333be52f15"	"asc"	"75850"	"santa catalina mountains  mount lemmon summit. fire tower, meadow trails."	32.3737	-110.785617	"united states"	"arizona"	"pima county"	NA	NA	"caprifoliaceae"	"symphoricarpos"	"oreophilus"	NA	"symphoricarpos oreophilus"
"f09d91be-5432-41d6-8cd0-7ff94e6445f3"	"ny"	"1577391"	"white mountains: canyon of n fork of chiatovich creek 2.8 miles n 64° e of mt. dubois summit.  fishlake valley drainage"	37.8031	-118.3019	"united states"	"california"	"mono co."	NA	NA	"caprifoliaceae"	"symphoricarpos"	"oreophilus"	"utahensis"	"symphoricarpos oreophilus var. utahensis (rydb.) a.nelson"
"f0a9a006-0289-4dab-a69f-8733d6202050"	"ny"	"1577440"	"pine valley. left fork along creek"	37.38	-113.45	"united states"	"utah"	"washington co."	NA	NA	"caprifoliaceae"	"symphoricarpos"	"oreophilus"	"utahensis"	"symphoricarpos oreophilus var. utahensis (rydb.) a.nelson"
"f0bfccd6-dfcd-4f54-9b53-3659f670e15f"	"ny"	"1577529"	"headwaters of left fork of minnie maude creek, west tavaputs plateau, 20 miles north of wellington."	39.801686	-110.565231	"united states"	"utah"	"carbon co."	NA	NA	"caprifoliaceae"	"symphoricarpos"	"oreophilus"	"utahensis"	"symphoricarpos oreophilus var. utahensis (rydb.) a.nelson"
"f10a692b-e7f3-4afd-96a9-7a3d00cdd41b"	"utc"	"utc00224564"	"dixie national forest ; forest boundary in cedar canyon along crow creek."	37.5833333	-112.9166667	"united states"	"utah"	"iron"	NA	NA	"caprifoliaceae"	"symphoricarpos"	"oreophilus"	NA	"symphoricarpos oreophilus"
"f2a4aa95-38c2-4ce3-9da9-079d24ca6056"	"ny"	"1577507"	"south hills, rogerson-oakley road, shoshone creek, near shoshone guard station, 19.1 (12.5 airline) miles east of rogerson"	42.22	-114.35	"united states"	"idaho"	"twin falls co."	NA	NA	"caprifoliaceae"	"symphoricarpos"	"oreophilus"	"utahensis"	"symphoricarpos oreophilus var. utahensis (rydb.) a.nelson"
"f2c84416-416c-4fe2-b395-9d30c8c78345"	"utc"	"utc00186453"	"wasatch cache national forest; 500 yards, south and above snow basin parking lot."	41.22	-111.8483333	"united states"	"utah"	"weber"	NA	NA	"caprifoliaceae"	"symphoricarpos"	"oreophilus"	NA	"symphoricarpos oreophilus"
"f3ef8a5a-4f4c-4dbe-8ea8-8ec13f752adc"	"ny"	"1577335"	"deep creek mountains, granite creek canyon"	39.79	-113.9	"united states"	"utah"	"juab co."	NA	NA	"caprifoliaceae"	"symphoricarpos"	"oreophilus"	"oreophilus"	"symphoricarpos oreophilus var. oreophilus"
"f499dc4c-eb13-489d-92b7-ba988a523f5a"	"utc"	"utc00266551"	"jay wilde ranch; 7188 east birch creek rd., 0.5 mile e and 0.25 mi s of house"	42.220733	-111.690917	"united states"	"idaho"	"franklin"	NA	NA	"caprifoliaceae"	"symphoricarpos"	"oreophilus"	"utahensis"	"symphoricarpos oreophilus var. utahensis"
"f4c0131f-5657-490f-8a1c-c436215441f2"	"ny"	"1577509"	"on a dry slope above chipman creek; in chipman canyon below yellow streak mountain above sunflower flat. in the foothills of ""the mahoganies""."	41.8	-115.78	"united states"	"nevada"	"elko co."	NA	NA	"caprifoliaceae"	"symphoricarpos"	"oreophilus"	"utahensis"	"symphoricarpos oreophilus var. utahensis (rydb.) a.nelson"
"f5067f07-e85d-4445-94c0-0e2074c1bf97"	"des"	"des00038552"	"dark canyon, ca 150 yards east of scorup cabin and horse pasture canyon, at base of, and against large alcove on north side of creek."	37.769083	-109.820944	"united states"	"utah"	"san juan"	NA	NA	"caprifoliaceae"	"symphoricarpos"	"oreophilus"	NA	"symphoricarpos oreophilus"
"f6251288-3ea3-46f1-8763-2ce57220b7ad"	"ny"	"1577320"	"lasal mountains, warner lake"	38.515	-109.27839	"united states"	"utah"	"san juan co."	NA	NA	"caprifoliaceae"	"symphoricarpos"	"oreophilus"	NA	"symphoricarpos oreophilus a.gray"
"f686efe4-1f2a-4565-9f6f-6008976b747d"	"ny"	"1577376"	"preuss range, caribou forest, ridge above montpelier creek just west of whiskey flat"	42.44	-111.2	"united states"	"idaho"	"bear lake co."	NA	NA	"caprifoliaceae"	"symphoricarpos"	"oreophilus"	"utahensis"	"symphoricarpos oreophilus var. utahensis (rydb.) a.nelson"
"f7c26247-d52b-4dfa-80cd-1d89b1d27db1"	"dbg"	"khd00043113"	"vermejo park ranch: culebra range: along base of prominent cliffs on north side of long canyon 1.2 air mi w of uppermost of seven lakes; 1.5 air mi e of summit of big costilla peak."	36.91797222	-105.3008056	"united states"	"new mexico"	"taos"	NA	7	"caprifoliaceae"	"symphoricarpos"	"oreophilus"	"oreophilus"	"symphoricarpos oreophilus var. oreophilus"
"f804200c-087b-4af8-b369-f586b947c3d8"	"des"	"des00041070"	"navajo indian reservation, upper reaches of fir canyon (side canyon to tsegi canyon to the west), laguna creek drainage, on stream bank."	36.690295	-110.517022	"united states"	"arizona"	"navajo"	NA	1506	"caprifoliaceae"	"symphoricarpos"	"oreophilus"	NA	"symphoricarpos oreophilus"
"f80d680a-846e-4ca8-a5da-441f93ed96e9"	"des"	"des00038033"	"kaibab plateau, east rim view point, along trail #7, ca 1 mile down from trailhead, above north canyon."	36.4069	-112.082	"united states"	"arizona"	"coconino county"	NA	NA	"caprifoliaceae"	"symphoricarpos"	"oreophilus"	"utahensis"	"symphoricarpos oreophilus var. utahensis"
"f8259515-1787-4a82-a265-68e8445d5ba2"	"utc"	"utc00225302"	"cache national forest ; card canyon 10 mi. up logan canyon going east toward bear lake.  turn off is on the south side of the highway  across fr"	41.7666667	-111.5833333	"united states"	"utah"	"cache"	NA	NA	"caprifoliaceae"	"symphoricarpos"	"oreophilus"	NA	"symphoricarpos oreophilus"
"f8e448f4-6e03-41b4-8de5-016ee2dbb8b5"	"ny"	"1577278"	"sweetwater mountains, northeast end of little smith valley, northwest base of east sister"	38.542969	-119.295158	"united states"	"nevada"	"lyon co."	NA	NA	"caprifoliaceae"	"symphoricarpos"	"oreophilus"	NA	"symphoricarpos oreophilus a.gray"
"fa4f8771-843a-4f4d-8beb-95351a809d80"	"ny"	"01109874"	"on large knoll northeast of jacks creek in upper dave creek basin 10 miles south of murphy hot springs, idaho, in jarbidge mountains"	41.894983	-115.37365	"united states"	"nevada"	"elko co."	NA	NA	"caprifoliaceae"	"symphoricarpos"	"oreophilus"	"utahensis"	"symphoricarpos oreophilus var. utahensis (rydb.) a.nelson"
"fb3ff2b3-dfac-44dc-bcf7-a4a5c5dcc95f"	"ny"	"1577567"	"wasatch range, flagstaff mountain, between empire and ontario canyons; along unimproved part of ut 224 ca. 6.4 road miles north of jct. ut 152 above brighton and 2.2 road miles south of jct. ut 248 in park city"	40.62	-111.49	"united states"	"utah"	"summit co."	NA	NA	"caprifoliaceae"	"symphoricarpos"	"oreophilus"	"utahensis"	"symphoricarpos oreophilus var. utahensis (rydb.) a.nelson"
"fb6714e6-6c56-4eb9-bd05-4e2745fceb45"	"asc"	"41279"	"oldham park"	35.2593	-111.6044	"united states"	"arizona"	"coconino county"	NA	1250	"caprifoliaceae"	"symphoricarpos"	"oreophilus"	NA	"symphoricarpos oreophilus"
"fd067ad2-059f-48e3-bc99-29e03fc61eb7"	"asu"	NA	"baboquivari mountains; sabino canyon; baboquivari peak 7.5' quad."	31.7762	-111.598	"united states"	"arizona"	"pima county"	NA	700	"caprifoliaceae"	"symphoricarpos"	"oreophilus"	NA	"symphoricarpos oreophilus"
"fd83052f-3a3a-4558-801d-9485656e2026"	"ny"	"1577422"	"ca. 9 miles due northeast of mount waas, la sal mountains. polar mesa."	38.66	-109.13	"united states"	"utah"	"grand co."	NA	NA	"caprifoliaceae"	"symphoricarpos"	"oreophilus"	"utahensis"	"symphoricarpos oreophilus var. utahensis (rydb.) a.nelson"
"fddfcc12-94eb-4f24-b261-4017dfb58036"	"ny"	"1577424"	"toiyabe range, s fork of birch creek"	39.4	-117.07	"united states"	"nevada"	"lander co."	NA	NA	"caprifoliaceae"	"symphoricarpos"	"oreophilus"	"utahensis"	"symphoricarpos oreophilus var. utahensis (rydb.) a.nelson"
"fe3ba0b3-3ba7-4f4a-b5b4-3d2223666e6b"	"asc"	"95972"	"abajo mountains, along south cottonwood creek road west of blanding"	37.835333	-109.736833	"united states"	"utah"	"san juan county"	NA	NA	"caprifoliaceae"	"symphoricarpos"	"oreophilus"	NA	"symphoricarpos oreophilus"
"fec53fef-9406-432e-b5bc-5204ce63460f"	"asu"	NA	"rim of horse thief basin"	34.1667	-112.267	"united states"	"arizona"	"yavapai county"	NA	NA	"caprifoliaceae"	"symphoricarpos"	"oreophilus"	NA	"symphoricarpos oreophilus"
