"00f32ae1-624f-45be-b659-c0af365b745b"	"uconn"	"conn00174262"	"dudley. southbridge n.w. school road near tracy road."	42.05	-71.93333	"united states"	"massachusetts"	"worcester county"	"dudley"	20000	"pinaceae"	"tsuga"	"canadensis"	NA	"tsuga canadensis (l.) carr."
"01dc26df-eae8-4f92-8e02-afa90e070902"	"cmc"	"cmc00001835"	"[no precise location]"	43.589829	-84.777617	"united states"	"michigan"	"isabella"	NA	969	"pinaceae"	"tsuga"	"canadensis"	NA	"tsuga canadensis"
"03afa16e-8a55-4625-b2db-236c40f9d24e"	"eiu"	NA	"yale natural preserve, new haven"	41.323889	-72.991667	"united states"	"connecticut"	"new haven"	NA	NA	"pinaceae"	"tsuga"	"canadensis"	NA	"tsuga canadensis"
"05b5bd6c-c555-4362-b4fc-7480a0018c5a"	"uconn"	"conn00174302"	"westborough"	42.26944	-71.61611	"united states"	"massachusetts"	"worcester county"	"westborough"	5000	"pinaceae"	"tsuga"	"canadensis"	NA	"tsuga canadensis (l.) carr."
"06bebfb5-d14d-48bc-8f7f-f4bdce58c6e5"	"uconn"	"conn00174265"	"ashburnham"	42.65	-71.91666	"united states"	"massachusetts"	"worcester county"	"ashburnham"	20000	"pinaceae"	"tsuga"	"canadensis"	NA	"tsuga canadensis (l.) carr."
"06e5a5da-6822-4dc4-8a72-39ee550cf109"	"uconn"	"conn00012596"	"bartlett arboretum"	41.13472	-73.55	"united states"	"connecticut"	"fairfield county"	"stamford"	20000	"pinaceae"	"tsuga"	"canadensis"	NA	"tsuga canadensis 'hussii'"
"074bc5ae-9546-4f76-8dfb-0200e35d3725"	"uconn"	"conn00174291"	"leicester"	42.24583	-71.90861	"united states"	"massachusetts"	"worcester county"	"leicester"	5000	"pinaceae"	"tsuga"	"canadensis"	NA	"tsuga canadensis (l.) carr."
"07bde80c-9279-43ff-9b42-bf4d45b940d0"	"ny"	"72203"	"mianus river gorge."	41.1774	-73.6175	"united states"	"new york"	"westchester co."	NA	NA	"pinaceae"	"tsuga"	"canadensis"	NA	"tsuga canadensis (l.) carrière"
"096f132d-1e23-433b-9a16-42ef0ea2fb64"	"uconn"	"conn00174259"	"charlton"	42.13555	-71.97	"united states"	"massachusetts"	"worcester county"	"charlton"	5000	"pinaceae"	"tsuga"	"canadensis"	NA	"tsuga canadensis (l.) carr."
"09c6645c-44aa-4675-9ec2-bc04aeb05645"	"uconn"	"conn00174279"	"boylston"	42.35	-71.71611	"united states"	"massachusetts"	"worcester county"	"boylston"	5000	"pinaceae"	"tsuga"	"canadensis"	NA	"tsuga canadensis (l.) carr."
"0b1e6d8e-0bbd-4e14-85ff-1b29be2cbd96"	"uconn"	"conn00174258"	"bolton"	42.43333	-71.60833	"united states"	"massachusetts"	"worcester"	"bolton"	5000	"pinaceae"	"tsuga"	"canadensis"	NA	"tsuga canadensis (l.) carr."
"0bf97e0e-bf0d-4dea-9669-73bc28df86c4"	"ny"	"1583804"	"2.5 mi ssw of catsill, w of green point road"	42.1828	-73.8764	"united states"	"new york"	"greene co."	NA	NA	"pinaceae"	"tsuga"	"canadensis"	NA	"tsuga canadensis (l.) carrière"
"0c5638a3-5911-4c9e-8f24-3e8c412e900e"	"ny"	"1117794"	"state game lands no. 312, s end of lehigh pond"	41.2583	-75.4194	"united states"	"pennsylvania"	"wayne co."	NA	NA	"pinaceae"	"tsuga"	"canadensis"	NA	"tsuga canadensis (l.) carrière"
"0fbe3c00-11c5-4c84-a50a-6ac76078cd0f"	"uconn"	"conn00012618"	NA	42.43333	-72.1	"united states"	"massachusetts"	"worcester county"	"barre"	NA	"pinaceae"	"tsuga"	"canadensis"	NA	"tsuga canadensis engelm."
"102e4609-2d2b-4cc8-a133-c845c0a00d4c"	"uconn"	"conn00012611"	"middlesex fells reservation, middlesex county"	42.4475	-71.10638	"united states"	"massachusetts"	"middlesex county"	NA	NA	"pinaceae"	"tsuga"	"canadensis"	NA	"tsuga canadensis engelm."
"121aa757-1fad-452d-8f07-c6a0bdcd5b92"	"uconn"	"conn00174275"	"north brookfield. vicinity of new braintree boundary, waite corner road."	42.26666	-72.08333	"united states"	"massachusetts"	"worcester county"	"north brookfield"	5000	"pinaceae"	"tsuga"	"canadensis"	NA	"tsuga canadensis (l.) carr."
"1250ec7a-317b-48be-9906-4f127d0ba108"	"uconn"	"conn00174292"	"lunenburg"	42.59444	-71.72444	"united states"	"massachusetts"	"worcester county"	"lunenburg"	20000	"pinaceae"	"tsuga"	"canadensis"	NA	"tsuga canadensis (l.) carr."
"131ec25f-e245-424f-aa41-7516bb0ee43e"	"uconn"	"conn00012590"	"calvary cemetary"	41.55833	-73.0375	"united states"	"connecticut"	"new haven county"	"waterbury"	20000	"pinaceae"	"tsuga"	"canadensis"	NA	"tsuga canadensis engelm."
"1366a9b8-1c4b-4085-a12a-d84e70a720f4"	"ny"	"01268874"	"new york city, grounds of the new york botanical garden, n of waring avenue and w of the bronx river"	40.865269	-73.877653	"united states"	"new york"	"bronx co."	NA	NA	"pinaceae"	"tsuga"	"canadensis"	NA	"tsuga canadensis (l.) carrière"
"15143fd7-7c6e-449b-87d2-90cc1888e9f3"	"dek"	"dek000091130"	"fence lake vicinity"	46.26694	-88.11639	"united states"	"michigan"	"iron"	NA	716	"pinaceae"	"tsuga"	"canadensis"	NA	"tsuga canadensis"
"153e560c-f99d-4b1e-90ee-641f8c8d7a33"	"uconn"	"conn00012571"	"westfield falls"	41.58027	-72.71527	"united states"	"connecticut"	"middlesex county"	"middletown, westfield"	20000	"pinaceae"	"tsuga"	"canadensis"	NA	"tsuga canadensis engelm."
"1696fc95-e821-477d-ae1b-0567c7e563c1"	"uconn"	"conn00039983"	"harvard forest, petersham"	42.50833	-72.20833	"united states"	"massachusetts"	"worcester county"	"petersham"	20000	"pinaceae"	"tsuga"	"canadensis"	NA	"tsuga canadensis engelm."
"16beac56-ae1d-41bb-92fd-1ab7d402f306"	"uconn"	"conn00174287"	"holden"	42.35166	-71.85777	"united states"	"massachusetts"	"worcester county"	"holden"	5000	"pinaceae"	"tsuga"	"canadensis"	NA	"tsuga canadensis (l.) carr."
"1816cb61-6d05-4bef-8912-8f192a353fa3"	"uconn"	"conn00012603"	"bartlett arboretum"	41.13472	-73.55	"united states"	"connecticut"	"fairfield county"	"stamford"	20000	"pinaceae"	"tsuga"	"canadensis"	NA	"tsuga canadensis 'bennett'"
"18d9b414-caec-423c-a65a-0f3b8309b5e6"	"uconn"	"conn00012591"	NA	41.79166	-72.12694	"united states"	"connecticut"	"windham county"	"chaplin"	NA	"pinaceae"	"tsuga"	"canadensis"	NA	"tsuga canadensis engelm."
"19bbbdb3-e6a1-4ab6-8920-b3f51fbf2bb1"	"uconn"	"conn00012619"	NA	44.39722	-71.07555	"united states"	"new hampshire"	"coos county"	"shelburne"	NA	"pinaceae"	"tsuga"	"canadensis"	NA	"tsuga canadensis engelm."
"1acfa8b9-6d62-4bc2-9211-480f7752cec4"	"uconn"	"conn00012573"	"devil's hopyard state park, east haddam"	41.47611	-72.34166	"united states"	"connecticut"	"middlesex county"	"east haddam"	20000	"pinaceae"	"tsuga"	"canadensis"	NA	"tsuga canadensis engelm."
"1efece3c-5bc9-44d0-8337-b43d3e9e73b1"	"uconn"	"conn00174290"	"lancaster"	42.45555	-71.67305	"united states"	"massachusetts"	"worcester county"	"lancaster"	5000	"pinaceae"	"tsuga"	"canadensis"	NA	"tsuga canadensis (l.) carr."
"1f4fc52b-e25a-4808-9c14-cc3ca9eee009"	"uconn"	"conn00174288"	"hopedale"	42.13333	-71.55	"united states"	"massachusetts"	"worcester county"	"hopedale"	20000	"pinaceae"	"tsuga"	"canadensis"	NA	"tsuga canadensis (l.) carr."
"21412ed6-5bf9-4a36-8127-d3ec8a2ae3bc"	"ny"	"1069858"	"state game lands no. 36, falls creek, 1 mi n of confluence with schrader creek, ca. 0.75 mi w of barclay station on minerville rd"	41.6403	-76.5972	"united states"	"pennsylvania"	"bradford co."	NA	NA	"pinaceae"	"tsuga"	"canadensis"	NA	"tsuga canadensis (l.) carrière"
"21632f86-df8a-4e03-a119-22394eca3e81"	"ku"	"354416"	"norton shores"	43.125	-86.275	"united states"	"michigan"	"muskegon"	NA	NA	"pinaceae"	"tsuga"	"canadensis"	NA	"tsuga canadensis"
"2175d60b-d9f3-4558-a931-43d10a70b0db"	"uconn"	"conn00174309"	"southborough. route 85 near junction of route 9."	42.3	-71.53333	"united states"	"massachusetts"	"worcester county"	"southborough"	20000	"pinaceae"	"tsuga"	"canadensis"	NA	"tsuga canadensis (l.) carr."
"22032ca6-9f8b-43c6-b4bb-3c6045dde780"	"uconn"	"conn00012585"	NA	41.98333	-72.69166	"united states"	"connecticut"	"hartford county"	"suffield"	NA	"pinaceae"	"tsuga"	"canadensis"	NA	"tsuga canadensis engelm."
"22ac0c67-6f7e-4813-9cfc-a68c11a81ae8"	"uconn"	"conn00170700"	"grafton, massachusetts. northeast slope to a treed swamp, route 140, approaching silver spring lake from center."	42.20694	-71.68555	"united states"	"massachusetts"	"worcester county"	"grafton"	5000	"pinaceae"	"tsuga"	"canadensis"	NA	"tsuga canadensis engelm."
"22b04e86-dccf-450f-bfce-f54eb3a621fa"	"uconn"	"conn00174295"	"sutton"	42.15	-71.76277	"united states"	"massachusetts"	"worcester county"	"sutton"	5000	"pinaceae"	"tsuga"	"canadensis"	NA	"tsuga canadensis (l.) carr."
"2304874e-76f8-44dd-a54c-07309e11e4be"	"uconn"	"conn00012574"	NA	41.76777	-72.75444	"united states"	"connecticut"	"hartford county"	"west hartford"	NA	"pinaceae"	"tsuga"	"canadensis"	NA	"tsuga canadensis engelm."
"2306f2bb-79a5-44c7-951c-1d30f99359eb"	"uconn"	"conn00012581"	"fourwinds farm road"	41.85138	-73.23638	"united states"	"connecticut"	"litchfield county"	"goshen"	20000	"pinaceae"	"tsuga"	"canadensis"	NA	"tsuga canadensis engelm."
"2350d186-82fb-4579-9c06-55e1c68fa50b"	"uconn"	"conn00174294"	"sturbridge. glendale street, adjacent to brookfield boundary."	42.10833	-72.07861	"united states"	"massachusetts"	"worcester county"	"sturbridge"	5000	"pinaceae"	"tsuga"	"canadensis"	NA	"tsuga canadensis (l.) carr."
"2489b304-ff2e-41b4-9066-4032d36ee5a2"	"ny"	"01268816"	"city of new york. grounds of the new york botanical garden, n of waring avenue and w of the bronx river"	40.863989	-73.877278	"united states"	"new york"	"bronx co."	NA	NA	"pinaceae"	"tsuga"	"canadensis"	NA	"tsuga canadensis (l.) carrière"
"25072a24-8af0-4bca-959d-954d05907e9b"	"uconn"	"conn00086000"	"camp ossipee. edge of road leading to camp."	43.59044	-71.27202	"united states"	"new hampshire"	"carroll county"	"wolfeboro"	1	"pinaceae"	"tsuga"	"canadensis"	NA	"tsuga canadensis engelm."
"2510143e-9a8a-4269-9c45-bc38d1524846"	"uconn"	"conn00012561"	"bartlett arboretum"	41.13472	-73.55	"united states"	"connecticut"	"fairfield county"	"stamford"	20000	"pinaceae"	"tsuga"	"canadensis"	NA	"tsuga canadensis 'minima'"
"25d39b41-8529-40c7-b0e8-a740709eaf6f"	"uconn"	"conn00012560"	"bartlett arboretum"	41.13472	-73.55	"united states"	"connecticut"	"fairfield county"	"stamford"	20000	"pinaceae"	"tsuga"	"canadensis"	NA	"tsuga canadensis 'muttontown'"
"2812c0a4-03e3-4a06-8325-7aac9bf090c8"	"uconn"	"conn00174305"	"westminster, massachusetts"	42.54583	-71.91055	"united states"	"massachusetts"	"worcester county"	"westminster"	5000	"pinaceae"	"tsuga"	"canadensis"	NA	"tsuga canadensis (l.) carr."
"2a72c5d5-77fb-48eb-a224-6facfa65b838"	"ny"	"64167"	"near biltmore"	35.59435	-77.430878	"united states"	"north carolina"	"pitt co."	NA	NA	"pinaceae"	"tsuga"	"canadensis"	NA	"tsuga canadensis (l.) carrière"
"2b938539-9037-4155-b24c-a1ed9fa9cdae"	"uconn"	"conn00012580"	NA	41.875	-72.66666	"united states"	"connecticut"	"hartford county"	"windsor"	NA	"pinaceae"	"tsuga"	"canadensis"	NA	"tsuga canadensis engelm."
"2ccd7e32-34aa-413c-b099-e5ea2eb0e12f"	"uconn"	"conn00012584"	"university of connecticut campus"	41.80916	-72.25416	"united states"	"connecticut"	"tolland county"	"mansfield, storrs"	20000	"pinaceae"	"tsuga"	"canadensis"	NA	"tsuga canadensis engelm."
"2cf1ea45-8aa2-47b9-8580-e15360080a5e"	"ny"	"01088283"	"tioga state forest, ca 8 km n of us route 6 and ca 12 km w of the potter co. border, headwaters and drainage of asaph run"	41.8128269	-77.4655469	"united states"	"pennsylvania"	"tioga co."	NA	NA	"pinaceae"	"tsuga"	"canadensis"	NA	"tsuga canadensis (l.) carrière"
"2e5a1d3a-710a-4311-afed-c5cf40fd8518"	"ku"	"350096"	"st ignace, 6 mi n, 6 mi w"	45.9355556	-84.8738889	"united states"	"michigan"	"mackinac"	NA	NA	"pinaceae"	"tsuga"	"canadensis"	NA	"tsuga canadensis"
"2e694570-25e3-46af-8b15-16341e50fe08"	"ny"	"01116316"	"ca 29 km ese of crossville, n of interstate 40"	35.897539	-84.727911	"united states"	"tennessee"	"cumberland co."	NA	NA	"pinaceae"	"tsuga"	"canadensis"	NA	"tsuga canadensis (l.) carrière"
"30ebb2a4-e755-4a45-8c0e-2c1cac0bcb21"	"ny"	"1216613"	"allegheny national forest, dark hollow rd. 0.5 mi n of jct w/ river rd., along dark hollow creek"	41.3578	-79.0867	"united states"	"pennsylvania"	"elk co."	NA	NA	"pinaceae"	"tsuga"	"canadensis"	NA	"tsuga canadensis (l.) carrière"
"3478fbc6-2c1c-4dc6-ae23-d77ca0c48fd3"	"uconn"	"conn00042065"	"university of connecticut campus"	41.80916	-72.25416	"united states"	"connecticut"	"tolland county"	"mansfield, storrs"	20000	"pinaceae"	"tsuga"	"canadensis"	NA	"tsuga canadensis engelm."
"34e188ac-420d-41ce-9c88-c56a7e89539e"	"uconn"	"conn00170699"	"northbridge. douglas road from whitinsville"	42.13333	-71.65	"united states"	"massachusetts"	"worcester county"	"northbridge"	20000	"pinaceae"	"tsuga"	"canadensis"	NA	"tsuga canadensis engelm."
"352360d1-298c-43d2-a036-adccddf63ac4"	"dek"	"dek000091127"	"hubbardston"	42.47361	-72.00667	"united states"	"massachusetts"	"worcester"	"hubbardston"	3036	"pinaceae"	"tsuga"	"canadensis"	NA	"tsuga canadensis"
"35b90e7f-5842-41ba-902d-5d20b1e7000d"	"ny"	"978132"	"state game lands no. 57, sorber mountain, orange trail, ~1.5 mi s of stull, e of noxen, noxen township"	41.4069	-76.0917	"united states"	"pennsylvania"	"wyoming co."	NA	NA	"pinaceae"	"tsuga"	"canadensis"	NA	"tsuga canadensis (l.) carrière"
"36248a51-d65e-4a6c-a3e6-e6e9ea42a033"	"cmc"	"cmc00001842"	"[no precise location]"	43.589753	-84.797609	"united states"	"michigan"	"isabella"	NA	969	"pinaceae"	"tsuga"	"canadensis"	NA	"tsuga canadensis"
"362f7d5c-a41f-490c-9a96-600126b99f00"	"uconn"	"conn00174272"	"princeton. mt. wachusett"	42.45	-71.88333	"united states"	"massachusetts"	"worcester county"	"princeton"	20000	"pinaceae"	"tsuga"	"canadensis"	NA	"tsuga canadensis (l.) carr."
"36c7b5d0-af35-46b1-bbc0-ed14b5b97e30"	"uconn"	"conn00048470"	NA	42.23333	-71.98333	"united states"	"massachusetts"	"worcester county"	"spencer"	NA	"pinaceae"	"tsuga"	"canadensis"	NA	"tsuga canadensis (l.) carr."
"3777ab4a-9fab-46e3-8c31-f8545000ae0b"	"ny"	"64188"	"new baltimore"	42.446192	-73.788458	"united states"	"new york"	"greene co."	NA	NA	"pinaceae"	"tsuga"	"canadensis"	NA	"tsuga canadensis (l.) carrière"
"3820f9ad-2449-49c2-a66e-da8ee7b889f8"	"uconn"	"conn00012589"	"west mountain road"	41.86166	-72.90972	"united states"	"connecticut"	"hartford county"	"canton"	20000	"pinaceae"	"tsuga"	"canadensis"	NA	"tsuga canadensis engelm."
"38f1a627-5056-44c9-9e77-544804f1b784"	"ny"	"01132398"	"ca 800m s of hub city"	43.4679411	-90.3554811	"united states"	"wisconsin"	"richland co."	NA	NA	"pinaceae"	"tsuga"	"canadensis"	NA	"tsuga canadensis (l.) carrière"
"39205c34-b4ad-4831-ad73-242b6671658d"	"ny"	"978149"	"lacawac sanctuary, ridge e of lodge, above wallenpaupack ledges, paupack township"	41.38	-75.28	"united states"	"pennsylvania"	"wayne co."	NA	NA	"pinaceae"	"tsuga"	"canadensis"	NA	"tsuga canadensis (l.) carrière"
"397dde76-2243-46c2-8b9a-956119f8508c"	"utc"	"utc00230649"	"cultivated; kennett square.  longwood gardens.  intersection of route 1 and route 52.  quad j-12 to the south across the asphalt dri"	39.8716667	-75.675	"united states"	"pennsylvania"	"chester"	NA	NA	"pinaceae"	"tsuga"	"canadensis"	NA	"tsuga canadensis"
"3a80d6b0-1a7b-45cd-9039-dd56df3dac52"	"ny"	"579217"	"daniel boone national forest, 4 miles e of stearns and us 27 on e. apple tree rd,"	36.72133	-84.41117	"united states"	"kentucky"	"mccreary co."	NA	NA	"pinaceae"	"tsuga"	"canadensis"	NA	"tsuga canadensis (l.) carrière"
"3d9c9b46-726c-43e8-9bc6-75f78259ff17"	"uconn"	"conn00028141"	NA	42.53333	-71.11666	"united states"	"massachusetts"	"middlesex county"	"reading"	NA	"pinaceae"	"tsuga"	"canadensis"	NA	"tsuga canadensis engelm."
"3e512510-f24d-49f7-9093-66daf5ae1f07"	"uconn"	"conn00012583"	NA	41.985	-73.42277	"united states"	"connecticut"	"litchfield county"	"salisbury"	NA	"pinaceae"	"tsuga"	"canadensis"	NA	"tsuga canadensis engelm."
"3e52ea3f-5e8d-4c89-9deb-d651ee3c8648"	"uconn"	"conn00012582"	NA	42.005	-72.94861	"united states"	"connecticut"	"hartford county"	"hartland"	NA	"pinaceae"	"tsuga"	"canadensis"	NA	"tsuga canadensis engelm."
"4182f34f-1f2d-4247-8e76-2edad375b8f8"	"uconn"	"conn00174293"	"leominster"	42.525	-71.75972	"united states"	"massachusetts"	"worcester county"	"leominster"	5000	"pinaceae"	"tsuga"	"canadensis"	NA	"tsuga canadensis (l.) carr."
"4189c006-7e92-44ed-beba-e70e5c9e004c"	"uconn"	"conn00174261"	"clinton. bolton line."	42.41666	-71.66666	"united states"	"massachusetts"	"worcester county"	"clinton"	20000	"pinaceae"	"tsuga"	"canadensis"	NA	"tsuga canadensis (l.) carr."
"4193dd5c-945f-4d8c-af74-dca5f9a9b150"	"lsu"	"lsu00071750"	"glycerine hollow, black rock forest, cornwall-on-hudson."	41.4	-74	"united states"	"new york"	"orange county"	NA	NA	"pinaceae"	"tsuga"	"canadensis"	NA	"tsuga canadensis"
"4195bfba-c2db-4525-8d43-7ff69285df4a"	"ny"	"1043408"	"rutgers university campus, betweeen greenhouse lane and nichol avenue."	40.4831	-74.4389	"united states"	"new jersey"	"middlesex co."	NA	NA	"pinaceae"	"tsuga"	"canadensis"	NA	"tsuga canadensis (l.) carrière"
"44c0a98c-22aa-4817-803c-ee850da07c8d"	"mwi"	"mwi00051927"	"ramsey village, 7880 route 44, 7 miles north on route 44"	41.57778	-75.125	"united states"	"pennsylvania"	"lycoming"	"ramsey village"	10	"pinaceae"	"tsuga"	"canadensis"	NA	"tsuga canadensis"
"44fd7949-800b-4741-b3ca-922ef91df858"	"uconn"	"conn00170698"	"millbury"	42.19388	-71.76	"united states"	"massachusetts"	"worcester county"	"millbury"	5000	"pinaceae"	"tsuga"	"canadensis"	NA	"tsuga canadensis engelm."
"463f95e6-02f5-4124-a836-9291e1e273a2"	"ny"	"842167"	"the new york botanical garden. on slope above the e side of the bronx river."	40.86317	-73.87375	"united states"	"new york"	"bronx co."	NA	NA	"pinaceae"	"tsuga"	"canadensis"	NA	"tsuga canadensis (l.) carrière"
"46de9862-076f-4df6-8b5a-e8bbf595bf2d"	"uconn"	"conn00174276"	"new braintree"	42.31666	-72.13333	"united states"	"massachusetts"	"worcester county"	"new braintree"	5000	"pinaceae"	"tsuga"	"canadensis"	NA	"tsuga canadensis (l.) carr."
"47630788-5211-4f3e-ba91-8f20e90b1c3b"	"uconn"	"conn00012600"	"bartlett arboretum"	41.13472	-73.55	"united states"	"connecticut"	"fairfield county"	"stamford"	20000	"pinaceae"	"tsuga"	"canadensis"	NA	"tsuga canadensis 'curtis spreader'"
"476c0f19-20df-41bf-ac3e-1f22e8791ac7"	"ypm"	"yu.049034"	"east rock park, 25 feet from nw corner of automobile bridge"	41.3114	-72.9247	"united states"	"connecticut"	"new haven county"	"new haven"	7484	"pinaceae"	"tsuga"	"canadensis"	NA	"tsuga canadensis"
"48aafe6e-979e-44ce-b147-57dce27942d6"	"dek"	"dek000091135"	"northern illinois university"	41.9375	-88.77583	"united states"	"illinois"	"dekalb"	"dekalb"	1899	"pinaceae"	"tsuga"	"canadensis"	NA	"tsuga canadensis"
"48e22e65-cafa-4cba-ab30-1c4bf03eab1b"	"uconn"	"conn00109573"	"new hartford. edge of old logging road"	41.86886	-72.94733	"united states"	"connecticut"	"litchfield county"	"new hartford"	1	"pinaceae"	"tsuga"	"canadensis"	NA	"tsuga canadensis engelm."
"49298df9-e4ba-4e98-bb80-ec77f4ef850f"	"wis"	"v0217860wis"	"lighthouse bay beach"	46.9583333	-90.93333	"united states"	"wisconsin"	"bayfield"	NA	NA	"pinaceae"	"tsuga"	"canadensis"	NA	"tsuga canadensis"
"495f2c7f-78a4-4882-b4ae-791244258299"	"uconn"	"conn00039245"	"redding ridge, meekers hill road & valley road"	41.31694	-73.35388	"united states"	"connecticut"	"fairfield county"	"redding"	20000	"pinaceae"	"tsuga"	"canadensis"	NA	"tsuga canadensis engelm."
"4bbf1d79-eeef-4382-997d-a90b0ae28197"	"uconn"	"conn00012592"	"bartlett arboretum"	41.13472	-73.55	"united states"	"connecticut"	"fairfield county"	"stamford"	20000	"pinaceae"	"tsuga"	"canadensis"	NA	"tsuga canadensis 'kelsey's weeping'"
"4e47ac9c-07bc-48c3-8998-3eda4bfa2c5a"	"wis"	"v0217817wis"	"site 49"	47	-90.55	"united states"	"wisconsin"	"ashland"	NA	NA	"pinaceae"	"tsuga"	"canadensis"	NA	"tsuga canadensis"
"4f8af521-3dbc-48e7-9abe-1b92cfd23375"	"uconn"	"conn00012614"	NA	44.39722	-71.07555	"united states"	"new hampshire"	"coos county"	"shelburne"	NA	"pinaceae"	"tsuga"	"canadensis"	NA	"tsuga canadensis engelm."
"4fbbc29b-1b72-44e1-bdeb-a99a97d28101"	"ku"	"351434"	"franklin, 11 mi w"	35.1683333	-83.5805556	"united states"	"north carolina"	"macon"	NA	NA	"pinaceae"	"tsuga"	"canadensis"	NA	"tsuga canadensis"
"509ee338-8701-436b-87e9-32358084c95a"	"uconn"	"conn00170695"	"brookfield"	42.21388	-72.10222	"united states"	"massachusetts"	"worcester county"	"brookfield"	5000	"pinaceae"	"tsuga"	"canadensis"	NA	"tsuga canadensis engelm."
"510f8dfd-c29d-40a7-92af-7f28d9b43881"	"uconn"	"conn00174301"	"webster. peninsula in webster lake (breezy point)"	42.05	-71.88	"united states"	"massachusetts"	"worcester county"	"webster"	5000	"pinaceae"	"tsuga"	"canadensis"	NA	"tsuga canadensis (l.) carr."
"51405ca6-d8c3-4b68-94f3-628b5653857f"	"ny"	"72201"	"mianus river gorge, westchester county, new york and fairfield county, connecticut."	41.1774	-73.6175	"united states"	NA	NA	NA	NA	"pinaceae"	"tsuga"	"canadensis"	NA	"tsuga canadensis (l.) carrière"
"5354caf1-adba-43b8-af2a-91f44b1ace6a"	"uconn"	"conn00012610"	NA	42.38333	-72.61666	"united states"	"massachusetts"	"hampshire county"	"hatfield"	NA	"pinaceae"	"tsuga"	"canadensis"	NA	"tsuga canadensis engelm."
"54689d2b-1946-4e1e-bd93-5abf6a0b4ab9"	"ypm"	"yu.047195"	"yale school of forestry, marsh hill lawn"	41.3114	-72.9247	"united states"	"connecticut"	"new haven county"	"new haven"	7484	"pinaceae"	"tsuga"	"canadensis"	NA	"tsuga canadensis"
"54cb6070-9ff3-421b-a208-a4e90f830164"	"ny"	"1206116"	"elk state forest, fourmile run rd., 3.25 mi n of jct w/ pa 155, e shore fourmile run"	41.5922	-78.2528	"united states"	"pennsylvania"	"cameron co."	NA	NA	"pinaceae"	"tsuga"	"canadensis"	NA	"tsuga canadensis (l.) carrière"
"54da2447-9999-43c3-8fb5-14d9ac7e1b38"	"ny"	"1117807"	"ferncliff wildflower and wildlife preserve, 0-2 mi n of bald eagle rd., along fernglen rd. (gated), 0.75 mi ne of drumore"	39.8	-76.2556	"united states"	"pennsylvania"	"lancaster co."	NA	NA	"pinaceae"	"tsuga"	"canadensis"	NA	"tsuga canadensis (l.) carrière"
"54f1d721-a297-4ee7-9bc5-50c6a7dec4c0"	"cmc"	"cmc00001845"	"[no precise location]"	43.589829	-84.777617	"united states"	"michigan"	"isabella"	NA	969	"pinaceae"	"tsuga"	"canadensis"	NA	"tsuga canadensis"
"5615296d-40a9-4d4a-9ed1-5ba0cb1b46d6"	"uconn"	"conn00028142"	NA	42.53333	-71.11666	"united states"	"massachusetts"	"middlesex county"	"reading"	NA	"pinaceae"	"tsuga"	"canadensis"	NA	"tsuga canadensis engelm."
"564db180-027a-4fda-bc98-6102c8260413"	"dek"	"dek000091125"	"south of south lake"	42.013983	-86.515077	"united states"	"michigan"	"berrien"	"stevensville"	9046	"pinaceae"	"tsuga"	"canadensis"	NA	"tsuga canadensis"
"571df6e5-a39f-47ac-84d0-806bcf0c80b7"	"uconn"	"conn00012563"	"bartlett arboretum"	41.13472	-73.55	"united states"	"connecticut"	"fairfield county"	"stamford"	20000	"pinaceae"	"tsuga"	"canadensis"	NA	"tsuga canadensis 'ruggi'"
"58134421-8d13-4cc2-840d-2e9e727d7894"	"ny"	"64108"	"near biltmore"	35.59435	-77.430878	"united states"	"north carolina"	"pitt co."	NA	NA	"pinaceae"	"tsuga"	"canadensis"	NA	"tsuga canadensis (l.) carrière"
"58bd129e-aa5c-4f15-868f-2c7fb5e95887"	"uconn"	"conn00012576"	NA	41.30444	-73.39333	"united states"	"connecticut"	"fairfield county"	"redding"	NA	"pinaceae"	"tsuga"	"canadensis"	NA	"tsuga canadensis engelm."
"5962ee2b-d497-429a-bd97-69c09f422cc8"	"ny"	"64141"	"new baltimore"	42.446192	-73.788458	"united states"	"new york"	"greene co."	NA	NA	"pinaceae"	"tsuga"	"canadensis"	NA	"tsuga canadensis (l.) carrière"
"5a66d8e4-ae2e-4205-a176-635c017422b5"	"uconn"	"conn00012604"	"bartlett arboretum"	41.13472	-73.55	"united states"	"connecticut"	"fairfield county"	"stamford"	20000	"pinaceae"	"tsuga"	"canadensis"	NA	"tsuga canadensis 'cinnamomea'"
"5a7b28fe-0d17-42d7-92e4-5c7d4875eb5e"	"cmc"	"cmc00001827"	"[no precise location]"	43.589829	-84.777617	"united states"	"michigan"	"isabella"	NA	969	"pinaceae"	"tsuga"	"canadensis"	NA	"tsuga canadensis"
"5b3ea795-448b-431d-8d50-0cad6e12eaad"	"uconn"	"conn00174273"	"oakham"	42.35277	-72.04527	"united states"	"massachusetts"	"worcester county"	"oakham"	5000	"pinaceae"	"tsuga"	"canadensis"	NA	"tsuga canadensis (l.) carr."
"5b8c8e53-39b2-4adc-bc63-d09139f603a3"	"uconn"	"conn00174254"	"rutland"	42.38333	-71.96666	"united states"	"massachusetts"	"worcester county"	"rutland"	5000	"pinaceae"	"tsuga"	"canadensis"	NA	"tsuga canadensis (l.) carr."
"5e656310-382c-40e3-a28c-1d1adc80f50d"	"uconn"	"conn00174286"	"harvard"	42.51666	-72.58277	"united states"	"massachusetts"	"worcester county"	"harvard"	5000	"pinaceae"	"tsuga"	"canadensis"	NA	"tsuga canadensis (l.) carr."
"5eeaa6f6-40ab-4a67-967e-171a8f97eed7"	"ny"	"64073"	"north of pentwater"	43.805317	-86.428497	"united states"	"michigan"	"oceana co."	NA	NA	"pinaceae"	"tsuga"	"canadensis"	NA	"tsuga canadensis (l.) carrière"
"5fc779f4-c803-418b-96d1-5228b2623157"	"ku"	"322250"	"springwater, ca 4 mi nne along bald hill rd (rte 15a)"	42.6917	-77.5832977	"united states"	"new york"	"ontario"	NA	NA	"pinaceae"	"tsuga"	"canadensis"	NA	"tsuga canadensis"
"6053740c-72fa-4262-b051-9681e8fb2c12"	"uconn"	"conn00039977"	NA	42.35	-71.71666	"united states"	"massachusetts"	"worcester county"	"boylston"	NA	"pinaceae"	"tsuga"	"canadensis"	NA	"tsuga canadensis engelm."
"61288063-1953-4fbe-84c7-01ec3af3692e"	"uconn"	"conn00174271"	"fitchburg. route 2 near westminster boundary."	42.58333	-71.80222	"united states"	"massachusetts"	"worcester county"	"fitchburg"	5000	"pinaceae"	"tsuga"	"canadensis"	NA	"tsuga canadensis (l.) carr."
"628ed34d-8eba-4b76-b50e-a7434ceaf584"	"utc"	"utc00230066"	"cultivated; kennett square  pennsylvania. longwood gardens. intersection of route 1 and route 52. quad r-11 carriage shed."	39.8716667	-75.6747222	"united states"	"pennsylvania"	"chester"	NA	NA	"pinaceae"	"tsuga"	"canadensis"	NA	"tsuga canadensis"
"65cec361-ad30-455e-a772-dafd591fc314"	"uconn"	"conn00174266"	"athol"	42.58333	-72.21666	"united states"	"massachusetts"	"worcester county"	"athol"	20000	"pinaceae"	"tsuga"	"canadensis"	NA	"tsuga canadensis (l.) carr."
"68b56f18-e6c6-41b5-b265-4f6c111c3625"	"uconn"	"conn00174297"	"templeton"	42.55555	-72.0675	"united states"	"massachusetts"	"worcester county"	"templeton"	5000	"pinaceae"	"tsuga"	"canadensis"	NA	"tsuga canadensis (l.) carr."
"68f8bf19-a3b3-41f3-bb6d-9df320b328a3"	"uconn"	"conn00077815"	NA	41.77527	-72.52472	"united states"	"connecticut"	"hartford county"	"manchester"	20000	"pinaceae"	"tsuga"	"canadensis"	NA	"tsuga canadensis engelm."
"68faaff9-0366-4852-b9f9-342b5f9d4981"	"uconn"	"conn00174281"	"sterling"	42.4375	-71.76055	"united states"	"massachusetts"	"worcester county"	"sterling"	5000	"pinaceae"	"tsuga"	"canadensis"	NA	"tsuga canadensis (l.) carr."
"69d3f97b-c44a-491b-9876-f524f71baa81"	"dek"	"dek000091134"	"dekalb county"	41.91667	-88.75028	"united states"	"illinois"	"dekalb"	NA	14542	"pinaceae"	"tsuga"	"canadensis"	NA	"tsuga canadensis"
"6a6ae2aa-092d-4927-ad52-8ffebd7ba17a"	"uconn"	"conn00012579"	"willington spruce bog"	41.88527	-72.26194	"united states"	"connecticut"	"tolland county"	"willington"	5000	"pinaceae"	"tsuga"	"canadensis"	NA	"tsuga canadensis engelm."
"6b5060ba-bc0a-4578-9ca1-4bd8c646e3d6"	"ypm"	"cbs.029240"	NA	41.5583	-73.036	"united states"	"connecticut"	"new haven county"	"waterbury"	6630	"pinaceae"	"tsuga"	"canadensis"	NA	"tsuga canadensis"
"6d050028-5ec6-4e31-a9d9-b7caac870473"	"ny"	"01087640"	"ca 7 km (by air) w of new york/connecticut state border and ca 10 km (by air) n of putnam/westchester county border, ice pond conservation area, e of ice pond road, n of route 312 and w of ice pond"	41.4518781	-73.6218269	"united states"	"new york"	"putnam co."	NA	NA	"pinaceae"	"tsuga"	"canadensis"	NA	"tsuga canadensis (l.) carrière"
"6d2dda73-0516-4a05-8c90-d70047a3ab90"	"uconn"	"conn00174284"	"gardner"	42.575	-71.99805	"united states"	"massachusetts"	"worcester county"	"gardner"	5000	"pinaceae"	"tsuga"	"canadensis"	NA	"tsuga canadensis (l.) carr."
"6fafb258-248f-4565-ae7b-c047040cbd25"	"uconn"	"conn00174267"	"athol"	42.58333	-72.21666	"united states"	"massachusetts"	"worcester county"	"athol"	20000	"pinaceae"	"tsuga"	"canadensis"	NA	"tsuga canadensis (l.) carr."
"717cee2f-88cc-4010-b4cf-4d1ce08db079"	"uconn"	"conn00174282"	"lunenburg"	42.59444	-71.72444	"united states"	"massachusetts"	"worcester county"	"lunenburg"	20000	"pinaceae"	"tsuga"	"canadensis"	NA	"tsuga canadensis (l.) carr."
"727cf4ec-3172-46fa-a31b-17c4c5344520"	"uconn"	"conn00174299"	"uxbridge. in vicinity of lackey dam pond, old road to douglas near northbridge boundary."	42.07722	-71.62944	"united states"	"massachusetts"	"worcester county"	"uxbridge"	5000	"pinaceae"	"tsuga"	"canadensis"	NA	"tsuga canadensis (l.) carr."
"72f98967-2dbe-47c9-b09f-8d8f2f460020"	"uconn"	"conn00042063"	"grissom road"	41.76777	-72.75444	"united states"	"connecticut"	"hartford county"	"west hartford"	20000	"pinaceae"	"tsuga"	"canadensis"	NA	"tsuga canadensis engelm."
"73b50918-b50d-495c-ab61-0523c831b6f8"	"ny"	"532907"	"1 mile e of hwy. 1 on road to greenland point, 3 miles  e of center of danforth"	45.65	-67.8	"united states"	"maine"	"washington co."	NA	NA	"pinaceae"	"tsuga"	"canadensis"	NA	"tsuga canadensis (l.) carrière"
"740dca4c-9e65-45f9-a687-cd7ca034e501"	"uconn"	"conn00174304"	"westborough"	42.26944	-71.61611	"united states"	"massachusetts"	"worcester county"	"westborough"	5000	"pinaceae"	"tsuga"	"canadensis"	NA	"tsuga canadensis (l.) carr."
"742a2f64-d7c7-41fb-8c86-cc10c3e098fb"	"uconn"	"conn00032425"	NA	42.08333	-71.03333	"united states"	"massachusetts"	"plymouth county"	"brockton"	NA	"pinaceae"	"tsuga"	"canadensis"	NA	"tsuga canadensis engelm."
"74d63c63-1434-4950-a96a-4e0a9c9938b1"	"ny"	"1070773"	"monongahela national forest. sw of thomas, along forest road 18/west virginia country road 27, on north slope above the north fork of the blackwater river"	39.12045	-79.523669	"united states"	"west virginia"	"tucker co."	NA	NA	"pinaceae"	"tsuga"	"canadensis"	NA	"tsuga canadensis (l.) carrière"
"74f365c2-f90f-41bf-ab0a-1dad76e5706d"	"uconn"	"conn00012562"	"bartlett arboretum"	41.13472	-73.55	"united states"	"connecticut"	"fairfield county"	"stamford"	20000	"pinaceae"	"tsuga"	"canadensis"	NA	"tsuga canadensis 'plainview'"
"76332be9-e2c6-4b41-81c8-9a0fafb5800a"	"uconn"	"conn00170701"	"concord. 103 monsen road"	42.46027	-71.34944	"united states"	"massachusetts"	"middlesex county"	"concord"	5000	"pinaceae"	"tsuga"	"canadensis"	NA	"tsuga canadensis engelm."
"769da220-dfb8-4ea8-b07f-ed67a539b3f7"	"uconn"	"conn00174280"	"spencer"	42.24388	-71.99222	"united states"	"massachusetts"	"worcester county"	"spencer"	5000	"pinaceae"	"tsuga"	"canadensis"	NA	"tsuga canadensis (l.) carr."
"76af9dea-c488-4fd4-98bb-d8f05b56bc36"	"uconn"	"conn00046414"	"greenville. off road west of greenville"	41.35944	-74.6375	"united states"	"new york"	"orange county"	"greenville"	1	"pinaceae"	"tsuga"	"canadensis"	NA	"tsuga canadensis (l.) carr."
"76b3a1f0-9f63-4f50-896c-4029357a52ad"	"uconn"	"conn00039980"	NA	42.13333	-71.55	"united states"	"massachusetts"	"worcester county"	"hopedale"	NA	"pinaceae"	"tsuga"	"canadensis"	NA	"tsuga canadensis engelm."
"77498c0f-ffa5-431f-af71-abcd743e0367"	"uconn"	"conn00012586"	NA	41.18638	-73.19611	"united states"	"connecticut"	"fairfield county"	"bridgeport"	NA	"pinaceae"	"tsuga"	"canadensis"	NA	"tsuga canadensis engelm."
"774a3165-c058-49b7-ae0e-da36f891ed47"	"uconn"	"conn00174300"	"warren"	42.2125	-72.19111	"united states"	"massachusetts"	"worcester county"	"warren"	5000	"pinaceae"	"tsuga"	"canadensis"	NA	"tsuga canadensis (l.) carr."
"7897703f-8ce1-4227-b21c-fb5d7dd63bbe"	"ny"	"64139"	"windham"	42.307306	-74.252089	"united states"	"new york"	"greene co."	NA	NA	"pinaceae"	"tsuga"	"canadensis"	NA	"tsuga canadensis (l.) carrière"
"78a9d7d8-7b6f-45b0-86b4-fa153e29421d"	"uconn"	"conn00042062"	"gurleyville road near fenton river"	41.81027	-72.22027	"united states"	"connecticut"	"tolland county"	"mansfield"	5000	"pinaceae"	"tsuga"	"canadensis"	NA	"tsuga canadensis engelm."
"7a5d0e99-7679-4a84-b706-7ea68c164f51"	"uconn"	"conn00140014"	"wet woods near negro sawmill brook, west of route 102"	41.72111	-71.70361	"united states"	"rhode island"	"kent county"	"coventry"	1	"pinaceae"	"tsuga"	"canadensis"	NA	"tsuga canadensis engelm."
"7b636b97-8b67-4781-a12b-97ac1f840ec2"	"ny"	"621798"	"long island. hampton bays, sunrise hwy. 0.5 mile west of exit 65, south of highway near rest area. elevation near sea level"	40.86888889	-72.51805556	"united states"	"new york"	"suffolk co."	NA	NA	"pinaceae"	"tsuga"	"canadensis"	NA	"tsuga canadensis (l.) carrière"
"7b8ce696-9513-44a8-9f76-4d952bdca453"	"uconn"	"conn00012598"	"bartlett arboretum"	41.13472	-73.55	"united states"	"connecticut"	"fairfield county"	"stamford"	20000	"pinaceae"	"tsuga"	"canadensis"	NA	"tsuga canadensis 'fantana'"
"7b917c4d-fc61-4125-9b8c-18a0835c0fe0"	"ny"	"842018"	"rest area along hwy. 17, 4.5 miles nw of exit 82 for maclure and sanford, and just sw of deer lake."	42.0544	-75.5561	"united states"	"new york"	"broome co."	NA	NA	"pinaceae"	"tsuga"	"canadensis"	NA	"tsuga canadensis (l.) carrière"
"7bd38a48-eded-45d7-ac03-36003c9d8615"	"uconn"	"conn00174274"	"oxford, massachusetts"	42.13333	-71.86611	"united states"	"massachusetts"	"worcester county"	"oxford"	5000	"pinaceae"	"tsuga"	"canadensis"	NA	"tsuga canadensis (l.) carr."
"7c95761a-064d-427c-a473-47aaa81a3550"	"uconn"	"conn00012569"	"bartlett arboretum"	41.13472	-73.55	"united states"	"connecticut"	"fairfield county"	"stamford"	20000	"pinaceae"	"tsuga"	"canadensis"	NA	"tsuga canadensis 'warner globe'"
"7cd0b479-76cc-46c5-ac88-f3def62357f2"	"uconn"	"conn00142465"	"scotland"	41.69833	-72.08138	"united states"	"connecticut"	"windham county"	"scotland"	5000	"pinaceae"	"tsuga"	"canadensis"	NA	"tsuga canadensis engelm."
"7d2f83f2-172c-4392-bc25-84ae64dc5c22"	"uconn"	"conn00154351"	"in woods of george b. parker wildlife reserve, near blue trail"	41.72358	-71.69855	"united states"	"rhode island"	"kent county"	"coventry"	1	"pinaceae"	"tsuga"	"canadensis"	NA	"tsuga canadensis engelm."
"7ee95dfc-9f5a-4f93-ac05-eee35947c7a8"	"ny"	"01400854"	"n suburbs of lansing, 311 buck run, property of james l. reveal and c. rose broome"	42.553669	-76.507017	"united states"	"new york"	"tompkins co."	NA	NA	"pinaceae"	"tsuga"	"canadensis"	NA	"tsuga canadensis (l.) carrière"
"8047ceac-05f4-4132-bb01-d73c8876ffc4"	"uconn"	"conn00012568"	"bartlett arboretum"	41.13472	-73.55	"united states"	"connecticut"	"fairfield county"	"stamford"	20000	"pinaceae"	"tsuga"	"canadensis"	NA	"tsuga canadensis 'verkade witches brew'"
"82257f2e-9e3f-419e-8449-61b950423f6b"	"uconn"	"conn00040004"	"slab city tract, harvard forest, petersham"	42.50833	-72.20833	"united states"	"massachusetts"	"worcester county"	"petersham"	20000	"pinaceae"	"tsuga"	"canadensis"	NA	"tsuga canadensis engelm."
"827db562-f8fd-42d7-8d3f-5448ea2844e2"	"ny"	"01844572"	"grounds of the new york botanical garden, forest grid number 101"	40.865817	-73.876483	"united states"	"new york"	"bronx co."	NA	NA	"pinaceae"	"tsuga"	"canadensis"	NA	"tsuga canadensis (l.) carrière"
"83ad77b8-d4a0-48dc-92fc-de011be07bd5"	"ku"	"159396"	"gilmanton"	43.42417	-71.415	"united states"	"new hampshire"	"belknap"	NA	NA	"pinaceae"	"tsuga"	"canadensis"	NA	"tsuga canadensis"
"86242448-955c-43b6-a4c0-f07726cebfc5"	"wis"	"v0217816wis"	"site 22"	46.95	-90.63333	"united states"	"wisconsin"	"ashland"	NA	NA	"pinaceae"	"tsuga"	"canadensis"	NA	"tsuga canadensis"
"86710215-a6f6-4232-b4a3-9c274589795c"	"uconn"	"conn00174263"	"east brookfield"	42.22916	-72.05083	"united states"	"massachusetts"	"worcester county"	"east brookfield"	5000	"pinaceae"	"tsuga"	"canadensis"	NA	"tsuga canadensis (l.) carr."
"891cb3ae-c7e9-4e39-b4b2-ed4dd50920fa"	"uconn"	"conn00039986"	"lost pond at hammond pond parkway, newton center [note: lost pond is in brookline, just over the town line from newton]"	42.31388	-71.175	"united states"	"massachusetts"	"norfolk county"	"brookline"	20000	"pinaceae"	"tsuga"	"canadensis"	NA	"tsuga canadensis engelm."
"8a2dfbf6-1194-4275-8a93-4eb740636f06"	"wis"	"v0217818wis"	"site 33-34"	46.98333	-90.6	"united states"	"wisconsin"	"ashland"	NA	NA	"pinaceae"	"tsuga"	"canadensis"	NA	"tsuga canadensis"
"8b95c5c3-a54a-431f-97c2-6031ce0cdbdd"	"uconn"	"conn00048492"	"above the great swamp"	42.2	-72.05	"united states"	"massachusetts"	"worcester county"	"east brookfield"	20000	"pinaceae"	"tsuga"	"canadensis"	NA	"tsuga canadensis (l.) carr."
"8becc489-8d97-4bdc-95b0-010558c6d614"	"uconn"	"conn00012577"	NA	41.78833	-72.22944	"united states"	"connecticut"	"tolland county"	"mansfield"	NA	"pinaceae"	"tsuga"	"canadensis"	NA	"tsuga canadensis engelm."
"8bf9915b-d067-4770-b45f-eac140a850e4"	"uconn"	"conn00012594"	"bartlett arboretum"	41.13472	-73.55	"united states"	"connecticut"	"fairfield county"	"stamford"	20000	"pinaceae"	"tsuga"	"canadensis"	NA	"tsuga canadensis engelm."
"8c2804a6-4e09-412b-b4a2-05699d1f80ff"	"uconn"	"conn00012607"	NA	42.06666	-72.21666	"united states"	"massachusetts"	"hampden county"	"wales"	NA	"pinaceae"	"tsuga"	"canadensis"	NA	"tsuga canadensis engelm."
"8d7614dc-13bf-4011-9379-1cd61e7379dd"	"uconn"	"conn00089331"	"platt park. along stream bank, yellow trail to east of hemlock ravine"	41.47611	-73.23694	"united states"	"connecticut"	"new haven county"	"southbury"	3	"pinaceae"	"tsuga"	"canadensis"	NA	"tsuga canadensis engelm."
"8f1c91fb-0b5e-4f53-b2e3-6346828153b3"	"uconn"	"conn00012575"	NA	41.71111	-72.16805	"united states"	"connecticut"	"windham county"	"windham"	NA	"pinaceae"	"tsuga"	"canadensis"	NA	"tsuga canadensis engelm."
"8f6dd1a2-0618-4027-ac11-359dff20fb8d"	"mwi"	"mwi00051909"	"mildred, 2 miles southwest, joe stabryla's property"	42.18611	-74.38611	"united states"	"pennsylvania"	"sullivan"	"mildred"	10	"pinaceae"	"tsuga"	"canadensis"	NA	"tsuga canadensis"
"908e417b-6691-40a2-907f-b3a6bdc48329"	"uconn"	"conn00014078"	"mystic pond"	41.67916	-70.41527	"united states"	"massachusetts"	"barnstable county"	"barnstable, marstons mills"	20000	"pinaceae"	"tsuga"	"canadensis"	NA	"tsuga canadensis engelm."
"91e4f8cb-e83b-44d6-b71f-2b8e5b47df7e"	"uconn"	"conn00012617"	NA	39.8375	-77.555	"united states"	"pennsylvania"	"franklin county"	"quincy, mont alto"	20000	"pinaceae"	"tsuga"	"canadensis"	NA	"tsuga canadensis engelm."
"9302e939-df0b-4084-b3fd-43bded94233c"	"uconn"	"conn00012588"	"talcott forest road"	41.72777	-72.84083	"united states"	"connecticut"	"hartford county"	"farmington"	20000	"pinaceae"	"tsuga"	"canadensis"	NA	"tsuga canadensis engelm."
"93328248-f4b9-4c1e-b9b2-feaebd07389f"	"wis"	"v0217814wis"	"site 18-19"	47.03333	-90.63333	"united states"	"wisconsin"	"ashland"	NA	NA	"pinaceae"	"tsuga"	"canadensis"	NA	"tsuga canadensis"
"94b27fb7-17ff-442f-9b4e-c5690ebf9aab"	"ny"	"64084"	"1 mile northeast of lake ariel"	41.4642	-75.3585	"united states"	"pennsylvania"	"wayne co."	NA	NA	"pinaceae"	"tsuga"	"canadensis"	NA	"tsuga canadensis (l.) carrière"
"95e9bb14-b1f2-4133-8b9e-d76fccb00a05"	"dek"	"dek000091132"	"ottawa"	41.34556	-88.8425	"united states"	"illinois"	"lasalle"	"ottawa"	5234	"pinaceae"	"tsuga"	"canadensis"	NA	"tsuga canadensis"
"96245bad-246c-4bb2-aafc-103910c4deaa"	"uconn"	"conn00170740"	"spencer"	42.24388	-71.99222	"united states"	"massachusetts"	"worcester county"	"spencer"	5000	"pinaceae"	"tsuga"	"canadensis"	NA	"tsuga canadensis engelm."
"9754cc73-3841-425c-8a18-20be83c0063c"	"cmc"	"cmc00001840"	"[no precise location]"	43.589753	-84.797609	"united states"	"michigan"	"isabella"	NA	969	"pinaceae"	"tsuga"	"canadensis"	NA	"tsuga canadensis"
"979921db-eb66-4e5f-9552-8bd0106c0c1d"	"uconn"	"conn00012602"	"bartlett arboretum"	41.13472	-73.55	"united states"	"connecticut"	"fairfield county"	"stamford"	20000	"pinaceae"	"tsuga"	"canadensis"	NA	"tsuga canadensis 'cole prostrate'"
"9856df29-b528-4ba9-8514-53160933cab8"	"uconn"	"conn00174283"	"southbridge"	42.075	-72.03333	"united states"	"massachusetts"	"worcester county"	"southbridge"	5000	"pinaceae"	"tsuga"	"canadensis"	NA	"tsuga canadensis (l.) carr."
"991e2c3f-0198-4917-9b7c-cc7350be8e1a"	"dek"	"dek000091129"	"daubner farm, door county"	45.252243	-87.019556	"united states"	"wisconsin"	"door"	NA	969	"pinaceae"	"tsuga"	"canadensis"	NA	"tsuga canadensis"
"9a3738b2-861e-4634-af83-fffd2b7c7e50"	"ny"	"842333"	"the new york botanical garden."	40.8636	-73.8736	"united states"	"new york"	"bronx co."	NA	NA	"pinaceae"	"tsuga"	"canadensis"	NA	"tsuga canadensis (l.) carrière"
"9b29d515-5d89-49c3-9d16-ec579e497152"	"ny"	"335753"	"wolf lake road, 6 miles se of rock hill, below dam, 4 miles sw of emerald green, near south shore drive"	41.5908	-74.4383	"united states"	"new york"	"sullivan co."	NA	NA	"pinaceae"	"tsuga"	"canadensis"	NA	"tsuga canadensis (l.) carrière"
"9b6baf8c-1233-4776-bbcf-49089bf6d680"	"uconn"	"conn00012559"	"bartlett arboretum"	41.13472	-73.55	"united states"	"connecticut"	"fairfield county"	"stamford"	20000	"pinaceae"	"tsuga"	"canadensis"	NA	"tsuga canadensis 'palomino'"
"9babf34b-230d-4b5a-a0fc-4ceeabfd0d87"	"uconn"	"conn00012601"	"bartlett arboretum"	41.13472	-73.55	"united states"	"connecticut"	"fairfield county"	"stamford"	20000	"pinaceae"	"tsuga"	"canadensis"	NA	"tsuga canadensis 'cole prostrate'"
"9c0525e3-9170-426f-a4fa-148629a0dabd"	"ny"	"1117785"	"state game lands no. 83, s shore of sawmill run along sawmill rd., 0.5-1.5 mi w of york furnace/confluence of sawmill run and susquehanna river"	39.875	-76.3944	"united states"	"pennsylvania"	"york co."	NA	NA	"pinaceae"	"tsuga"	"canadensis"	NA	"tsuga canadensis (l.) carrière"
"9eb98a9c-7f3c-405b-814f-a729285a2ee3"	"uconn"	"conn00012599"	"bartlett arboretum"	41.13472	-73.55	"united states"	"connecticut"	"fairfield county"	"stamford"	20000	"pinaceae"	"tsuga"	"canadensis"	NA	"tsuga canadensis engelm."
"9f6128f5-14fc-43d4-ba93-b4661e7fd7f7"	"uconn"	"conn00147822"	"pachaug state forest; woods around green falls resevoir, orange trail"	41.60138	-71.88638	"united states"	"connecticut"	"new london county"	"voluntown"	20000	"pinaceae"	"tsuga"	"canadensis"	NA	"tsuga canadensis engelm."
"9f95d35a-0e91-42e0-8288-c2bb6e15da24"	"uconn"	"conn00174255"	"royalston"	42.6775	-72.18777	"united states"	"massachusetts"	"worcester county"	"royalston"	5000	"pinaceae"	"tsuga"	"canadensis"	NA	"tsuga canadensis (l.) carr."
"a048a892-c921-40cb-896b-6fd766aa5923"	"mwi"	"mwi00055563"	"watersmeet, 5 miles west, northeast of joyce lake"	48.36389	-86.06944	"united states"	"michigan"	"gogebic"	"watersmeet"	10	"pinaceae"	"tsuga"	"canadensis"	NA	"tsuga canadensis"
"a0b69bca-9935-401c-b644-9e783d5a5ad3"	"uconn"	"conn00174285"	"hardwick"	42.36666	-72.2	"united states"	"massachusetts"	"worcester county"	"hardwick"	20000	"pinaceae"	"tsuga"	"canadensis"	NA	"tsuga canadensis (l.) carr."
"a157bb97-49d5-483e-9675-7f3fe532f3b0"	"ku"	"159391"	"blue hills reservation"	42.214543	-71.077175	"united states"	"massachusetts"	"norfolk"	NA	NA	"pinaceae"	"tsuga"	"canadensis"	NA	"tsuga canadensis"
"a1d17791-71eb-41f0-b570-93bc8a887bf0"	"uconn"	"conn00012572"	"wickham park"	41.78444	-72.5775	"united states"	"connecticut"	"hartford county"	"manchester"	20000	"pinaceae"	"tsuga"	"canadensis"	NA	"tsuga canadensis engelm."
"a21e6040-1131-439a-a597-184a25413dec"	"ypm"	"ypm pb 053235.b"	"edgerton park"	41.33444	-72.91472	"united states"	"connecticut"	"new haven county"	"new haven"	271	"pinaceae"	"tsuga"	"canadensis"	NA	"tsuga canadensis"
"a386dd94-d90a-4604-a4b9-dea2e5a41059"	"mwi"	"mwi00050626"	"macomb, western illinois university, north of waggoner hall"	41.36389	-88.75278	"united states"	"illinois"	"mcdonough"	"macomb"	10	"pinaceae"	"tsuga"	"canadensis"	NA	"tsuga canadensis"
"a499363c-f380-4eee-bf8d-02987c64b12c"	"wis"	"v0217815wis"	"site 29 [ashland co. -original in error]"	46.96667	-90.78333	"united states"	"wisconsin"	"bayfield"	NA	NA	"pinaceae"	"tsuga"	"canadensis"	NA	"tsuga canadensis"
"a5cb295c-2d1b-43ca-ae2d-882c176b861c"	"uconn"	"conn00082572"	"boston hollow"	41.93053	-72.16535	"united states"	"connecticut"	"windham county"	"westford"	NA	"pinaceae"	"tsuga"	"canadensis"	NA	"tsuga canadensis engelm."
"a5cf84ff-d62d-430d-a91e-4dc0d5a49898"	"ypm"	"yu.028843"	"branford and guilford, yale university peabody museum natural area. (richards property)"	41.2858	-72.7986	"united states"	"connecticut"	"new haven county"	"branford"	6620	"pinaceae"	"tsuga"	"canadensis"	NA	"tsuga canadensis"
"a75ce99d-b123-46dd-a3a4-0b913185f6b1"	"lsu"	"lsu00071760"	"coosa bald. cooper creek wildlife management area, chattahoochee national forest, off forest service road 39 (duncan ridge road), west of wolfpen gap on ga 180. rich, ne aspect cove."	34.7811111	-83.9680556	"united states"	"georgia"	"union county"	NA	NA	"pinaceae"	"tsuga"	"canadensis"	NA	"tsuga canadensis"
"a75fa0b1-77b4-4ced-a0f2-0027f3cfb0b8"	"uconn"	"conn00174310"	"southbridge"	42.075	-72.03333	"united states"	"massachusetts"	"worcester county"	"southbridge"	5000	"pinaceae"	"tsuga"	"canadensis"	NA	"tsuga canadensis (l.) carr."
"a7695a5f-3eec-4519-837a-007e3a178dbd"	"ypm"	"cbs.029240"	NA	41.5583	-73.036	"united states"	"connecticut"	"new haven county"	"waterbury"	6630	"pinaceae"	"tsuga"	"canadensis"	NA	"tsuga canadensis"
"a7aa9a41-239b-4864-a4d5-5b1e22a35af6"	"ny"	"72202"	"mianus river gorge."	41.1774	-73.6175	"united states"	"new york"	"westchester co."	NA	NA	"pinaceae"	"tsuga"	"canadensis"	NA	"tsuga canadensis (l.) carrière"
"a8693985-d147-457b-a3e4-f37454a9c37e"	"ny"	"01087720"	"grounds of the new york botanical garden, west and south of the native plant garden, 300-400 m west (by air) of the bronx river and 650-830 m north (by air) of fordham road / pelham parkway"	40.8602519	-73.879045	"united states"	"new york"	"bronx co."	NA	NA	"pinaceae"	"tsuga"	"canadensis"	NA	"tsuga canadensis (l.) carrière"
"a8c2a950-90ae-493a-b5f6-83b7b4ce777a"	"dek"	"dek000091133"	"allerton park"	39.998517	-88.651531	"united states"	"illinois"	"piatt"	"monticello"	3380	"pinaceae"	"tsuga"	"canadensis"	NA	"tsuga canadensis"
"a9445439-0de4-4c46-a0b6-ee6c90febd65"	"uconn"	"conn00174312"	"petersham. dana"	42.45	-71.23333	"united states"	"massachusetts"	"worcester county"	"petersham"	20000	"pinaceae"	"tsuga"	"canadensis"	NA	"tsuga canadensis (l.) carr."
"abafecfb-e57a-4a27-87c3-45187a65259e"	"uconn"	"conn00174307"	"worcester. woodland of clarence w. kinney, tatnuck"	42.27055	-71.80777	"united states"	"massachusetts"	"worcester county"	"worcester"	5000	"pinaceae"	"tsuga"	"canadensis"	NA	"tsuga canadensis (l.) carr."
"abdddf36-0991-4b3a-a30f-82e719ad3c49"	"eky"	NA	"near lodge"	37.286464	-82.293642	"united states"	"virginia"	"dickenson"	"breaks interstate park"	NA	"pinaceae"	"tsuga"	"canadensis"	NA	"tsuga canadensis"
"ad23602a-0dfa-49cc-95c6-5ffa0dddc067"	"uconn"	"conn00170696"	"west brookfield"	42.23527	-72.14111	"united states"	"massachusetts"	"worcester county"	"west brookfield"	20000	"pinaceae"	"tsuga"	"canadensis"	NA	"tsuga canadensis engelm."
"af711a4f-b2dc-4659-b07d-eb0b47e96a0b"	"ny"	"64072"	"on floodplain of the savannah river. site #78, ca. 2 miles north of s.c. 184 bridge over the savannah river. below the 475-ft. contour (full pool for proposed russell lake). area to be impounded in the mid-1980's by the u.s. army corps of engineers"	34.2792	-82.7583	"united states"	"south carolina"	"anderson co."	NA	NA	"pinaceae"	"tsuga"	"canadensis"	NA	"tsuga canadensis (l.) carrière"
"af717327-b584-467a-916c-fd868db27669"	"wis"	"v0217813wis"	"otter island"	46.96667	-90.66667	"united states"	"wisconsin"	"ashland"	NA	NA	"pinaceae"	"tsuga"	"canadensis"	NA	"tsuga canadensis"
"b00139bb-b923-465d-bb25-7cd8cfa4b4be"	"uconn"	"conn00174268"	"barre"	42.43333	-72.1	"united states"	"massachusetts"	"worcester county"	"barre"	20000	"pinaceae"	"tsuga"	"canadensis"	NA	"tsuga canadensis (l.) carr."
"b282ea84-f318-4b6b-8bd6-04f949527e2b"	"uconn"	"conn00012587"	"bartlett arboretum"	41.13472	-73.55	"united states"	"connecticut"	"fairfield county"	"stamford"	20000	"pinaceae"	"tsuga"	"canadensis"	NA	"tsuga canadensis 'young cone'"
"b2b0f1b7-06b3-4972-9872-488ab7fc76b0"	"cmc"	"cmc00001838"	"[no precise location]"	43.604358	-84.797894	"united states"	"michigan"	"isabella"	NA	969	"pinaceae"	"tsuga"	"canadensis"	NA	"tsuga canadensis"
"b384de29-fc61-4b5b-926d-0db3a8478162"	"uconn"	"conn00174303"	"west boylston"	42.36666	-71.78555	"united states"	"massachusetts"	"worcester county"	"west boylston"	5000	"pinaceae"	"tsuga"	"canadensis"	NA	"tsuga canadensis (l.) carr."
"b43e1c46-f550-4e83-a30e-431a3fa04ab2"	"uconn"	"conn00174311"	"petersham"	42.45	-71.23333	"united states"	"massachusetts"	"worcester county"	"petersham"	20000	"pinaceae"	"tsuga"	"canadensis"	NA	"tsuga canadensis (l.) carr."
"b4f7bc1f-f1f5-4e8b-8ce0-97f2167269e6"	"ku"	"353770"	"paradise, ca 4.4 mi s"	46.563	-85.043	"united states"	"michigan"	"chippewa"	NA	NA	"pinaceae"	"tsuga"	"canadensis"	NA	"tsuga canadensis"
"b9bb1853-7ef1-48e1-9ec3-473e6d234871"	"ills"	NA	"hill property; mountain rest; west side of west village creek, south of sumter national forest boundary, 1 mile southwest of mountain rest lake; northwest side of old rocky gap road (now galloway road). coordinate datum: wgs84/nad83."	34.866667	-83.183333	"united states"	"south carolina"	"oconee"	NA	NA	"pinaceae"	"tsuga"	"canadensis"	NA	"tsuga canadensis"
"baadc943-b816-48a2-a032-86647d9fc7aa"	"uconn"	"conn00012567"	"bartlett arboretum"	41.13472	-73.55	"united states"	"connecticut"	"fairfield county"	"stamford"	20000	"pinaceae"	"tsuga"	"canadensis"	NA	"tsuga canadensis 'stranger'"
"bb6dd0ad-c7e5-4f85-82d8-0eb7e7a40755"	"dbg"	NA	"denver botanic gardens, 909 york street, rocky alpine garden, upper seep"	39.73193	-104.9619	"united states"	"colorado"	"denver county"	NA	NA	"cupressaceae"	"tsuga"	"canadensis"	NA	"tsuga canadensis"
"bbad0cad-83d6-4f0b-ad97-dcbbedcea1c1"	"ny"	"01157489"	"tioga state forest, ca 14.5 km sse of wellsboro, margins of landrus road on slope above babb creek"	41.6272839	-77.2344631	"united states"	"pennsylvania"	"tioga co."	NA	NA	"pinaceae"	"tsuga"	"canadensis"	NA	"tsuga canadensis (l.) carrière"
"be14dc68-406b-43f0-8655-253fee8f0ad3"	"ny"	"1239314"	"along s. college st. and smith ave."	39.1631	-86.535	"united states"	"indiana"	"monroe co."	NA	NA	"pinaceae"	"tsuga"	"canadensis"	NA	"tsuga canadensis (l.) carrière"
"bf12f1a9-7ffe-4b3d-a44a-c99329219878"	"ny"	"1117789"	"apollo county park, north section via boyd road access, mason dixon trail along wilson run to confluence with susquehanna river"	39.9139	-76.4083	"united states"	"pennsylvania"	"york co."	NA	NA	"pinaceae"	"tsuga"	"canadensis"	NA	"tsuga canadensis (l.) carrière"
"c3692557-1a11-44c6-be99-afd5b0598540"	"dek"	"dek000091128"	"van buren state park"	42.34778	-86.30083	"united states"	"michigan"	"van buren"	"south haven"	3036	"pinaceae"	"tsuga"	"canadensis"	NA	"tsuga canadensis"
"c4e4b8f8-fa61-438e-b275-b2fb41989267"	"ny"	"1206016"	"elk state forest, e shore of chase run 0-0.5 mi n of parking area on trout run rd., n of benezette"	41.3233	-78.3931	"united states"	"pennsylvania"	"elk co."	NA	NA	"pinaceae"	"tsuga"	"canadensis"	NA	"tsuga canadensis (l.) carrière"
"c5d8d424-1d42-489b-8f0d-2ea7a29ab11b"	"uconn"	"conn00012570"	"bartlett arboretum"	41.13472	-73.55	"united states"	"connecticut"	"fairfield county"	"stamford"	20000	"pinaceae"	"tsuga"	"canadensis"	NA	"tsuga canadensis 'weaver dwarf'"
"c604112e-7339-493b-b43b-46d53b943b2f"	"cmc"	"cmc00001839"	"[no precise location]"	43.61888	-84.798007	"united states"	"michigan"	"isabella"	NA	969	"pinaceae"	"tsuga"	"canadensis"	NA	"tsuga canadensis"
"c73517c5-1192-4256-aded-9ed90f38df29"	"ny"	"64031"	"raccoon creek"	39.842847	-86.980125	"united states"	"indiana"	"putnam co."	NA	NA	"pinaceae"	"tsuga"	"canadensis"	NA	"tsuga canadensis (l.) carrière"
"c7e172b7-fb7d-47bb-b365-b773844d9ce1"	"uconn"	"conn00174256"	"paxton"	42.31111	-71.92805	"united states"	"massachusetts"	"worcester county"	"paxton"	5000	"pinaceae"	"tsuga"	"canadensis"	NA	"tsuga canadensis (l.) carr."
"c8814544-ed1d-4a6f-af58-dc5c7d4cb5b0"	"uconn"	"conn00177630"	"pascoag. east of route 100, on edge of woods bordering powerline"	41.97905	-71.75126	"united states"	"rhode island"	"providence county"	"burrillville, pascoag"	1	"pinaceae"	"tsuga"	"canadensis"	NA	"tsuga canadensis engelm."
"c9108f1a-88ff-4b31-bd99-f84a409c94bd"	"uconn"	"conn00174269"	"lunenburg"	42.59444	-71.72444	"united states"	"massachusetts"	"worcester county"	"lunenburg"	20000	"pinaceae"	"tsuga"	"canadensis"	NA	"tsuga canadensis (l.) carr."
"ca458b5b-98b0-438a-a976-5820f60bb8f4"	"utc"	"utc00257923"	"logan utah; located on utah state university campus, on the north west side of the merrill-cazier library"	41.74226	-111.8121	"united states"	"utah"	"cache"	NA	100	"pinaceae"	"tsuga"	"canadensis"	NA	"tsuga canadensis"
"cab72b89-33c1-4077-9ed5-1328978564ff"	"uconn"	"conn00174289"	"hubbardston"	42.47361	-72.00611	"united states"	"massachusetts"	"worcester county"	"hubbardston"	5000	"pinaceae"	"tsuga"	"canadensis"	NA	"tsuga canadensis (l.) carr."
"caf0f165-2192-4885-a813-1f3121b7d59e"	"ny"	"01088398"	"north of us 44-55 and east of clove rd, on margins coxing kill, at place known as ""split rock"""	41.75	-74.13	"united states"	"new york"	"ulster co."	NA	NA	"pinaceae"	"tsuga"	"canadensis"	NA	"tsuga canadensis (l.) carrière"
"cb319e47-d9f2-40b6-949e-daf76f6f74c8"	"uconn"	"conn00174296"	"templeton"	42.55555	-72.0675	"united states"	"massachusetts"	"worcester county"	"templeton"	5000	"pinaceae"	"tsuga"	"canadensis"	NA	"tsuga canadensis (l.) carr."
"cbb84419-1568-4cc0-9aa0-e97f64dba3c6"	"uconn"	"conn00012578"	NA	41.94666	-72.74166	"united states"	"connecticut"	"hartford county"	"east granby"	NA	"pinaceae"	"tsuga"	"canadensis"	NA	"tsuga canadensis engelm."
"cc3a4f9f-6e9e-4a82-9db9-7f799d9c53d2"	"ny"	"01088312"	"ca 11 km ne of lycoming, southern bluffs above lycoming creek, along lower bodines road"	41.4302619	-77.0008631	"united states"	"pennsylvania"	"lycoming co."	NA	NA	"pinaceae"	"tsuga"	"canadensis"	NA	"tsuga canadensis (l.) carrière"
"cc865730-6543-46f2-9c58-0d85da66f94c"	"ny"	"02111333"	"westchester wilderness walk, town of pound ridge, from entrance to northern loop to ca. 250 meters from the entrance. coordinates taken at entrance to trail."	41.1906	-73.5897	"united states"	"new york"	"westchester"	NA	NA	"pinaceae"	"tsuga"	"canadensis"	NA	"tsuga canadensis (l.) carrière"
"ce13e1e0-9663-4a94-b9ea-422628cb8309"	"ny"	"01844571"	"grounds of the new york botanical garden, forest grid number 101"	40.865817	-73.876483	"united states"	"new york"	"bronx co."	NA	NA	"pinaceae"	"tsuga"	"canadensis"	NA	"tsuga canadensis (l.) carrière"
"ce5ee8ba-7ed2-42b5-9b1a-c22524f1b0fb"	"uconn"	"conn00012593"	"bartlett arboretum"	41.13472	-73.55	"united states"	"connecticut"	"fairfield county"	"stamford"	20000	"pinaceae"	"tsuga"	"canadensis"	NA	"tsuga canadensis 'jervis'"
"cf27ccff-f3cc-4a63-88c4-e2e7450ec2fa"	"uconn"	"conn00174308"	"shrewsbury. about no. 240 on route 140"	42.29583	-71.71277	"united states"	"massachusetts"	"worcester county"	"shrewsbury"	5000	"pinaceae"	"tsuga"	"canadensis"	NA	"tsuga canadensis (l.) carr."
"d0a28768-1bd0-444d-b40e-f259d7c91002"	"uconn"	"conn00174260"	"douglas"	42.05416	-71.73944	"united states"	"massachusetts"	"worcester county"	"douglas"	5000	"pinaceae"	"tsuga"	"canadensis"	NA	"tsuga canadensis (l.) carr."
"d2b3e422-44d4-49d4-9158-9e6104cd81a7"	"ny"	"01087637"	"town of garrison, west of route 9 and e of route 9d, slopes above indian brook"	41.4031889	-73.9225169	"united states"	"new york"	"putnam co."	NA	NA	"pinaceae"	"tsuga"	"canadensis"	NA	"tsuga canadensis (l.) carrière"
"d2c10249-391a-4a73-9bee-b771fa9963b7"	"eiu"	NA	"nitro: ridenour memorial park; around east end of lake."	38.422222	-81.840278	"united states"	"west virginia"	"kanawha"	NA	NA	"pinaceae"	"tsuga"	"canadensis"	NA	"tsuga canadensis"
"d43b1e02-93ac-48c2-a697-cc1859bd1ba2"	"lsu"	"lsu00071761"	"cloudmont ski area, 3 miles ssw of mentone. valley head al-ga quad."	34.533	-85.6	"united states"	"alabama"	"dekalb county"	NA	NA	"pinaceae"	"tsuga"	"canadensis"	NA	"tsuga canadensis"
"d462be4e-c86e-474a-a17f-686b5be4c4e0"	"uconn"	"conn00012566"	"bartlett arboretum"	41.13472	-73.55	"united states"	"connecticut"	"fairfield county"	"stamford"	20000	"pinaceae"	"tsuga"	"canadensis"	NA	"tsuga canadensis 'stockman's dwarf'"
"d521f6e1-eddf-4576-b5a1-6ab827f4e76a"	"uconn"	"conn00174264"	"east brookfield"	42.22916	-72.05083	"united states"	"massachusetts"	"worcester county"	"east brookfield"	5000	"pinaceae"	"tsuga"	"canadensis"	NA	"tsuga canadensis (l.) carr."
"d538ea09-3497-40d6-86a1-62dc3d5b4dae"	"uconn"	"conn00012565"	"bartlett arboretum"	41.13472	-73.55	"united states"	"connecticut"	"fairfield county"	"stamford"	20000	"pinaceae"	"tsuga"	"canadensis"	NA	"tsuga canadensis 'stockman's dwarf'"
"d575b60e-7823-4645-b00c-6de0ebfe6945"	"cmc"	"cmc00001826"	"vestaburg bog, mount pleasant."	43.386323	-84.894988	"united states"	"michigan"	"montcalm"	NA	969	"pinaceae"	"tsuga"	"canadensis"	NA	"tsuga canadensis"
"d5bb0da3-e428-4221-9441-dff2631d1f8f"	"ny"	"1070792"	"monongahela national forest. s of towns of thomas and davis, w of canaan heights, along forest road 13"	39.091739	-79.449761	"united states"	"west virginia"	"tucker co."	NA	NA	"pinaceae"	"tsuga"	"canadensis"	NA	"tsuga canadensis (l.) carrière"
"d5e4ca37-f74d-46f5-9f7b-51d7ae345bdf"	"uconn"	"conn00174298"	"upton"	42.17444	-71.60222	"united states"	"massachusetts"	"worcester county"	"upton"	5000	"pinaceae"	"tsuga"	"canadensis"	NA	"tsuga canadensis (l.) carr."
"d662d60f-dc18-4eda-8c2a-6adcb4850aaf"	"uconn"	"conn00012597"	"bartlett arboretum"	41.13472	-73.55	"united states"	"connecticut"	"fairfield county"	"stamford"	20000	"pinaceae"	"tsuga"	"canadensis"	NA	"tsuga canadensis engelm."
"d83ecf76-3788-4bbe-bb32-50db52a781e7"	"uconn"	"conn00170697"	"berlin"	42.38138	-71.6375	"united states"	"massachusetts"	"worcester county"	"berlin"	5000	"pinaceae"	"tsuga"	"canadensis"	NA	"tsuga canadensis engelm."
"d94cf284-096d-451e-b9d2-5e7cb7efa709"	"cmc"	"cmc00001844"	"cathedral woods."	43.604358	-84.797894	"united states"	"michigan"	"isabella"	NA	969	"pinaceae"	"tsuga"	"canadensis"	NA	"tsuga canadensis"
"da0d66b6-297c-4202-99b0-5fc81f3a589b"	"uconn"	"conn00012595"	"bartlett arboretum"	41.13472	-73.55	"united states"	"connecticut"	"fairfield county"	"stamford"	20000	"pinaceae"	"tsuga"	"canadensis"	NA	"tsuga canadensis 'hussii'"
"da328809-464b-4fec-a33e-c4602c05d3f3"	"uconn"	"conn00012613"	NA	44.39722	-71.07555	"united states"	"new hampshire"	"coos county"	"shelburne"	NA	"pinaceae"	"tsuga"	"canadensis"	NA	"tsuga canadensis engelm."
"db2922e7-d3f7-4660-b918-031369a8a525"	"uconn"	"conn00174278"	"mendon. rear of misco works."	42.10583	-71.55222	"united states"	"massachusetts"	"worcester county"	"mendon"	3	"pinaceae"	"tsuga"	"canadensis"	NA	"tsuga canadensis (l.) carr."
"dcab3866-caf5-488f-b7ee-911727961817"	"uconn"	"conn00174306"	"winchendon, massachusetts"	42.68611	-72.04388	"united states"	"massachusetts"	"worcester county"	"winchendon"	5000	"pinaceae"	"tsuga"	"canadensis"	NA	"tsuga canadensis (l.) carr."
"dfba6112-7820-4953-b43d-67a870894258"	"uconn"	"conn00174270"	"gardner"	42.575	-71.99805	"united states"	"massachusetts"	"worcester county"	"gardner"	5000	"pinaceae"	"tsuga"	"canadensis"	NA	"tsuga canadensis (l.) carr."
"e117b138-fbc5-4346-a257-83e7508f68fb"	"wis"	"v0217820wis"	"site 47-48."	46.86667	-90.43333	"united states"	"wisconsin"	"ashland"	NA	NA	"pinaceae"	"tsuga"	"canadensis"	NA	"tsuga canadensis"
"e1f19962-34c0-410a-8f47-8bd93472dd05"	"uconn"	"conn00012612"	NA	44.39722	-71.07555	"united states"	"new hampshire"	"coos county"	"shelburne"	NA	"pinaceae"	"tsuga"	"canadensis"	NA	"tsuga canadensis engelm."
"e38f1baa-456d-4264-a6da-c482591d3806"	"uconn"	"conn00076819"	"rocky glen state park"	41.42777	-73.27944	"united states"	"connecticut"	"fairfield county"	"newtown"	5000	"pinaceae"	"tsuga"	"canadensis"	NA	"tsuga canadensis engelm."
"e9c67eae-e71b-4b61-8851-76f37083185b"	"uconn"	"conn00012606"	"bartlett arboretum"	41.13472	-73.55	"united states"	"connecticut"	"fairfield county"	"stamford"	20000	"pinaceae"	"tsuga"	"canadensis"	NA	"tsuga canadensis engelm."
"ecf686d3-4d9f-4fcb-b0cb-6e9b468b1055"	"ny"	"1795784"	"along rt. 477, just n of intersttae 80, n of loganton"	41.052322	-77.307406	"united states"	"pennsylvania"	"clinton co."	NA	NA	"pinaceae"	"tsuga"	"canadensis"	NA	"tsuga canadensis (l.) carrière"
"ecfde561-ffbe-4bd6-adc1-6545ca1f6a0e"	"uconn"	"conn00174277"	"northborough"	42.31944	-71.64111	"united states"	"massachusetts"	"worcester county"	"northborough"	5000	"pinaceae"	"tsuga"	"canadensis"	NA	"tsuga canadensis (l.) carr."
"ed48adb0-7b91-42f1-a1fc-3b0315e01f27"	"ny"	"335734"	"meinert county park, end of meinart road, ca. 6 miles w of us 31"	43.4583	-86.4558	"united states"	"michigan"	"muskegon co."	NA	NA	"pinaceae"	"tsuga"	"canadensis"	NA	"tsuga canadensis (l.) carrière"
"edef6aa5-5eb7-40df-b33d-240aea19c6e6"	"dek"	"dek000091126"	"wiezel cabin, heart lake"	44.18306	-73.96917	"united states"	"new york"	"essex"	"lake placid"	288	"pinaceae"	"tsuga"	"canadensis"	NA	"tsuga canadensis"
"efb6ff8c-aeb0-4d6d-88ad-c53ee290a367"	"ny"	"42360"	"street edge at alpine lodge motel"	35.88	-82.82	"united states"	"north carolina"	"madison co."	NA	NA	"pinaceae"	"tsuga"	"canadensis"	NA	"tsuga canadensis (l.) carrière"
"f1144389-ba67-42ee-a610-ae91036364c0"	"cmc"	"cmc00001833"	"[no precise location]"	43.590136	-84.897745	"united states"	"michigan"	"isabella"	NA	969	"pinaceae"	"tsuga"	"canadensis"	NA	"tsuga canadensis"
"f1ce7e73-06ff-4459-8721-4eff4b0c02f5"	"uconn"	"conn00174257"	"petersham. harvard forest."	42.45	-71.23333	"united states"	"massachusetts"	"worcester county"	"petersham"	20000	"pinaceae"	"tsuga"	"canadensis"	NA	"tsuga canadensis (l.) carr."
"f1f38f0b-e056-492a-8e24-22fe06d09aa8"	"wis"	"v0217810wis"	"judziewicz tract"	45.08333	-88.38333	"united states"	"wisconsin"	"oconto"	NA	NA	"pinaceae"	"tsuga"	"canadensis"	NA	"tsuga canadensis"
"f1f3eda7-cf39-4cbb-b799-3b5ce19052d3"	"ku"	"350174"	"mesick, 8.5 mi s, 7 mi w"	44.2827778	-85.8588889	"united states"	"michigan"	"manistee"	NA	NA	"pinaceae"	"tsuga"	"canadensis"	NA	"tsuga canadensis"
"f20f81c7-123e-473c-aec7-e08ff49ea5de"	"ny"	"978122"	"hickory run state park, boulder field natural area, ne of portion of boulder field, ca. 8 mi se of moosehead, kidder township"	41.0497	-75.6414	"united states"	"pennsylvania"	"carbon co."	NA	NA	"pinaceae"	"tsuga"	"canadensis"	NA	"tsuga canadensis (l.) carrière"
"f6976d70-4907-4815-8795-1a1e27860d7a"	"ny"	"1070701"	"ca 7 km (by air) w of new york/connecticut state border and ca 10 km (by air) n of putnam/westchester county border, ice pond conservation area, e of ice pond road, n of route 312 and w of ice pond"	41.45381	-73.618665	"united states"	"new york"	"putnam co."	NA	NA	"pinaceae"	"tsuga"	"canadensis"	NA	"tsuga canadensis (l.) carrière"
"f867bae0-b899-43a4-b91e-a9adbc37d82a"	"uconn"	"conn00012564"	"bartlett arboretum"	41.13472	-73.55	"united states"	"connecticut"	"fairfield county"	"stamford"	20000	"pinaceae"	"tsuga"	"canadensis"	NA	"tsuga canadensis 'sargentii'"
"f8836df5-7d60-4772-bc9f-450b4bf54787"	"ypm"	"ypm pb 053235.a"	"edgerton park"	41.33444	-72.91472	"united states"	"connecticut"	"new haven county"	"new haven"	271	"pinaceae"	"tsuga"	"canadensis"	NA	"tsuga canadensis"
"f8b3abfd-5c64-4be1-850f-02ef951cf916"	"uconn"	"conn00040789"	NA	42.38333	-71.63333	"united states"	"massachusetts"	"worcester county"	"berlin"	NA	"pinaceae"	"tsuga"	"canadensis"	NA	"tsuga canadensis engelm."
"fa33f7fb-74c8-4bb8-972e-b44fd2288ef2"	"wis"	"v0217811wis"	"ca. 600 m s of light and 50 m e of road"	47.06667	-90.73333	"united states"	"wisconsin"	"ashland"	NA	NA	"pinaceae"	"tsuga"	"canadensis"	NA	"tsuga canadensis"
"fb54b684-d970-4c30-8d75-4175b8eccc3c"	"wis"	"v0217819wis"	"site 17"	46.88333	-90.65	"united states"	"wisconsin"	"ashland"	NA	NA	"pinaceae"	"tsuga"	"canadensis"	NA	"tsuga canadensis"
"fcd38dd7-17e7-4c08-a330-198e7810fc83"	"uconn"	"conn00038023"	"mt. hope river, ashford"	41.88638	-72.17361	"united states"	"connecticut"	"windham county"	"ashford"	20000	"pinaceae"	"tsuga"	"canadensis"	NA	"tsuga canadensis engelm."
"fe029acd-b3ee-42cb-893e-43ce17661a1a"	"ills"	NA	"about 3.3 miles due northwest of hampden, just south of sowerdabscook river, rest area along interstate route95 -north, mile 176. coordinate datum: wgs84/nad83."	44.76535	-68.9384	"united states"	"maine"	"penobscot"	NA	NA	"pinaceae"	"tsuga"	"canadensis"	NA	"tsuga canadensis"
"ff00029e-c4e2-478f-8b57-75c51bf4433b"	"uconn"	"conn00042064"	"mount washington"	44.27055	-71.30472	"united states"	"new hampshire"	"coos county"	NA	NA	"pinaceae"	"tsuga"	"canadensis"	NA	"tsuga canadensis engelm."
